occupied_iou,semantic_miou,false_free_rate,false_occupied_rate,pred_gt_occupied_ratio,small_object_false_free,new_visible_recall,front_sector_false_free,dynamic_false_free,static_false_free,active_voxel_count,wrong_class_activation,A10_front_h6_recovery_ratio,reliability_front_sector,reliability_small_object,reliability_new_visible,risk_error_correlation,clean_occupied_iou_delta,clean_semantic_miou_delta,clean_false_positive_delta,active_voxel_count_delta,pred_gt_density_delta,wrong_class_activation_delta,C4_false_positive_delta,front_sector_false_free_rate,small_object_false_free_rate,dynamic_object_false_free_rate,future_h4_h6_false_free_rate,A10_front_h6_recovery_rate,false_positive_rate,density_drift,wrong_class_rate,clean_A0_metric_drift,repaired_camera_count,memory_age_frame,feature_distance_current_memory,repair_triggered_ratio,feature_norm_drift,model_name,sample_index,perturbation_id,horizon_s,variant_label,repaired_camera_set,repair_mode,source_time_offsets,blend_alpha,uses_future_info,uses_current_clean_same_frame,uses_gt_repair
0.2493263069644889,0.1005552544943737,0.4524772331262123,0.05967850153301519,1.7435315777361344,0.13793103448275862,0.0,0.2981191222570533,0.36538461538461536,0.45739879175057285,53033,0.10310023999736989,0.0,0.7018808777429467,0.8620689655172413,0.0,0.2981191222570533,0.0,0.0,0.0,0.0,0.0,0.0,0.0,0.2981191222570533,0.13793103448275862,0.36538461538461536,0.0,0.0,0.05967850153301519,0.0,0.10310023999736989,0.0,0,0,0.0,0.0,0.0,epoch_56_original,0,A0_clean,0,R0_degraded_native,[],native,[],,False,False,False
0.26982273795116396,0.10069627306682123,0.4054401706720211,0.06308067735962614,1.798079939762816,0.23837209302325582,0.5144415584415585,0.27879560299506134,0.33669833729216153,0.4091918221279698,57312,0.11940766769153542,0.0,0.7212043970049387,0.7616279069767442,0.5144415584415585,0.27879560299506134,0.0,0.0,0.0,0.0,0.0,0.0,0.0,0.27879560299506134,0.23837209302325582,0.33669833729216153,0.0,0.0,0.06308067735962614,0.0,0.11940766769153542,0.0,0,0,0.0,0.0,0.0,epoch_56_original,0,A0_clean,2,R0_degraded_native,[],native,[],,False,False,False
0.2593218491059747,0.0883473189868952,0.4210958654050929,0.06671871474195849,1.8112811463689191,0.10674157303370786,0.4702405688691878,0.31022691949020825,0.37858032378580325,0.42322828347464403,59535,0.13952356323587575,0.0,0.6897730805097917,0.8932584269662921,0.4702405688691878,0.31022691949020825,0.0,0.0,0.0,0.0,0.0,0.0,0.0,0.31022691949020825,0.10674157303370786,0.37858032378580325,0.4210958654050929,0.0,0.06671871474195849,0.0,0.13952356323587575,0.0,0,0,0.0,0.0,0.0,epoch_56_original,0,A0_clean,4,R0_degraded_native,[],native,[],,False,False,False
0.2148881363024177,0.06500418722958343,0.5196983867196633,0.06976248960025355,1.7154255319148937,0.26136363636363635,0.37984156681660763,0.4853628153223295,0.4596238938053097,0.5230113899435133,58695,0.12780570493336452,0.0,0.5146371846776705,0.7386363636363636,0.37984156681660763,0.4853628153223295,0.0,0.0,0.0,0.0,0.0,0.0,0.0,0.4853628153223295,0.26136363636363635,0.4596238938053097,0.5196983867196633,0.0,0.06976248960025355,0.0,0.12780570493336452,0.0,0,0,0.0,0.0,0.0,epoch_56_original,0,A0_clean,6,R0_degraded_native,[],native,[],,False,False,False
0.2253209638969469,0.08330359309949958,0.48417003649275075,0.06433414317656497,1.8051418614590524,0.5632183908045977,0.0,0.4278996865203762,0.47270471464019853,0.4848621623498368,54907,0.11592201729296117,0.0,0.5721003134796239,0.4367816091954023,0.0,0.4278996865203762,0.0,0.0,0.0,0.0,0.0,0.0,0.0,0.4278996865203762,0.5632183908045977,0.47270471464019853,0.0,0.0,0.06433414317656497,0.0,0.11592201729296117,0.0,0,0,0.0,0.0,0.0,epoch_56_original,0,A1_drop_cam_front,0,R0_degraded_native,[],native,[],,False,False,False
0.1838078718393479,0.06200402929574833,0.5910773671330866,0.06419228909798298,1.633651251803978,0.23837209302325582,0.34384415584415584,0.577186554086347,0.6128266033254157,0.5899797872692932,52071,0.10839555750768652,0.0,0.422813445913653,0.7616279069767442,0.34384415584415584,0.577186554086347,0.0,0.0,0.0,0.0,0.0,0.0,0.0,0.577186554086347,0.23837209302325582,0.6128266033254157,0.0,0.0,0.06419228909798298,0.0,0.10839555750768652,0.0,0,0,0.0,0.0,0.0,epoch_56_original,0,A1_drop_cam_front,2,R0_degraded_native,[],native,[],,False,False,False
0.1597594601709828,0.05211838953350102,0.6492135446773556,0.06473397009871017,1.5465027837780279,0.25842696629213485,0.27972480029551644,0.7109107864470003,0.523038605230386,0.6558310670292753,50832,0.10474915573945055,0.0,0.28908921355299966,0.7415730337078652,0.27972480029551644,0.7109107864470003,0.0,0.0,0.0,0.0,0.0,0.0,0.0,0.7109107864470003,0.25842696629213485,0.523038605230386,0.6492135446773556,0.0,0.06473397009871017,0.0,0.10474915573945055,0.0,0,0,0.0,0.0,0.0,epoch_56_original,0,A1_drop_cam_front,4,R0_degraded_native,[],native,[],,False,False,False
0.13362771455236874,0.042792009985278504,0.7196340893149403,0.06202375764298826,1.3784779050736498,0.3409090909090909,0.2198957047888221,0.8565867331049517,0.6244469026548672,0.7249436676235453,47166,0.08382043488426467,0.0,0.1434132668950483,0.6590909090909092,0.2198957047888221,0.8565867331049517,0.0,0.0,0.0,0.0,0.0,0.0,0.0,0.8565867331049517,0.3409090909090909,0.6244469026548672,0.7196340893149403,0.0,0.06202375764298826,0.0,0.08382043488426467,0.0,0,0,0.0,0.0,0.0,epoch_56_original,0,A1_drop_cam_front,6,R0_degraded_native,[],native,[],,False,False,False
0.23885649802520217,0.09522319164353843,0.4572114278199691,0.06349258427482393,1.8152349015353257,0.42528735632183906,0.0,0.4278996865203762,0.4472704714640198,0.45774598986181514,55214,0.09031133905381859,0.0,0.5721003134796239,0.5747126436781609,0.0,0.4278996865203762,0.013535534128255283,0.011919598544038845,-0.0008415589017410352,0.005591272515344127,0.010093040076273319,-0.02561067823914258,-0.0008415589017410352,0.4278996865203762,0.42528735632183906,0.4472704714640198,0.0,0.0,0.06349258427482393,0.010093040076273319,0.09031133905381859,0.013535534128255283,1,1,0.04657182740894231,1.0,17195.072303771973,epoch_56_original,0,A1_drop_cam_front,0,R1_replace_tminus1,['CAM_FRONT'],replace,[1],,False,False,False
0.25399827552638166,0.10037690860440464,0.4269937880404091,0.06582846318032776,1.8289514965175377,0.4186046511627907,0.4858181818181818,0.30332961605862674,0.46971496437054633,0.4245336160906591,58296,0.11065445190437347,0.0,0.6966703839413733,0.5813953488372092,0.4858181818181818,0.30332961605862674,0.07019040368703375,0.03837287930865631,0.001636174082344774,0.11954830903958057,0.19530024471355967,0.0022588943966869446,0.001636174082344774,0.30332961605862674,0.4186046511627907,0.46971496437054633,0.0,0.0,0.06582846318032776,0.19530024471355967,0.11065445190437347,0.07019040368703375,1,1,0.04657182740894231,1.0,17195.072303771973,epoch_56_original,0,A1_drop_cam_front,2,R1_replace_tminus1,['CAM_FRONT'],replace,[1],,False,False,False
0.22125549508059453,0.07684597769808087,0.4855030575922602,0.07175222480815507,1.8398490979342237,0.3595505617977528,0.4364870480675994,0.33354056574448243,0.42341220423412207,0.48865781474964004,60474,0.12470717089050473,0.0,0.6664594342555176,0.6404494382022472,0.4364870480675994,0.33354056574448243,0.061496034909611724,0.024727588164579845,0.007018254709444907,0.18968366383380547,0.29334631415619583,0.01995801515105418,0.007018254709444907,0.33354056574448243,0.3595505617977528,0.42341220423412207,0.4855030575922602,0.0,0.07175222480815507,0.29334631415619583,0.12470717089050473,0.061496034909611724,1,1,0.04657182740894231,1.0,17195.072303771973,epoch_56_original,0,A1_drop_cam_front,4,R1_replace_tminus1,['CAM_FRONT'],replace,[1],,False,False,False
0.2133627153120966,0.06934006105585705,0.5217734393266308,0.07011575082867821,1.7196048632218845,0.3409090909090909,0.41690219338402135,0.340080971659919,0.5066371681415929,0.5225483841096398,58838,0.12260346036941781,0.0,0.659919028340081,0.6590909090909092,0.41690219338402135,0.340080971659919,0.07973500075972786,0.026548051070578546,0.008091993185689955,0.24746639528473902,0.3411269581482348,0.03878302548515314,0.008091993185689955,0.340080971659919,0.3409090909090909,0.5066371681415929,0.5217734393266308,0.0,0.07011575082867821,0.3411269581482348,0.12260346036941781,0.07973500075972786,1,1,0.04657182740894231,1.0,17195.072303771973,epoch_56_original,0,A1_drop_cam_front,6,R1_replace_tminus1,['CAM_FRONT'],replace,[1],,False,False,False
0.24516935159980366,0.0852935856867201,0.45813196567708847,0.060385542247733286,1.7520465529144886,0.43103448275862066,0.0,0.4706896551724138,0.6023573200992556,0.45003819179223664,53292,0.09504553374757536,0.0,0.5293103448275862,0.5689655172413793,0.0,0.4706896551724138,0.019848387702856768,0.001989992587220518,-0.003948600928831682,-0.02941337170124028,-0.05309530854456379,-0.020876483545385807,-0.003948600928831682,0.4706896551724138,0.43103448275862066,0.6023573200992556,0.0,0.0,0.060385542247733286,-0.05309530854456379,0.09504553374757536,0.019848387702856768,1,2,0.04646311531012709,1.0,17217.683937072754,epoch_56_original,0,A1_drop_cam_front,0,R2_replace_tminus2,['CAM_FRONT'],replace,[2],,False,False,False
0.25852093715987856,0.0968754761246534,0.4336449770973207,0.062411408162124295,1.7571061052895778,0.4069767441860465,0.45231168831168833,0.32929743508045245,0.6413301662707839,0.4219821730342291,56006,0.11357219050009412,0.0,0.6707025649195475,0.5930232558139534,0.45231168831168833,0.32929743508045245,0.07471306532053065,0.03487144682890507,-0.0017808809358586877,0.07556989495112443,0.1234548534855997,0.005176632992407601,-0.0017808809358586877,0.32929743508045245,0.4069767441860465,0.6413301662707839,0.0,0.0,0.062411408162124295,0.1234548534855997,0.11357219050009412,0.07471306532053065,1,2,0.04646311531012709,1.0,17217.683937072754,epoch_56_original,0,A1_drop_cam_front,2,R2_replace_tminus2,['CAM_FRONT'],replace,[2],,False,False,False
0.23622421927045803,0.08144184179567858,0.4713864127293194,0.0670102498472323,1.766375612279047,0.38202247191011235,0.4248049129611673,0.36182778986633507,0.6014943960149439,0.46466165413533833,58059,0.12431166144391372,0.0,0.6381722101336649,0.6179775280898876,0.4248049129611673,0.36182778986633507,0.07646475909947523,0.029323452262177557,0.002276279748522139,0.1421742209631728,0.2198728285010192,0.019562505704463162,0.002276279748522139,0.36182778986633507,0.38202247191011235,0.6014943960149439,0.4713864127293194,0.0,0.0670102498472323,0.2198728285010192,0.12431166144391372,0.07646475909947523,1,2,0.04646311531012709,1.0,17217.683937072754,epoch_56_original,0,A1_drop_cam_front,4,R2_replace_tminus2,['CAM_FRONT'],replace,[2],,False,False,False
0.2083714395535939,0.06550764207543314,0.5405365910685059,0.06806221359428444,1.6644844517184942,0.375,0.3657895784403487,0.46091560261600745,0.6858407079646017,0.5323641077877581,56952,0.11170212765957446,0.0,0.5390843973839925,0.625,0.3657895784403487,0.46091560261600745,0.07474372500122517,0.022715632090154633,0.006038455951296179,0.20747996438112198,0.2860065466448445,0.027881692775309788,0.006038455951296179,0.46091560261600745,0.375,0.6858407079646017,0.5405365910685059,0.0,0.06806221359428444,0.2860065466448445,0.11170212765957446,0.07474372500122517,1,2,0.04646311531012709,1.0,17217.683937072754,epoch_56_original,0,A1_drop_cam_front,6,R2_replace_tminus2,['CAM_FRONT'],replace,[2],,False,False,False
0.24118271594164958,0.09412027203169437,0.45481145412105073,0.06289545476169775,1.8056678830916921,0.43103448275862066,0.0,0.4360501567398119,0.45905707196029777,0.45455176723838625,54923,0.09274418910477693,0.0,0.5639498432601882,0.5689655172413793,0.0,0.4360501567398119,0.015861752044702693,0.01081667893219479,-0.0014386884148672174,0.0002914018249039285,0.000526021632639706,-0.023177828188184244,-0.0014386884148672174,0.4360501567398119,0.43103448275862066,0.45905707196029777,0.0,0.0,0.06289545476169775,0.000526021632639706,0.09274418910477693,0.015861752044702693,1,1,0.04467282003977082,1.0,15882.261268615723,epoch_56_original,0,A1_drop_cam_front,0,R3_ema_K2,['CAM_FRONT'],ema,"[1, 2]",,False,False,False
0.2615335087621074,0.10296465037281988,0.4137855305264479,0.06506875219937973,1.8276651816527578,0.4011627906976744,0.49012987012987014,0.2791142265413414,0.505938242280285,0.40856224526988966,58255,0.11344669636694485,0.0,0.7208857734586587,0.5988372093023255,0.49012987012987014,0.2791142265413414,0.0777256369227595,0.040960621077071546,0.0008764631013967461,0.11876092258646848,0.19401392984877974,0.005051138859258328,0.0008764631013967461,0.2791142265413414,0.4011627906976744,0.505938242280285,0.0,0.0,0.06506875219937973,0.19401392984877974,0.11344669636694485,0.0777256369227595,1,1,0.04467282003977082,1.0,15882.261268615723,epoch_56_original,0,A1_drop_cam_front,2,R3_ema_K2,['CAM_FRONT'],ema,"[1, 2]",,False,False,False
0.2282504811405978,0.08175776587032951,0.4695914083178679,0.07166822316765245,1.854209133225836,0.28651685393258425,0.44669160086807963,0.346596207646876,0.49937733499377335,0.4680211166213406,60946,0.12148224771060878,0.0,0.653403792353124,0.7134831460674158,0.44669160086807963,0.346596207646876,0.06849102096961499,0.02963937633682849,0.006934253068942284,0.1989691532892666,0.30770634944780806,0.01673309197115823,0.006934253068942284,0.346596207646876,0.28651685393258425,0.49937733499377335,0.4695914083178679,0.0,0.07166822316765245,0.30770634944780806,0.12148224771060878,0.06849102096961499,1,1,0.04467282003977082,1.0,15882.261268615723,epoch_56_original,0,A1_drop_cam_front,4,R3_ema_K2,['CAM_FRONT'],ema,"[1, 2]",,False,False,False
0.2155947844570599,0.06934090493677915,0.5138531681084872,0.0708800496546624,1.7410568155249007,0.39204545454545453,0.4164643127264042,0.37028962939894117,0.5824115044247787,0.5099546254282804,59572,0.11956394669160626,0.0,0.6297103706010588,0.6079545454545454,0.4164643127264042,0.37028962939894117,0.08196706990469116,0.026548894951500646,0.008856292011674136,0.26302845269897807,0.3625789104512509,0.03574351180734159,0.008856292011674136,0.37028962939894117,0.39204545454545453,0.5824115044247787,0.5138531681084872,0.0,0.0708800496546624,0.3625789104512509,0.11956394669160626,0.08196706990469116,1,1,0.04467282003977082,1.0,15882.261268615723,epoch_56_original,0,A1_drop_cam_front,6,R3_ema_K2,['CAM_FRONT'],ema,"[1, 2]",,False,False,False
0.24077395272881036,0.0929540916273583,0.45711279876384914,0.06261001373069787,1.7976460531939376,0.4367816091954023,0.0,0.4445141065830721,0.48759305210918114,0.45538504270536767,54679,0.09146201137521781,0.0,0.5554858934169279,0.5632183908045977,0.0,0.4445141065830721,0.015452988831863468,0.009650498527858722,-0.001724129445867098,-0.004152476004880981,-0.007495808265114867,-0.02446000591774336,-0.001724129445867098,0.4445141065830721,0.4367816091954023,0.48759305210918114,0.0,0.0,0.06261001373069787,-0.007495808265114867,0.09146201137521781,0.015452988831863468,1,2,0.04378240589391101,1.0,15354.816383361816,epoch_56_original,0,A1_drop_cam_front,0,R4_ema_K3,['CAM_FRONT'],ema,"[1, 2, 3]",,False,False,False
0.2577337014706711,0.10249498878406486,0.4259898349752149,0.06431890759480766,1.8011545460249734,0.38953488372093026,0.4764155844155844,0.3277043173490521,0.5558194774346793,0.4186686106232811,57410,0.10977599297232854,0.0,0.6722956826509479,0.6104651162790697,0.4764155844155844,0.3277043173490521,0.07392582963132319,0.04049095948831653,0.00012661849682467363,0.10253307983330452,0.1675032942209953,0.0013804354646420186,0.00012661849682467363,0.3277043173490521,0.38953488372093026,0.5558194774346793,0.0,0.0,0.06431890759480766,0.1675032942209953,0.10977599297232854,0.07392582963132319,1,2,0.04378240589391101,1.0,15354.816383361816,epoch_56_original,0,A1_drop_cam_front,2,R4_ema_K3,['CAM_FRONT'],ema,"[1, 2, 3]",,False,False,False
0.22726736952393425,0.08002326864410635,0.4720557364081657,0.07162539880190602,1.850953786242356,0.3595505617977528,0.4453987163503717,0.36229406279142057,0.5161892901618929,0.4697488401855703,60839,0.12279047126471751,0.0,0.6377059372085794,0.6404494382022472,0.4453987163503717,0.36229406279142057,0.06750790935295145,0.027904879110605324,0.006891428703195854,0.19686418004406672,0.3044510024643281,0.018041315525266957,0.006891428703195854,0.36229406279142057,0.3595505617977528,0.5161892901618929,0.4720557364081657,0.0,0.07162539880190602,0.3044510024643281,0.12279047126471751,0.06750790935295145,1,2,0.04378240589391101,1.0,15354.816383361816,epoch_56_original,0,A1_drop_cam_front,4,R4_ema_K3,['CAM_FRONT'],ema,"[1, 2, 3]",,False,False,False
0.216126891598246,0.06963566206782414,0.5145545943418284,0.07038317288010248,1.7315583352817396,0.3977272727272727,0.4138370287807014,0.37215820616630335,0.6122787610619469,0.5090286137605334,59247,0.11783960720130933,0.0,0.6278417938336966,0.6022727272727273,0.4138370287807014,0.37215820616630335,0.08249917704587725,0.026843652082545633,0.008359415237114226,0.2561378959419921,0.3530804302080899,0.034019172317044655,0.008359415237114226,0.37215820616630335,0.3977272727272727,0.6122787610619469,0.5145545943418284,0.0,0.07038317288010248,0.3530804302080899,0.11783960720130933,0.08249917704587725,1,2,0.04378240589391101,1.0,15354.816383361816,epoch_56_original,0,A1_drop_cam_front,6,R4_ema_K3,['CAM_FRONT'],ema,"[1, 2, 3]",,False,False,False
0.14115747429251296,0.0648877683192837,0.6723542755695828,0.06592211396971372,1.6487819311569187,0.8505747126436781,0.0,0.7031347962382445,0.75,0.6680786056523853,50151,0.07140743663083145,0.0,0.2968652037617555,0.14942528735632188,0.0,0.7031347962382445,0.0,0.0,0.0,0.0,0.0,0.0,0.0,0.7031347962382445,0.8505747126436781,0.75,0.0,0.0,0.06592211396971372,0.0,0.07140743663083145,0.0,0,0,0.0,0.0,0.0,epoch_56_original,0,A10_drop_front_triplet,0,R0_degraded_native,[],native,[],,False,False,False
0.1080129689671144,0.045768344821726176,0.7439292213089038,0.07184530837359362,1.6268118215473426,0.8430232558139535,0.2468051948051948,0.8766926875896128,0.8699524940617577,0.7370356870671659,51853,0.06742172303444814,0.0,0.12330731241038717,0.15697674418604646,0.2468051948051948,0.8766926875896128,0.0,0.0,0.0,0.0,0.0,0.0,0.0,0.8766926875896128,0.8430232558139535,0.8699524940617577,0.0,0.0,0.07184530837359362,0.0,0.06742172303444814,0.0,0,0,0.0,0.0,0.0,epoch_56_original,0,A10_drop_front_triplet,2,R0_degraded_native,[],native,[],,False,False,False
0.09036631054979678,0.03772936753596014,0.7923271167361343,0.0702780783718835,1.5057957345827375,0.8146067415730337,0.17504732880823753,0.8821883742617346,0.8505603985056039,0.7895376739721645,49494,0.064102954151328,0.0,0.11781162573826542,0.1853932584269663,0.17504732880823753,0.8821883742617346,0.0,0.0,0.0,0.0,0.0,0.0,0.0,0.8821883742617346,0.8146067415730337,0.8505603985056039,0.7923271167361343,0.0,0.0702780783718835,0.0,0.064102954151328,0.0,0,0,0.0,0.0,0.0,epoch_56_original,0,A10_drop_front_triplet,4,R0_degraded_native,[],native,[],,False,False,False
0.087430350704687,0.03445953791098641,0.8128945522562544,0.06439258877751806,1.327156885667524,0.7329545454545454,0.1464511763066757,0.9236997819993772,0.7688053097345132,0.8156310769515696,45410,0.0680675707271452,0.03550295857988166,0.07630021800062281,0.2670454545454546,0.1464511763066757,0.9236997819993772,0.0,0.0,0.0,0.0,0.0,0.0,0.0,0.9236997819993772,0.7329545454545454,0.7688053097345132,0.8128945522562544,0.03550295857988166,0.06439258877751806,0.0,0.0680675707271452,0.0,0,0,0.0,0.0,0.0,epoch_56_original,0,A10_drop_front_triplet,6,R0_degraded_native,[],native,[],,False,False,False
0.23423018999073217,0.08434937869785207,0.4682250057533616,0.06338595400462284,1.8020843607193346,0.8333333333333334,0.0,0.4224137931034483,0.43548387096774194,0.47003680299979167,54814,0.09277706545681691,0.0,0.5775862068965517,0.16666666666666663,0.0,0.4224137931034483,0.0930727156982192,0.019461610378568375,-0.0025361599650908784,0.09297920280752128,0.1533024295624159,0.021369628825985462,-0.0025361599650908784,0.4224137931034483,0.8333333333333334,0.43548387096774194,0.0,0.0,0.06338595400462284,0.1533024295624159,0.09277706545681691,0.0930727156982192,3,1,0.048850210552865814,1.0,18787.185829162598,epoch_56_original,0,A10_drop_front_triplet,0,R1_replace_tminus1,"['CAM_FRONT', 'CAM_FRONT_LEFT', 'CAM_FRONT_RIGHT']",replace,[1],,False,False,False
0.2377907935984161,0.08092518397040643,0.45739474179582107,0.06718673432808332,1.8244650812574512,0.7674418604651163,0.4798961038961039,0.28516807392066273,0.4857482185273159,0.45574737400178933,58153,0.11583108489678108,0.0,0.7148319260793372,0.2325581395348837,0.4798961038961039,0.28516807392066273,0.1297778246313017,0.03515683914868026,-0.0046585740455103025,0.12149730970242802,0.1976532597101086,0.04840936186233294,-0.0046585740455103025,0.28516807392066273,0.7674418604651163,0.4857482185273159,0.0,0.0,0.06718673432808332,0.1976532597101086,0.11583108489678108,0.1297778246313017,3,1,0.048850210552865814,1.0,18787.185829162598,epoch_56_original,0,A10_drop_front_triplet,2,R1_replace_tminus1,"['CAM_FRONT', 'CAM_FRONT_LEFT', 'CAM_FRONT_RIGHT']",replace,[1],,False,False,False
0.21291350511290175,0.0708487148088919,0.504000730171286,0.07198117045579949,1.8255803340533634,0.6910112359550562,0.42540518077296025,0.314112527199254,0.4439601494396015,0.5070548712206047,60005,0.12534607076576715,0.0,0.685887472800746,0.3089887640449438,0.42540518077296025,0.314112527199254,0.12254719456310496,0.03311934727293177,0.0017030920839159885,0.21236917606174485,0.3197845994706259,0.06124311661443915,0.0017030920839159885,0.314112527199254,0.6910112359550562,0.4439601494396015,0.504000730171286,0.0,0.07198117045579949,0.3197845994706259,0.12534607076576715,0.12254719456310496,3,1,0.048850210552865814,1.0,18787.185829162598,epoch_56_original,0,A10_drop_front_triplet,4,R1_replace_tminus1,"['CAM_FRONT', 'CAM_FRONT_LEFT', 'CAM_FRONT_RIGHT']",replace,[1],,False,False,False
0.20904793530491855,0.06578264782519988,0.5308335281739537,0.07028082616906356,1.7134673836801497,0.6818181818181818,0.4160264320687871,0.3405481158517596,0.519358407079646,0.5314072290644195,58628,0.12447393032499415,0.45406415446901277,0.6594518841482404,0.31818181818181823,0.4160264320687871,0.3405481158517596,0.12161758460023156,0.03132310991421347,0.005888237391545495,0.29108125963444176,0.38631049801262574,0.056406359597848954,0.005888237391545495,0.3405481158517596,0.6818181818181818,0.519358407079646,0.5308335281739537,0.45406415446901277,0.07028082616906356,0.38631049801262574,0.12447393032499415,0.12161758460023156,3,1,0.048850210552865814,1.0,18787.185829162598,epoch_56_original,0,A10_drop_front_triplet,6,R1_replace_tminus1,"['CAM_FRONT', 'CAM_FRONT_LEFT', 'CAM_FRONT_RIGHT']",replace,[1],,False,False,False
0.2246379943808083,0.07830836995144523,0.48742479534470856,0.063958476532318,1.79435841798994,0.867816091954023,0.0,0.46865203761755486,0.6563275434243176,0.47795291993611555,54579,0.0935332215537364,0.0,0.5313479623824451,0.13218390804597702,0.0,0.46865203761755486,0.08348052008829535,0.013420601632161536,-0.001963637437395721,0.08829335407070647,0.14557648683302116,0.022125784922904956,-0.001963637437395721,0.46865203761755486,0.867816091954023,0.6563275434243176,0.0,0.0,0.063958476532318,0.14557648683302116,0.0935332215537364,0.08348052008829535,3,2,0.051695595749399886,1.0,19498.679379781086,epoch_56_original,0,A10_drop_front_triplet,0,R2_replace_tminus2,"['CAM_FRONT', 'CAM_FRONT_LEFT', 'CAM_FRONT_RIGHT']",replace,[2],,False,False,False
0.23555665078582771,0.08548501375847217,0.46018698625839244,0.06769978589963264,1.8314613791805232,0.8895348837209303,0.4377142857142857,0.31336625776644894,0.6757719714964371,0.4480930448324994,58376,0.12041162075672962,0.0,0.6866337422335511,0.11046511627906974,0.4377142857142857,0.31336625776644894,0.1275436818187133,0.039716668936746,-0.00414552247396098,0.1257979287601489,0.2046495576331806,0.05298989772228148,-0.00414552247396098,0.31336625776644894,0.8895348837209303,0.6757719714964371,0.0,0.0,0.06769978589963264,0.2046495576331806,0.12041162075672962,0.1275436818187133,3,2,0.051695595749399886,1.0,19498.679379781086,epoch_56_original,0,A10_drop_front_triplet,2,R2_replace_tminus2,"['CAM_FRONT', 'CAM_FRONT_LEFT', 'CAM_FRONT_RIGHT']",replace,[2],,False,False,False
0.21683805291442745,0.07450658152820486,0.4893364568438346,0.07335978561463671,1.8657093309805592,0.7528089887640449,0.4101676132428314,0.3668013677339136,0.6668742216687422,0.4801791713325868,61324,0.12501140892634396,0.0,0.6331986322660864,0.2471910112359551,0.4101676132428314,0.3668013677339136,0.12647174236463066,0.03677721399224472,0.0030817072427532094,0.2390188709742595,0.3599135963978217,0.06090845477501597,0.0030817072427532094,0.3668013677339136,0.7528089887640449,0.6668742216687422,0.4893364568438346,0.0,0.07335978561463671,0.3599135963978217,0.12501140892634396,0.12647174236463066,3,2,0.051695595749399886,1.0,19498.679379781086,epoch_56_original,0,A10_drop_front_triplet,4,R2_replace_tminus2,"['CAM_FRONT', 'CAM_FRONT_LEFT', 'CAM_FRONT_RIGHT']",replace,[2],,False,False,False
0.19488191482589598,0.06040655586190713,0.5526361935936404,0.07317624763942263,1.742927285480477,0.7670454545454546,0.3508618287488555,0.46527561507318593,0.7040929203539823,0.5441244559681452,59636,0.11588145896656535,0.3534724384926814,0.5347243849268141,0.23295454545454541,0.3508618287488555,0.46527561507318593,0.10745156412120899,0.02594701795092072,0.008783658861904561,0.3132790134331645,0.41577039981295294,0.04781388823942015,0.008783658861904561,0.46527561507318593,0.7670454545454546,0.7040929203539823,0.5526361935936404,0.3534724384926814,0.07317624763942263,0.41577039981295294,0.11588145896656535,0.10745156412120899,3,2,0.051695595749399886,1.0,19498.679379781086,epoch_56_original,0,A10_drop_front_triplet,6,R2_replace_tminus2,"['CAM_FRONT', 'CAM_FRONT_LEFT', 'CAM_FRONT_RIGHT']",replace,[2],,False,False,False
0.23282503203882096,0.08373502063812831,0.4684222638656015,0.06402737609152487,1.814741756254726,0.8045977011494253,0.0,0.4358934169278997,0.4944168734491315,0.46694673980973544,55199,0.09313870532925667,0.0,0.5641065830721004,0.1954022988505747,0.0,0.4358934169278997,0.091667557746308,0.018847252318844612,-0.0018947378781888485,0.10065601882315407,0.16595982509780716,0.02173126869842522,-0.0018947378781888485,0.4358934169278997,0.8045977011494253,0.4944168734491315,0.0,0.0,0.06402737609152487,0.16595982509780716,0.09313870532925667,0.091667557746308,3,1,0.046970693225210365,1.0,17397.92901357015,epoch_56_original,0,A10_drop_front_triplet,0,R3_ema_K2,"['CAM_FRONT', 'CAM_FRONT_LEFT', 'CAM_FRONT_RIGHT']",ema,"[1, 2]",,False,False,False
0.2425934350745137,0.09002782234289865,0.44791993474305075,0.066866077095865,1.8278220493191943,0.7325581395348837,0.4781818181818182,0.2827783973235622,0.5356294536817102,0.44295702309553,58260,0.11636443496266549,0.0,0.7172216026764378,0.2674418604651163,0.4781818181818182,0.2827783973235622,0.1345804661073993,0.04425947752117247,-0.0049792312777286185,0.12356083543864387,0.20101022777185173,0.04894271192821735,-0.0049792312777286185,0.2827783973235622,0.7325581395348837,0.5356294536817102,0.0,0.0,0.066866077095865,0.20101022777185173,0.11636443496266549,0.1345804661073993,3,1,0.046970693225210365,1.0,17397.92901357015,epoch_56_original,0,A10_drop_front_triplet,2,R3_ema_K2,"['CAM_FRONT', 'CAM_FRONT_LEFT', 'CAM_FRONT_RIGHT']",ema,"[1, 2]",,False,False,False
0.21800548995235136,0.07440411463576445,0.4877544190574706,0.07306989760035314,1.8619367793361525,0.6966292134831461,0.43431684905573253,0.3207957724588126,0.5273972602739726,0.48568229083346665,61200,0.12160394292494447,0.0,0.6792042275411874,0.3033707865168539,0.43431684905573253,0.3207957724588126,0.1276391794025546,0.03667474709980431,0.002791819228469633,0.23651351678991392,0.356141044753415,0.05750098877361648,0.002791819228469633,0.3207957724588126,0.6966292134831461,0.5273972602739726,0.4877544190574706,0.0,0.07306989760035314,0.356141044753415,0.12160394292494447,0.1276391794025546,3,1,0.046970693225210365,1.0,17397.92901357015,epoch_56_original,0,A10_drop_front_triplet,4,R3_ema_K2,"['CAM_FRONT', 'CAM_FRONT_LEFT', 'CAM_FRONT_RIGHT']",ema,"[1, 2]",,False,False,False
0.20328945667071815,0.0648786527826099,0.54050736497545,0.07118378828097144,1.7197802197802199,0.6931818181818182,0.3973169857887823,0.3715353472438493,0.5984513274336283,0.5372102355156342,58844,0.11623217208323591,0.43179694799128,0.6284646527561507,0.30681818181818177,0.3973169857887823,0.3715353472438493,0.11585910596603116,0.030419114871623493,0.006791199503453374,0.2958379211627395,0.3926233341126959,0.048164601356090714,0.006791199503453374,0.3715353472438493,0.6931818181818182,0.5984513274336283,0.54050736497545,0.43179694799128,0.07118378828097144,0.3926233341126959,0.11623217208323591,0.11585910596603116,3,1,0.046970693225210365,1.0,17397.92901357015,epoch_56_original,0,A10_drop_front_triplet,6,R3_ema_K2,"['CAM_FRONT', 'CAM_FRONT_LEFT', 'CAM_FRONT_RIGHT']",ema,"[1, 2]",,False,False,False
0.23068964030637906,0.09031737277961009,0.47223592070223885,0.06425704128888109,1.8155307887036853,0.8390804597701149,0.0,0.44482758620689655,0.5254342431761787,0.46923824734393443,55223,0.08902916132425946,0.0,0.5551724137931034,0.16091954022988508,0.0,0.44482758620689655,0.0895321660138661,0.025429604460326397,-0.00166507268083263,0.10113457358776495,0.1667488575467666,0.017621724693428015,-0.00166507268083263,0.44482758620689655,0.8390804597701149,0.5254342431761787,0.0,0.0,0.06425704128888109,0.1667488575467666,0.08902916132425946,0.0895321660138661,3,2,0.04615263245774038,1.0,16837.956052144367,epoch_56_original,0,A10_drop_front_triplet,0,R4_ema_K3,"['CAM_FRONT', 'CAM_FRONT_LEFT', 'CAM_FRONT_RIGHT']",ema,"[1, 2, 3]",,False,False,False
0.23879644150833415,0.08784375953354186,0.46018698625839244,0.0660701894015385,1.8003702076927903,0.7674418604651163,0.4610909090909091,0.3101800223036482,0.5843230403800475,0.45319593094535937,57385,0.11228587563531404,0.0,0.6898199776963518,0.2325581395348837,0.4610909090909091,0.3101800223036482,0.13078347254121975,0.04207541471181568,-0.005775118972055127,0.10668620909108441,0.17355838614544772,0.0448641526008659,-0.005775118972055127,0.3101800223036482,0.7674418604651163,0.5843230403800475,0.0,0.0,0.0660701894015385,0.17355838614544772,0.11228587563531404,0.13078347254121975,3,2,0.04615263245774038,1.0,16837.956052144367,epoch_56_original,0,A10_drop_front_triplet,2,R4_ema_K3,"['CAM_FRONT', 'CAM_FRONT_LEFT', 'CAM_FRONT_RIGHT']",ema,"[1, 2, 3]",,False,False,False
0.21900009050124764,0.07401124661689451,0.4846511910919103,0.07325931306423161,1.8685387447138642,0.7134831460674157,0.4354712102322575,0.34271059993783026,0.5454545454545454,0.4814909614461686,61417,0.12482886610484042,0.0,0.6572894000621697,0.2865168539325843,0.4354712102322575,0.34271059993783026,0.12863377995145087,0.03628187908093437,0.0029812346923481087,0.24089788661251868,0.36274301013112664,0.06072591195351243,0.0029812346923481087,0.34271059993783026,0.7134831460674157,0.5454545454545454,0.4846511910919103,0.0,0.07325931306423161,0.36274301013112664,0.12482886610484042,0.12863377995145087,3,2,0.04615263245774038,1.0,16837.956052144367,epoch_56_original,0,A10_drop_front_triplet,4,R4_ema_K3,"['CAM_FRONT', 'CAM_FRONT_LEFT', 'CAM_FRONT_RIGHT']",ema,"[1, 2, 3]",,False,False,False
0.2049382397356635,0.06545502225247678,0.5359480944587327,0.07141324300410708,1.7284019172317044,0.7613636363636364,0.3982325544365272,0.3737153534724385,0.6332964601769911,0.530450350341081,59139,0.11751812017769464,0.4308626596075989,0.6262846465275616,0.23863636363636365,0.3982325544365272,0.3737153534724385,0.1175078890309765,0.030995484341490367,0.007020654226589013,0.3023342876018498,0.40124503156418045,0.04945054945054944,0.007020654226589013,0.3737153534724385,0.7613636363636364,0.6332964601769911,0.5359480944587327,0.4308626596075989,0.07141324300410708,0.40124503156418045,0.11751812017769464,0.1175078890309765,3,2,0.04615263245774038,1.0,16837.956052144367,epoch_56_original,0,A10_drop_front_triplet,6,R4_ema_K3,"['CAM_FRONT', 'CAM_FRONT_LEFT', 'CAM_FRONT_RIGHT']",ema,"[1, 2, 3]",,False,False,False
0.23423018999073217,0.08434937869785207,0.4682250057533616,0.06338595400462284,1.8020843607193346,0.8333333333333334,0.0,0.4224137931034483,0.43548387096774194,0.47003680299979167,54814,0.09277706545681691,0.0,0.5775862068965517,0.16666666666666663,0.0,0.4224137931034483,0.0930727156982192,0.019461610378568375,-0.0025361599650908784,0.09297920280752128,0.1533024295624159,0.021369628825985462,-0.0025361599650908784,0.4224137931034483,0.8333333333333334,0.43548387096774194,0.0,0.0,0.06338595400462284,0.1533024295624159,0.09277706545681691,0.0930727156982192,3,1,0.048850210552865814,1.0,18787.185829162598,epoch_56_original,0,A10_drop_front_triplet,0,R8_camera_group_repair_front_triplet,"['CAM_FRONT', 'CAM_FRONT_LEFT', 'CAM_FRONT_RIGHT']",replace,[1],,False,False,False
0.2377907935984161,0.08092518397040643,0.45739474179582107,0.06718673432808332,1.8244650812574512,0.7674418604651163,0.4798961038961039,0.28516807392066273,0.4857482185273159,0.45574737400178933,58153,0.11583108489678108,0.0,0.7148319260793372,0.2325581395348837,0.4798961038961039,0.28516807392066273,0.1297778246313017,0.03515683914868026,-0.0046585740455103025,0.12149730970242802,0.1976532597101086,0.04840936186233294,-0.0046585740455103025,0.28516807392066273,0.7674418604651163,0.4857482185273159,0.0,0.0,0.06718673432808332,0.1976532597101086,0.11583108489678108,0.1297778246313017,3,1,0.048850210552865814,1.0,18787.185829162598,epoch_56_original,0,A10_drop_front_triplet,2,R8_camera_group_repair_front_triplet,"['CAM_FRONT', 'CAM_FRONT_LEFT', 'CAM_FRONT_RIGHT']",replace,[1],,False,False,False
0.21291350511290175,0.0708487148088919,0.504000730171286,0.07198117045579949,1.8255803340533634,0.6910112359550562,0.42540518077296025,0.314112527199254,0.4439601494396015,0.5070548712206047,60005,0.12534607076576715,0.0,0.685887472800746,0.3089887640449438,0.42540518077296025,0.314112527199254,0.12254719456310496,0.03311934727293177,0.0017030920839159885,0.21236917606174485,0.3197845994706259,0.06124311661443915,0.0017030920839159885,0.314112527199254,0.6910112359550562,0.4439601494396015,0.504000730171286,0.0,0.07198117045579949,0.3197845994706259,0.12534607076576715,0.12254719456310496,3,1,0.048850210552865814,1.0,18787.185829162598,epoch_56_original,0,A10_drop_front_triplet,4,R8_camera_group_repair_front_triplet,"['CAM_FRONT', 'CAM_FRONT_LEFT', 'CAM_FRONT_RIGHT']",replace,[1],,False,False,False
0.20904793530491855,0.06578264782519988,0.5308335281739537,0.07028082616906356,1.7134673836801497,0.6818181818181818,0.4160264320687871,0.3405481158517596,0.519358407079646,0.5314072290644195,58628,0.12447393032499415,0.45406415446901277,0.6594518841482404,0.31818181818181823,0.4160264320687871,0.3405481158517596,0.12161758460023156,0.03132310991421347,0.005888237391545495,0.29108125963444176,0.38631049801262574,0.056406359597848954,0.005888237391545495,0.3405481158517596,0.6818181818181818,0.519358407079646,0.5308335281739537,0.45406415446901277,0.07028082616906356,0.38631049801262574,0.12447393032499415,0.12161758460023156,3,1,0.048850210552865814,1.0,18787.185829162598,epoch_56_original,0,A10_drop_front_triplet,6,R8_camera_group_repair_front_triplet,"['CAM_FRONT', 'CAM_FRONT_LEFT', 'CAM_FRONT_RIGHT']",replace,[1],,False,False,False
0.21158499295381425,0.05777541725969237,0.4767728572837558,0.07349450361968755,1.9961205904592827,0.2413793103448276,0.0,0.3949843260188088,0.36910669975186106,0.48277897368238315,60716,0.1392971035933853,0.0,0.6050156739811912,0.7586206896551724,0.0,0.3949843260188088,0.0,0.0,0.0,0.0,0.0,0.0,0.0,0.3949843260188088,0.2413793103448276,0.36910669975186106,0.0,0.0,0.07349450361968755,0.0,0.1392971035933853,0.0,0,0,0.0,0.0,0.0,epoch_56_original,0,C4_motion_blur_9,0,R0_degraded_native,[],native,[],,False,False,False
0.15529138737671122,0.04483877043699803,0.6053209512455293,0.08079740053870416,1.9362176068268808,0.36046511627906974,0.32446753246753246,0.5032658913493707,0.42695961995249404,0.6153948109612645,61715,0.11680366442868796,0.0,0.4967341086506293,0.6395348837209303,0.32446753246753246,0.5032658913493707,0.0,0.0,0.0,0.0,0.0,0.0,0.0,0.5032658913493707,0.36046511627906974,0.42695961995249404,0.0,0.0,0.08079740053870416,0.0,0.11680366442868796,0.0,0,0,0.0,0.0,0.0,epoch_56_original,0,C4_motion_blur_9,2,R0_degraded_native,[],native,[],,False,False,False
0.18344435585504487,0.05290369269172433,0.5660044418753233,0.07394285582518435,1.7998113724177798,0.5056179775280899,0.34432285173385047,0.5195834628535902,0.44707347447073476,0.572196448568229,59158,0.11235510663543156,0.0,0.48041653714640975,0.4943820224719101,0.34432285173385047,0.5195834628535902,0.0,0.0,0.0,0.0,0.0,0.0,0.0,0.5195834628535902,0.5056179775280899,0.44707347447073476,0.5660044418753233,0.0,0.07394285582518435,0.0,0.11235510663543156,0.0,0,0,0.0,0.0,0.0,epoch_56_original,0,C4_motion_blur_9,4,R0_degraded_native,[],native,[],,False,False,False
0.16557613539761457,0.046909276393698046,0.6242985737666589,0.07167901430212749,1.6447568389057752,0.5511363636363636,0.2955694438915648,0.5700716287760822,0.5282079646017699,0.6297496681791523,56277,0.0958031330371756,0.0,0.4299283712239178,0.44886363636363635,0.2955694438915648,0.5700716287760822,0.0,0.0,0.0,0.0,0.0,0.0,0.0,0.5700716287760822,0.5511363636363636,0.5282079646017699,0.6242985737666589,0.0,0.07167901430212749,0.0,0.0958031330371756,0.0,0,0,0.0,0.0,0.0,epoch_56_original,0,C4_motion_blur_9,6,R0_degraded_native,[],native,[],,False,False,False
0.20059611696035545,0.06501075632125695,0.522076470394845,0.06898486342302854,1.8604398855902948,0.3218390804597701,0.0,0.6106583072100313,0.4497518610421836,0.526109297965419,56589,0.09991123384949206,0.0,0.38934169278996866,0.6781609195402298,0.0,0.6106583072100313,-0.010988875993458797,0.007235339061564587,-0.004509640196659018,-0.06797219843204427,-0.13568070486898787,-0.03938586974389323,-0.004509640196659018,0.6106583072100313,0.3218390804597701,0.4497518610421836,0.0,0.0,0.06898486342302854,-0.13568070486898787,0.09991123384949206,-0.010988875993458797,6,1,0.041742053278016326,1.0,1163.594502766927,epoch_56_original,0,C4_motion_blur_9,0,R5_blend_alpha03,"['CAM_FRONT', 'CAM_FRONT_RIGHT', 'CAM_FRONT_LEFT', 'CAM_BACK', 'CAM_BACK_LEFT', 'CAM_BACK_RIGHT']",blend,"[1, 2]",0.3,False,False,False
0.1774850267941578,0.05418082933603818,0.5760494446884609,0.07278425852537139,1.8126058856748446,0.29651162790697677,0.37444155844155846,0.5940736020391907,0.5100950118764845,0.5797077437953544,57775,0.10008157118654702,0.0,0.4059263979608093,0.7034883720930232,0.37444155844155846,0.5940736020391907,0.022193639417446592,0.009342058899040155,-0.008013142013332766,-0.06384185368224905,-0.12361172115203622,-0.01672209324214094,-0.008013142013332766,0.5940736020391907,0.29651162790697677,0.5100950118764845,0.0,0.0,0.07278425852537139,-0.12361172115203622,0.10008157118654702,0.022193639417446592,6,1,0.041742053278016326,1.0,1163.594502766927,epoch_56_original,0,C4_motion_blur_9,2,R5_blend_alpha03,"['CAM_FRONT', 'CAM_FRONT_RIGHT', 'CAM_FRONT_LEFT', 'CAM_BACK', 'CAM_BACK_LEFT', 'CAM_BACK_RIGHT']",blend,"[1, 2]",0.3,False,False,False
0.1927033001945963,0.060536705289781556,0.5571206912288175,0.07028466673584449,1.7411238553043902,0.29775280898876405,0.41261485893706423,0.5192726142368667,0.4838107098381071,0.5608702607582787,57229,0.10484042715020232,0.0,0.48072738576313334,0.702247191011236,0.41261485893706423,0.5192726142368667,0.009258944339551434,0.007633012598057223,-0.003658189089339861,-0.032607593224923084,-0.0586875171133896,-0.007514679485229242,-0.003658189089339861,0.5192726142368667,0.29775280898876405,0.4838107098381071,0.5571206912288175,0.0,0.07028466673584449,-0.0586875171133896,0.10484042715020232,0.009258944339551434,6,1,0.041742053278016326,1.0,1163.594502766927,epoch_56_original,0,C4_motion_blur_9,4,R5_blend_alpha03,"['CAM_FRONT', 'CAM_FRONT_RIGHT', 'CAM_FRONT_LEFT', 'CAM_BACK', 'CAM_BACK_LEFT', 'CAM_BACK_RIGHT']",blend,"[1, 2]",0.3,False,False,False
0.2190176472931522,0.06537656638176934,0.5179448211363105,0.06783440962455264,1.6830430208089782,0.3465909090909091,0.43047649377015246,0.32310806602304576,0.5094026548672567,0.5183504645491867,57587,0.11100070142623335,0.0,0.6768919339769542,0.6534090909090908,0.43047649377015246,0.32310806602304576,0.05344151189553764,0.01846728998807129,-0.003844604677574845,0.023277715585407893,0.03828618190320299,0.015197568389057753,-0.003844604677574845,0.32310806602304576,0.3465909090909091,0.5094026548672567,0.5179448211363105,0.0,0.06783440962455264,0.03828618190320299,0.11100070142623335,0.05344151189553764,6,1,0.041742053278016326,1.0,1163.594502766927,epoch_56_original,0,C4_motion_blur_9,6,R5_blend_alpha03,"['CAM_FRONT', 'CAM_FRONT_RIGHT', 'CAM_FRONT_LEFT', 'CAM_BACK', 'CAM_BACK_LEFT', 'CAM_BACK_RIGHT']",blend,"[1, 2]",0.3,False,False,False
0.19753700022089685,0.0624502940768144,0.5296051550119999,0.06892416619229867,1.8516947759476607,0.3735632183908046,0.0,0.5948275862068966,0.42431761786600497,0.5355183667800847,56323,0.10964263405332544,0.0,0.4051724137931034,0.6264367816091954,0.0,0.5948275862068966,-0.014047992732917403,0.004674876817122031,-0.004570337427388882,-0.07235325120231899,-0.14442581451162195,-0.029654469540059847,-0.004570337427388882,0.5948275862068966,0.3735632183908046,0.42431761786600497,0.0,0.0,0.06892416619229867,-0.14442581451162195,0.10964263405332544,-0.014047992732917403,6,1,0.041742053278016326,1.0,1729.9637044270833,epoch_56_original,0,C4_motion_blur_9,0,R6_blend_alpha05,"['CAM_FRONT', 'CAM_FRONT_RIGHT', 'CAM_FRONT_LEFT', 'CAM_BACK', 'CAM_BACK_LEFT', 'CAM_BACK_RIGHT']",blend,"[1, 2]",0.5,False,False,False
0.16099059417879946,0.04715459510977075,0.6020894773169354,0.07713368611110198,1.8695488485913283,0.38372093023255816,0.3511688311688312,0.5921618607615102,0.5368171021377672,0.6057192087212963,59590,0.10193260965049884,0.0,0.40783813923848977,0.6162790697674418,0.3511688311688312,0.5921618607615102,0.005699206802088241,0.0023158246727727205,-0.0036637144276021744,-0.034432471846390665,-0.06666875823555252,-0.014871054778189119,-0.0036637144276021744,0.5921618607615102,0.38372093023255816,0.5368171021377672,0.0,0.0,0.07713368611110198,-0.06666875823555252,0.10193260965049884,0.005699206802088241,6,1,0.041742053278016326,1.0,1729.9637044270833,epoch_56_original,0,C4_motion_blur_9,2,R6_blend_alpha05,"['CAM_FRONT', 'CAM_FRONT_RIGHT', 'CAM_FRONT_LEFT', 'CAM_BACK', 'CAM_BACK_LEFT', 'CAM_BACK_RIGHT']",blend,"[1, 2]",0.5,False,False,False
0.1848895465046855,0.0513358258304566,0.5666129179470017,0.07276353867616708,1.7774194529800116,0.46629213483146065,0.39188253220667685,0.508082064034815,0.5099626400996264,0.5695088785794273,58422,0.11013416897380511,0.0,0.49191793596518496,0.5337078651685394,0.39188253220667685,0.508082064034815,0.001445190649640632,-0.0015678668612677318,-0.00117931714901727,-0.012441259001318502,-0.022391919437768193,-0.0022209376616264542,-0.00117931714901727,0.508082064034815,0.46629213483146065,0.5099626400996264,0.5666129179470017,0.0,0.07276353867616708,-0.022391919437768193,0.11013416897380511,0.001445190649640632,6,1,0.041742053278016326,1.0,1729.9637044270833,epoch_56_original,0,C4_motion_blur_9,4,R6_blend_alpha05,"['CAM_FRONT', 'CAM_FRONT_RIGHT', 'CAM_FRONT_LEFT', 'CAM_BACK', 'CAM_BACK_LEFT', 'CAM_BACK_RIGHT']",blend,"[1, 2]",0.5,False,False,False
0.2104456897454698,0.060740387836953735,0.5302490063128361,0.06959576350646435,1.7019230769230769,0.5227272727272727,0.4053580669559333,0.3516038617253192,0.5331858407079646,0.530018211562799,58233,0.11351414542903905,0.0,0.6483961382746808,0.4772727272727273,0.4053580669559333,0.3516038617253192,0.04486955434785522,0.01383111144325569,-0.0020832507956631413,0.03475665014126553,0.057166238017301696,0.017711012391863457,-0.0020832507956631413,0.3516038617253192,0.5227272727272727,0.5331858407079646,0.5302490063128361,0.0,0.06959576350646435,0.057166238017301696,0.11351414542903905,0.04486955434785522,6,1,0.041742053278016326,1.0,1729.9637044270833,epoch_56_original,0,C4_motion_blur_9,6,R6_blend_alpha05,"['CAM_FRONT', 'CAM_FRONT_RIGHT', 'CAM_FRONT_LEFT', 'CAM_BACK', 'CAM_BACK_LEFT', 'CAM_BACK_RIGHT']",blend,"[1, 2]",0.5,False,False,False
0.20553338220520756,0.0794960830096544,0.5022520301147385,0.07094193899764265,1.9194858138540947,0.3390804597701149,0.0,0.538244514106583,0.3746898263027295,0.5094437886257899,58385,0.11671104974192063,0.0,0.461755485893417,0.6609195402298851,0.0,0.538244514106583,-0.0060516107486066895,0.02172066574996203,-0.002552564622044909,-0.03839185717109164,-0.07663477660518803,-0.022586053851464657,-0.002552564622044909,0.538244514106583,0.3390804597701149,0.3746898263027295,0.0,0.0,0.07094193899764265,-0.07663477660518803,0.11671104974192063,-0.0060516107486066895,6,1,0.041742053278016326,1.0,1646.2931009928386,epoch_56_original,0,C4_motion_blur_9,0,R7_blend_alpha07,"['CAM_FRONT', 'CAM_FRONT_RIGHT', 'CAM_FRONT_LEFT', 'CAM_BACK', 'CAM_BACK_LEFT', 'CAM_BACK_RIGHT']",blend,"[1, 2]",0.7,False,False,False
0.15915825799917477,0.04518925923072518,0.6006462947857187,0.07910038380204103,1.9085147769341784,0.36046511627906974,0.3511168831168831,0.5510594232913812,0.45961995249406173,0.6085026011464926,60832,0.10754847210892891,0.0,0.44894057670861875,0.6395348837209303,0.3511168831168831,0.5510594232913812,0.0038668706224635474,0.00035048879372714947,-0.001697016736663129,-0.01430770477193551,-0.027702829892702452,-0.009255192319759048,-0.001697016736663129,0.5510594232913812,0.36046511627906974,0.45961995249406173,0.0,0.0,0.07910038380204103,-0.027702829892702452,0.10754847210892891,0.0038668706224635474,6,1,0.041742053278016326,1.0,1646.2931009928386,epoch_56_original,0,C4_motion_blur_9,2,R7_blend_alpha07,"['CAM_FRONT', 'CAM_FRONT_RIGHT', 'CAM_FRONT_LEFT', 'CAM_BACK', 'CAM_BACK_LEFT', 'CAM_BACK_RIGHT']",blend,"[1, 2]",0.7,False,False,False
0.18917437041759644,0.05272580161909562,0.5486324500289026,0.0750348771517185,1.8373543460403419,0.5,0.38994320543011496,0.4804165371464097,0.4800747198007472,0.5521356582946728,60392,0.11947427667406979,0.0,0.5195834628535902,0.5,0.38994320543011496,0.4804165371464097,0.005730014562551566,-0.000177891072628715,0.0010920213265341455,0.020859393488623687,0.03754297362256209,0.007119170038638226,0.0010920213265341455,0.4804165371464097,0.5,0.4800747198007472,0.5486324500289026,0.0,0.0750348771517185,0.03754297362256209,0.11947427667406979,0.005730014562551566,6,1,0.041742053278016326,1.0,1646.2931009928386,epoch_56_original,0,C4_motion_blur_9,4,R7_blend_alpha07,"['CAM_FRONT', 'CAM_FRONT_RIGHT', 'CAM_FRONT_LEFT', 'CAM_BACK', 'CAM_BACK_LEFT', 'CAM_BACK_RIGHT']",blend,"[1, 2]",0.7,False,False,False
0.2009424735485018,0.057981828544829354,0.5376432078559739,0.07347998626573168,1.7632978723404256,0.5625,0.3873651526611202,0.3922454064154469,0.5470132743362832,0.5370559002376764,60333,0.11637830254851532,0.0,0.6077545935845531,0.4375,0.3873651526611202,0.3922454064154469,0.035366338150887244,0.011072552151131308,0.0018009719636041949,0.07207207207207207,0.11854103343465039,0.020575169511339725,0.0018009719636041949,0.3922454064154469,0.5625,0.5470132743362832,0.5376432078559739,0.0,0.07347998626573168,0.11854103343465039,0.11637830254851532,0.035366338150887244,6,1,0.041742053278016326,1.0,1646.2931009928386,epoch_56_original,0,C4_motion_blur_9,6,R7_blend_alpha07,"['CAM_FRONT', 'CAM_FRONT_RIGHT', 'CAM_FRONT_LEFT', 'CAM_BACK', 'CAM_BACK_LEFT', 'CAM_BACK_RIGHT']",blend,"[1, 2]",0.7,False,False,False
0.24870017331022531,0.08751324383418824,0.49048229608442645,0.05232921521761598,1.5582404576388205,0.10919540229885058,0.0,0.2804075235109718,0.42555831265508687,0.4941670717311298,47397,0.12144524443567742,0.0,0.7195924764890282,0.8908045977011494,0.0,0.2804075235109718,0.0,0.0,0.0,0.0,0.0,0.0,0.0,0.2804075235109718,0.10919540229885058,0.42555831265508687,0.0,0.0,0.05232921521761598,0.0,0.12144524443567742,0.0,0,0,0.0,0.0,0.0,epoch_56_original,0,A7_drop_all_rear,0,R0_degraded_native,[],native,[],,False,False,False
0.24079288829992823,0.0732828878610615,0.45272008533601055,0.06671314826203781,1.820104160130514,0.13953488372093023,0.4542337662337662,0.3191014815994902,0.34441805225653205,0.45886212266808046,58014,0.1425299617242894,0.0,0.6808985184005099,0.8604651162790697,0.4542337662337662,0.3191014815994902,0.0,0.0,0.0,0.0,0.0,0.0,0.0,0.3191014815994902,0.13953488372093023,0.34441805225653205,0.0,0.0,0.06671314826203781,0.0,0.1425299617242894,0.0,0,0,0.0,0.0,0.0,epoch_56_original,0,A7_drop_all_rear,2,R0_degraded_native,[],native,[],,False,False,False
0.23878063683888925,0.07274016462935151,0.46499741397669536,0.06716178221833509,1.7755636009613922,0.10674157303370786,0.4510319988918133,0.3092943736400373,0.37608966376089664,0.4696528555431131,58361,0.1471599379354407,0.0,0.6907056263599627,0.8932584269662921,0.4510319988918133,0.3092943736400373,0.0,0.0,0.0,0.0,0.0,0.0,0.0,0.3092943736400373,0.10674157303370786,0.37608966376089664,0.46499741397669536,0.0,0.06716178221833509,0.0,0.1471599379354407,0.0,0,0,0.0,0.0,0.0,epoch_56_original,0,A7_drop_all_rear,4,R0_degraded_native,[],native,[],,False,False,False
0.18512585511889598,0.05067392521865463,0.5879413140051438,0.06923755001782814,1.637888707037643,0.2897727272727273,0.33880020699812907,0.5573030208657739,0.4502212389380531,0.5954872364725129,56042,0.12745499181669395,0.0,0.4426969791342261,0.7102272727272727,0.33880020699812907,0.5573030208657739,0.0,0.0,0.0,0.0,0.0,0.0,0.0,0.5573030208657739,0.2897727272727273,0.4502212389380531,0.5879413140051438,0.0,0.06923755001782814,0.0,0.12745499181669395,0.0,0,0,0.0,0.0,0.0,epoch_56_original,0,A7_drop_all_rear,6,R0_degraded_native,[],native,[],,False,False,False
0.27461408347682975,0.11469662970178628,0.43315928535480624,0.055624062820614,1.630976346250629,0.12568306010928962,0.0,0.22516450008024394,0.3425414364640884,0.43811134321429757,51852,0.1045231504781077,0.0,0.7748354999197561,0.8743169398907104,0.0,0.22516450008024394,0.0,0.0,0.0,0.0,0.0,0.0,0.0,0.22516450008024394,0.12568306010928962,0.3425414364640884,0.0,0.0,0.055624062820614,0.0,0.1045231504781077,0.0,0,0,0.0,0.0,0.0,epoch_56_original,1,A0_clean,0,R0_degraded_native,[],native,[],,False,False,False
0.29149322858650406,0.1099422279399288,0.3890203065958035,0.0587325026463127,1.7070136094129214,0.07865168539325842,0.5047675804529201,0.27874672017286617,0.3278879813302217,0.39245515585974244,55565,0.12715431169549324,0.0,0.7212532798271338,0.9213483146067416,0.5047675804529201,0.27874672017286617,0.0,0.0,0.0,0.0,0.0,0.0,0.0,0.27874672017286617,0.07865168539325842,0.3278879813302217,0.0,0.0,0.0587325026463127,0.0,0.12715431169549324,0.0,0,0,0.0,0.0,0.0,epoch_56_original,1,A0_clean,2,R0_degraded_native,[],native,[],,False,False,False
0.26153106102253987,0.09185457555339065,0.42821514423076923,0.06507120253164557,1.7580829326923078,0.14367816091954022,0.4715555344327741,0.2901067388880038,0.37829360100376414,0.4307585466712964,58509,0.12265625,0.0,0.7098932611119961,0.8563218390804598,0.4715555344327741,0.2901067388880038,0.0,0.0,0.0,0.0,0.0,0.0,0.0,0.2901067388880038,0.14367816091954022,0.37829360100376414,0.42821514423076923,0.0,0.06507120253164557,0.0,0.12265625,0.0,0,0,0.0,0.0,0.0,epoch_56_original,1,A0_clean,4,R0_degraded_native,[],native,[],,False,False,False
0.24779409730866042,0.08167936736027138,0.46561083273681697,0.063940297326175,1.6909747077069912,0.3006993006993007,0.45692513023636283,0.29221204188481675,0.50418410041841,0.4631422424702607,56695,0.1336196611787163,0.0,0.7077879581151832,0.6993006993006994,0.45692513023636283,0.29221204188481675,0.0,0.0,0.0,0.0,0.0,0.0,0.0,0.29221204188481675,0.3006993006993007,0.50418410041841,0.46561083273681697,0.0,0.063940297326175,0.0,0.1336196611787163,0.0,0,0,0.0,0.0,0.0,epoch_56_original,1,A0_clean,6,R0_degraded_native,[],native,[],,False,False,False
0.23261315012354608,0.0946670367523368,0.5143746854554605,0.056855549417304606,1.5733203321590337,0.2568306010928962,0.0,0.44840314556251004,0.5009208103130756,0.5151364435160317,50019,0.10798314041268244,0.0,0.55159685443749,0.7431693989071038,0.0,0.44840314556251004,0.0,0.0,0.0,0.0,0.0,0.0,0.0,0.44840314556251004,0.2568306010928962,0.5009208103130756,0.0,0.0,0.056855549417304606,0.0,0.10798314041268244,0.0,0,0,0.0,0.0,0.0,epoch_56_original,1,A1_drop_cam_front,0,R0_degraded_native,[],native,[],,False,False,False
0.20196696696696698,0.07378405954930968,0.5867715277564437,0.056052442262642624,1.459248563792203,0.20224719101123595,0.34239895980062846,0.6709368729742244,0.6983663943990666,0.5807194524635895,47500,0.0813799883260115,0.0,0.32906312702577556,0.797752808988764,0.34239895980062846,0.6709368729742244,0.0,0.0,0.0,0.0,0.0,0.0,0.0,0.6709368729742244,0.20224719101123595,0.6983663943990666,0.0,0.0,0.056052442262642624,0.0,0.0813799883260115,0.0,0,0,0.0,0.0,0.0,epoch_56_original,1,A1_drop_cam_front,2,R0_degraded_native,[],native,[],,False,False,False
0.17508363166852514,0.06167831406253945,0.641436298076923,0.05748285864978903,1.4065204326923078,0.1724137931034483,0.29556580010455774,0.7570495459614466,0.5809284818067754,0.644622620663531,46809,0.08927283653846153,0.0,0.24295045403855342,0.8275862068965517,0.29556580010455774,0.7570495459614466,0.0,0.0,0.0,0.0,0.0,0.0,0.0,0.7570495459614466,0.1724137931034483,0.5809284818067754,0.641436298076923,0.0,0.05748285864978903,0.0,0.08927283653846153,0.0,0,0,0.0,0.0,0.0,epoch_56_original,1,A1_drop_cam_front,4,R0_degraded_native,[],native,[],,False,False,False
0.14982662445349013,0.04124016125688732,0.703591028394178,0.054086586025405954,1.2747554282987354,0.38461538461538464,0.2505274034528781,0.8370418848167539,0.6961297071129707,0.7040939002784106,42740,0.0834824624194703,0.0,0.1629581151832461,0.6153846153846154,0.2505274034528781,0.8370418848167539,0.0,0.0,0.0,0.0,0.0,0.0,0.0,0.8370418848167539,0.38461538461538464,0.6961297071129707,0.703591028394178,0.0,0.054086586025405954,0.0,0.0834824624194703,0.0,0,0,0.0,0.0,0.0,epoch_56_original,1,A1_drop_cam_front,6,R0_degraded_native,[],native,[],,False,False,False
0.2530195330559408,0.10336322715822827,0.4491381479617514,0.06153158130113382,1.7280133366884751,0.14754098360655737,0.0,0.2620767132081528,0.4284837323511357,0.45024702410557377,54937,0.11367639657775541,0.0,0.7379232867918473,0.8524590163934427,0.0,0.2620767132081528,0.020406382932394745,0.008696190405891466,0.004676031883829215,0.09832263739778883,0.15469300452944146,0.005693256165072977,0.004676031883829215,0.2620767132081528,0.14754098360655737,0.4284837323511357,0.0,0.0,0.06153158130113382,0.15469300452944146,0.11367639657775541,0.020406382932394745,1,1,0.04687363214113495,1.0,17068.91330718994,epoch_56_original,1,A1_drop_cam_front,0,R1_replace_tminus1,['CAM_FRONT'],replace,[1],,False,False,False
0.28013959837322866,0.11262086278733179,0.3884366071702866,0.06339626865794494,1.7946299652852447,0.17415730337078653,0.5047134034023187,0.2909399598703504,0.4346557759626604,0.38580557267507865,58417,0.12039568676845565,0.0,0.7090600401296496,0.8258426966292135,0.5047134034023187,0.2909399598703504,0.07817263140626168,0.038836803238022105,0.007343826395302316,0.22983157894736841,0.33538140149304163,0.03901569844244415,0.007343826395302316,0.2909399598703504,0.17415730337078653,0.4346557759626604,0.0,0.0,0.06339626865794494,0.33538140149304163,0.12039568676845565,0.07817263140626168,1,1,0.04687363214113495,1.0,17068.91330718994,epoch_56_original,1,A1_drop_cam_front,2,R1_replace_tminus1,['CAM_FRONT'],replace,[1],,False,False,False
0.25776796956445214,0.10561975043981184,0.42791466346153845,0.06688587816455696,1.7914663461538463,0.1839080459770115,0.48600351694311106,0.26796240242153896,0.4178168130489335,0.42839104769721265,59620,0.11763822115384616,0.0,0.732037597578461,0.8160919540229885,0.48600351694311106,0.26796240242153896,0.082684337895927,0.04394143637727239,0.009403019514767928,0.27368668418466535,0.3849459134615385,0.028365384615384626,0.009403019514767928,0.26796240242153896,0.1839080459770115,0.4178168130489335,0.42791466346153845,0.0,0.06688587816455696,0.3849459134615385,0.11763822115384616,0.082684337895927,1,1,0.04687363214113495,1.0,17068.91330718994,epoch_56_original,1,A1_drop_cam_front,4,R1_replace_tminus1,['CAM_FRONT'],replace,[1],,False,False,False
0.24049159470507026,0.07643219620572106,0.4700548795036984,0.06653893337202707,1.7335361488904797,0.27972027972027974,0.44818530158866837,0.29793848167539266,0.497907949790795,0.46829916476841305,58122,0.1250596516344548,0.0,0.7020615183246073,0.7202797202797202,0.44818530158866837,0.29793848167539266,0.09066497025158013,0.03519203494883374,0.012452347346621116,0.35989705194197474,0.45878072059174424,0.04157718921498449,0.012452347346621116,0.29793848167539266,0.27972027972027974,0.497907949790795,0.4700548795036984,0.0,0.06653893337202707,0.45878072059174424,0.1250596516344548,0.09066497025158013,1,1,0.04687363214113495,1.0,17068.91330718994,epoch_56_original,1,A1_drop_cam_front,6,R1_replace_tminus1,['CAM_FRONT'],replace,[1],,False,False,False
0.27030761836097095,0.10635374467738855,0.4339456467035732,0.057190960987030755,1.6601660795168596,0.23497267759562843,0.0,0.30043331728454503,0.5279312461632903,0.4288603733545542,52780,0.10125188726723704,0.0,0.699566682715455,0.7650273224043715,0.0,0.30043331728454503,0.037694468237424866,0.011686707925051748,0.00033541156972614894,0.05519902437073912,0.08684574735782591,-0.006731253145445398,0.00033541156972614894,0.30043331728454503,0.23497267759562843,0.5279312461632903,0.0,0.0,0.057190960987030755,0.08684574735782591,0.10125188726723704,0.037694468237424866,1,2,0.04657182740894231,1.0,17195.072303771973,epoch_56_original,1,A1_drop_cam_front,0,R2_replace_tminus2,['CAM_FRONT'],replace,[2],,False,False,False
0.2753517082974447,0.10771748783076336,0.41074006942951063,0.06108990219755074,1.7292863506497496,0.16853932584269662,0.47491602557156787,0.3444976076555024,0.544924154025671,0.4032242369197833,56290,0.11121010107216368,0.0,0.6555023923444976,0.8314606741573034,0.47491602557156787,0.3444976076555024,0.07338474133047773,0.03393342828145368,0.005037459934908117,0.18505263157894736,0.27003778685754654,0.029830112746152188,0.005037459934908117,0.3444976076555024,0.16853932584269662,0.544924154025671,0.0,0.0,0.06108990219755074,0.27003778685754654,0.11121010107216368,0.07338474133047773,1,2,0.04657182740894231,1.0,17195.072303771973,epoch_56_original,1,A1_drop_cam_front,2,R2_replace_tminus2,['CAM_FRONT'],replace,[2],,False,False,False
0.24916394697610703,0.09186172979120145,0.4425480769230769,0.06786820938818565,1.7947415865384615,0.1896551724137931,0.4811083123425693,0.26796240242153896,0.5633626097867002,0.4364405442090975,59729,0.1301983173076923,0.0,0.732037597578461,0.8103448275862069,0.4811083123425693,0.26796240242153896,0.07408031530758188,0.030183415728662004,0.010385350738396616,0.2760152962037215,0.38822115384615374,0.04092548076923076,0.010385350738396616,0.26796240242153896,0.1896551724137931,0.5633626097867002,0.4425480769230769,0.0,0.06786820938818565,0.38822115384615374,0.1301983173076923,0.07408031530758188,1,2,0.04657182740894231,1.0,17195.072303771973,epoch_56_original,1,A1_drop_cam_front,4,R2_replace_tminus2,['CAM_FRONT'],replace,[2],,False,False,False
0.2166615399018336,0.06714797869516577,0.5168217609162491,0.06800478834966825,1.7132844189930805,0.27972027972027974,0.4335041115942653,0.3157722513089005,0.6328451882845189,0.5097443685143002,57443,0.1313528990694345,0.0,0.6842277486910995,0.7202797202797202,0.4335041115942653,0.3157722513089005,0.06683491544834347,0.025907817438278448,0.013918202324262295,0.34401029480580253,0.43852899069434503,0.04787043664996421,0.013918202324262295,0.3157722513089005,0.27972027972027974,0.6328451882845189,0.5168217609162491,0.0,0.06800478834966825,0.43852899069434503,0.1313528990694345,0.06683491544834347,1,2,0.04657182740894231,1.0,17195.072303771973,epoch_56_original,1,A1_drop_cam_front,6,R2_replace_tminus2,['CAM_FRONT'],replace,[2],,False,False,False
0.27192904787202643,0.11237658990552352,0.4203887770508304,0.059144240128377136,1.7110908404630096,0.1912568306010929,0.0,0.2492376825549671,0.4892572130141191,0.41665837726715077,54399,0.10766859587317563,0.0,0.7507623174450329,0.8087431693989071,0.0,0.2492376825549671,0.03931589774848035,0.017709553153186716,0.00228869071107253,0.08756672464463504,0.13777050830397597,-0.0003145445395068003,0.00228869071107253,0.2492376825549671,0.1912568306010929,0.4892572130141191,0.0,0.0,0.059144240128377136,0.13777050830397597,0.10766859587317563,0.03931589774848035,1,1,0.044619652019305664,1.0,15566.404090881348,epoch_56_original,1,A1_drop_cam_front,0,R3_ema_K2,['CAM_FRONT'],ema,"[1, 2]",,False,False,False
0.2877396052556737,0.11536883119773424,0.3783601118245215,0.06218299807885106,1.7820650671254339,0.21910112359550563,0.5029255607324737,0.2826053403302979,0.47024504084014,0.37318758311978983,58008,0.12051857085803816,0.0,0.7173946596697021,0.7808988764044944,0.5029255607324737,0.2826053403302979,0.08577263828870674,0.04158477164842456,0.006130555816208437,0.22122105263157896,0.32281650333323086,0.039138582532026664,0.006130555816208437,0.2826053403302979,0.21910112359550563,0.47024504084014,0.0,0.0,0.06218299807885106,0.32281650333323086,0.12051857085803816,0.08577263828870674,1,1,0.044619652019305664,1.0,15566.404090881348,epoch_56_original,1,A1_drop_cam_front,2,R3_ema_K2,['CAM_FRONT'],ema,"[1, 2]",,False,False,False
0.2610747121788131,0.10115615877526864,0.41808894230769234,0.06740835970464135,1.8108173076923078,0.1896551724137931,0.4881897248229647,0.24836705432531464,0.46612296110414053,0.41563811989014804,60264,0.12496995192307692,0.0,0.7516329456746853,0.8103448275862069,0.4881897248229647,0.24836705432531464,0.08599108051028798,0.039477844712729186,0.009925501054852313,0.28744472216881367,0.404296875,0.03569711538461538,0.009925501054852313,0.24836705432531464,0.1896551724137931,0.46612296110414053,0.41808894230769234,0.0,0.06740835970464135,0.404296875,0.12496995192307692,0.08599108051028798,1,1,0.044619652019305664,1.0,15566.404090881348,epoch_56_original,1,A1_drop_cam_front,4,R3_ema_K2,['CAM_FRONT'],ema,"[1, 2]",,False,False,False
0.23891469736753518,0.07776437515434,0.4708005249343832,0.0671704546953528,1.744213791457886,0.2867132867132867,0.4517156757222198,0.29695680628272253,0.5381799163179917,0.4666540116426221,58480,0.12270341207349081,0.0,0.7030431937172774,0.7132867132867133,0.4517156757222198,0.29695680628272253,0.08908807291404505,0.036524213897452674,0.01308386866994684,0.36827328029948525,0.46945836315915046,0.03922094965402051,0.01308386866994684,0.29695680628272253,0.2867132867132867,0.5381799163179917,0.4708005249343832,0.0,0.0671704546953528,0.46945836315915046,0.12270341207349081,0.08908807291404505,1,1,0.044619652019305664,1.0,15566.404090881348,epoch_56_original,1,A1_drop_cam_front,6,R3_ema_K2,['CAM_FRONT'],ema,"[1, 2]",,False,False,False
0.28054730747996837,0.11685688874908788,0.4085933568193256,0.05791933022913214,1.699452692501258,0.18579234972677597,0.0,0.24779329160648372,0.5089011663597299,0.40316323485526706,54029,0.10675641670860594,0.0,0.7522067083935162,0.8142076502732241,0.0,0.24779329160648372,0.047934157356422286,0.02218985199675108,0.001063780811827536,0.08016953557648093,0.12613236034222441,-0.0012267237040764906,0.001063780811827536,0.24779329160648372,0.18579234972677597,0.5089011663597299,0.0,0.0,0.05791933022913214,0.12613236034222441,0.10675641670860594,0.047934157356422286,1,2,0.043678672137585556,1.0,14993.713661193848,epoch_56_original,1,A1_drop_cam_front,0,R4_ema_K3,['CAM_FRONT'],ema,"[1, 2, 3]",,False,False,False
0.2905228149146322,0.11577926447752375,0.3774077601302571,0.06124958638502986,1.7655985991213787,0.1853932584269663,0.503413154187886,0.3062200956937799,0.5116686114352392,0.36987901002303025,57472,0.11689349021535436,0.0,0.69377990430622,0.8146067415730337,0.503413154187886,0.3062200956937799,0.08855584794766524,0.04199520492821407,0.005197144122387233,0.20993684210526317,0.3063500353291757,0.035513501889342866,0.005197144122387233,0.3062200956937799,0.1853932584269663,0.5116686114352392,0.0,0.0,0.06124958638502986,0.3063500353291757,0.11689349021535436,0.08855584794766524,1,2,0.043678672137585556,1.0,14993.713661193848,epoch_56_original,1,A1_drop_cam_front,2,R4_ema_K3,['CAM_FRONT'],ema,"[1, 2, 3]",,False,False,False
0.2610234260417928,0.09952261932789351,0.4170973557692308,0.06764075685654009,1.816045673076923,0.19540229885057472,0.49028088018630295,0.25840369603313684,0.534504391468005,0.41115565516588276,60438,0.12439903846153846,0.0,0.7415963039668632,0.8045977011494253,0.49028088018630295,0.25840369603313684,0.08593979437326765,0.03784430526535406,0.010157898206751052,0.291161956034096,0.40952524038461524,0.03512620192307693,0.010157898206751052,0.25840369603313684,0.19540229885057472,0.534504391468005,0.4170973557692308,0.0,0.06764075685654009,0.40952524038461524,0.12439903846153846,0.08593979437326765,1,2,0.043678672137585556,1.0,14993.713661193848,epoch_56_original,1,A1_drop_cam_front,4,R4_ema_K3,['CAM_FRONT'],ema,"[1, 2, 3]",,False,False,False
0.23809523809523808,0.07867226927575927,0.472381293247435,0.06722486775976468,1.743617275113338,0.2867132867132867,0.45541826322813966,0.29712041884816753,0.5617154811715481,0.46690711212351305,58460,0.12392627057981388,0.0,0.7028795811518325,0.7132867132867133,0.45541826322813966,0.29712041884816753,0.08826861364174796,0.037432108018871944,0.013138281734358721,0.3678053345811886,0.46886184681460263,0.04044380816034358,0.013138281734358721,0.29712041884816753,0.2867132867132867,0.5617154811715481,0.472381293247435,0.0,0.06722486775976468,0.46886184681460263,0.12392627057981388,0.08826861364174796,1,2,0.043678672137585556,1.0,14993.713661193848,epoch_56_original,1,A1_drop_cam_front,6,R4_ema_K3,['CAM_FRONT'],ema,"[1, 2, 3]",,False,False,False
0.14745996956709898,0.07776598005695726,0.6677466029189734,0.0655055507326441,1.5854302969300453,0.8087431693989071,0.0,0.6072861498956829,0.5089011663597299,0.6763818428993004,50404,0.08241066935078006,0.0,0.39271385010431714,0.1912568306010929,0.0,0.6072861498956829,0.0,0.0,0.0,0.0,0.0,0.0,0.0,0.6072861498956829,0.8087431693989071,0.5089011663597299,0.0,0.0,0.0655055507326441,0.0,0.08241066935078006,0.0,0,0,0.0,0.0,0.0,epoch_56_original,1,A10_drop_front_triplet,0,R0_degraded_native,[],native,[],,False,False,False
0.12301369863013699,0.05270736081238824,0.7103314798316488,0.0725970410684683,1.6444348867930325,0.8932584269662921,0.26248781016361467,0.8113906467047384,0.6411901983663943,0.7142301080151805,53528,0.08012042640779085,0.0,0.18860935329526163,0.1067415730337079,0.26248781016361467,0.8113906467047384,0.0,0.0,0.0,0.0,0.0,0.0,0.0,0.8113906467047384,0.8932584269662921,0.6411901983663943,0.0,0.0,0.0725970410684683,0.0,0.08012042640779085,0.0,0,0,0.0,0.0,0.0,epoch_56_original,1,A10_drop_front_triplet,2,R0_degraded_native,[],native,[],,False,False,False
0.10374875192883726,0.045493474104819104,0.7595853365384615,0.07225573575949368,1.5576923076923077,0.9022988505747126,0.21144432298845112,0.8502469332483671,0.6210790464240903,0.7667224344202784,51840,0.07761418269230769,0.0,0.1497530667516329,0.0977011494252874,0.21144432298845112,0.8502469332483671,0.0,0.0,0.0,0.0,0.0,0.0,0.0,0.8502469332483671,0.9022988505747126,0.6210790464240903,0.7595853365384615,0.0,0.07225573575949368,0.0,0.07761418269230769,0.0,0,0,0.0,0.0,0.0,epoch_56_original,1,A10_drop_front_triplet,4,R0_degraded_native,[],native,[],,False,False,False
0.06955663256147909,0.020459099211038077,0.8381949415413983,0.07331913097389492,1.4880398472918157,0.8951048951048951,0.1591682094114608,0.8915248691099477,0.6511506276150628,0.8496583143507973,49891,0.06880816034359341,0.05121073298429319,0.10847513089005234,0.1048951048951049,0.1591682094114608,0.8915248691099477,0.0,0.0,0.0,0.0,0.0,0.0,0.0,0.8915248691099477,0.8951048951048951,0.6511506276150628,0.8381949415413983,0.05121073298429319,0.07331913097389492,0.0,0.06880816034359341,0.0,0,0,0.0,0.0,0.0,epoch_56_original,1,A10_drop_front_triplet,6,R0_degraded_native,[],native,[],,False,False,False
0.2418720231932077,0.09942913173194871,0.4489179667840966,0.06682417857048904,1.8294854051333669,0.6721311475409836,0.0,0.2522869523350987,0.49969306322897483,0.44616863954375147,58163,0.10965022647206844,0.0,0.7477130476649013,0.3278688524590164,0.0,0.2522869523350987,0.09441205362610872,0.021663151674991457,0.001318627837844949,0.1539361955400365,0.24405510820332155,0.02723955712128838,0.001318627837844949,0.2522869523350987,0.6721311475409836,0.49969306322897483,0.0,0.0,0.06682417857048904,0.24405510820332155,0.10965022647206844,0.09441205362610872,3,1,0.048756703282847536,1.0,18609.122393290203,epoch_56_original,1,A10_drop_front_triplet,0,R1_replace_tminus1,"['CAM_FRONT', 'CAM_FRONT_LEFT', 'CAM_FRONT_RIGHT']",replace,[1],,False,False,False
0.26142050472341904,0.0981346025689658,0.399803385456668,0.06944286680857159,1.8961015022579952,0.6348314606741573,0.4926860981688157,0.2630035499305448,0.4474912485414236,0.39709364559343474,61720,0.1189825197382569,0.0,0.7369964500694552,0.3651685393258427,0.4926860981688157,0.2630035499305448,0.13840680609328204,0.045427241756577565,-0.003154174259896711,0.15304139889403676,0.2516666154649627,0.038862093330466044,-0.003154174259896711,0.2630035499305448,0.6348314606741573,0.4474912485414236,0.0,0.0,0.06944286680857159,0.2516666154649627,0.1189825197382569,0.13840680609328204,3,1,0.048756703282847536,1.0,18609.122393290203,epoch_56_original,1,A10_drop_front_triplet,2,R1_replace_tminus1,"['CAM_FRONT', 'CAM_FRONT_LEFT', 'CAM_FRONT_RIGHT']",replace,[1],,False,False,False
0.23533676878058887,0.0946849230516146,0.45384615384615384,0.07244527953586498,1.8668870192307692,0.7011494252873564,0.4651394895679863,0.2708300143380596,0.479297365119197,0.4525395372328672,62130,0.11541466346153846,0.0,0.7291699856619405,0.29885057471264365,0.4651394895679863,0.2708300143380596,0.13158801685175162,0.0491914489467955,0.00018954377637130093,0.19849537037037038,0.30919471153846145,0.037800480769230774,0.00018954377637130093,0.2708300143380596,0.7011494252873564,0.479297365119197,0.45384615384615384,0.0,0.07244527953586498,0.30919471153846145,0.11541466346153846,0.13158801685175162,3,1,0.048756703282847536,1.0,18609.122393290203,epoch_56_original,1,A10_drop_front_triplet,4,R1_replace_tminus1,"['CAM_FRONT', 'CAM_FRONT_LEFT', 'CAM_FRONT_RIGHT']",replace,[1],,False,False,False
0.221223951600393,0.07362476791300303,0.4895907897876402,0.07226714506193196,1.8176151276544978,0.8251748251748252,0.44090928660610496,0.2964659685863874,0.5125523012552301,0.48813591495823844,60941,0.12076473395371033,0.6040575916230366,0.7035340314136126,0.1748251748251748,0.44090928660610496,0.2964659685863874,0.1516673190389139,0.05316566870196495,-0.0010519859119629549,0.22148283257501353,0.32957528036268213,0.05195657361011692,-0.0010519859119629549,0.2964659685863874,0.8251748251748252,0.5125523012552301,0.4895907897876402,0.6040575916230366,0.07226714506193196,0.32957528036268213,0.12076473395371033,0.1516673190389139,3,1,0.048756703282847536,1.0,18609.122393290203,epoch_56_original,1,A10_drop_front_triplet,6,R1_replace_tminus1,"['CAM_FRONT', 'CAM_FRONT_LEFT', 'CAM_FRONT_RIGHT']",replace,[1],,False,False,False
0.24540772406950787,0.08975979556395285,0.4709360845495722,0.06041847525846421,1.6849207347760442,0.7650273224043715,0.0,0.312148932755577,0.6015960712093309,0.46387479690971184,53567,0.09540135883241067,0.0,0.687851067244423,0.23497267759562845,0.0,0.312148932755577,0.09794775450240889,0.01199381550699559,-0.005087075474179886,0.06275295611459408,0.09949043784599887,0.01299068948163061,-0.005087075474179886,0.312148932755577,0.7650273224043715,0.6015960712093309,0.0,0.0,0.06041847525846421,0.09949043784599887,0.09540135883241067,0.09794775450240889,3,2,0.048850210552865814,1.0,18787.185829162598,epoch_56_original,1,A10_drop_front_triplet,0,R2_replace_tminus2,"['CAM_FRONT', 'CAM_FRONT_LEFT', 'CAM_FRONT_RIGHT']",replace,[2],,False,False,False
0.24234182257754333,0.09058559353698042,0.458019722896378,0.06625576797393691,1.7784092654603545,0.7471910112359551,0.4317369162422798,0.3406389874980707,0.6155192532088681,0.44921989036296994,57889,0.1084452090565574,0.0,0.6593610125019294,0.2528089887640449,0.4317369162422798,0.3406389874980707,0.11932812394740634,0.03787823272459218,-0.006341273094531391,0.08147137946495292,0.13397437866732198,0.028324782648766547,-0.006341273094531391,0.3406389874980707,0.7471910112359551,0.6155192532088681,0.0,0.0,0.06625576797393691,0.13397437866732198,0.1084452090565574,0.11932812394740634,3,2,0.048850210552865814,1.0,18787.185829162598,epoch_56_original,1,A10_drop_front_triplet,2,R2_replace_tminus2,"['CAM_FRONT', 'CAM_FRONT_LEFT', 'CAM_FRONT_RIGHT']",replace,[2],,False,False,False
0.2221156090350354,0.07677425444876435,0.4852764423076923,0.07226068037974684,1.8320913461538462,0.6839080459770115,0.44208925431300794,0.26875896128723914,0.6480552070263488,0.47706682660437516,60972,0.12298677884615385,0.0,0.7312410387127608,0.3160919540229885,0.44208925431300794,0.26875896128723914,0.11836685710619815,0.03128078034394524,4.944620253161114e-06,0.1761574074074074,0.27439903846153846,0.04537259615384616,4.944620253161114e-06,0.26875896128723914,0.6839080459770115,0.6480552070263488,0.4852764423076923,0.0,0.07226068037974684,0.27439903846153846,0.12298677884615385,0.11836685710619815,3,2,0.048850210552865814,1.0,18787.185829162598,epoch_56_original,1,A10_drop_front_triplet,4,R2_replace_tminus2,"['CAM_FRONT', 'CAM_FRONT_LEFT', 'CAM_FRONT_RIGHT']",replace,[2],,False,False,False
0.19805922833062709,0.057688676047415226,0.5416070150322119,0.0726661742009524,1.772816750178955,0.7832167832167832,0.41313988031170623,0.306446335078534,0.6668410041841004,0.5339787395596052,59439,0.1294440467668814,0.4831479057591623,0.693553664921466,0.21678321678321677,0.41313988031170623,0.306446335078534,0.128502595769148,0.03722957683637715,-0.0006529567729425256,0.1913772023010162,0.2847769028871392,0.06063588642328799,-0.0006529567729425256,0.306446335078534,0.7832167832167832,0.6668410041841004,0.5416070150322119,0.4831479057591623,0.0726661742009524,0.2847769028871392,0.1294440467668814,0.128502595769148,3,2,0.048850210552865814,1.0,18787.185829162598,epoch_56_original,1,A10_drop_front_triplet,6,R2_replace_tminus2,"['CAM_FRONT', 'CAM_FRONT_LEFT', 'CAM_FRONT_RIGHT']",replace,[2],,False,False,False
0.2614793386085822,0.10109046541184807,0.42001132360342225,0.0636722963196801,1.798093860090589,0.7377049180327869,0.0,0.23976889744824265,0.5481890730509515,0.41307735667628237,57165,0.10442878711625567,0.0,0.7602311025517574,0.2622950819672131,0.0,0.23976889744824265,0.11401936904148322,0.023324485354890817,-0.0018332544129639888,0.1341361796682803,0.21266356316054358,0.022018117765475603,-0.0018332544129639888,0.23976889744824265,0.7377049180327869,0.5481890730509515,0.0,0.0,0.0636722963196801,0.21266356316054358,0.10442878711625567,0.11401936904148322,3,1,0.04629756318348827,1.0,17119.96416982015,epoch_56_original,1,A10_drop_front_triplet,0,R3_ema_K2,"['CAM_FRONT', 'CAM_FRONT_LEFT', 'CAM_FRONT_RIGHT']",ema,"[1, 2]",,False,False,False
0.26151683860051306,0.09629556559073671,0.4112316057878406,0.06705583514006937,1.8401277994531657,0.7865168539325843,0.4729114746993174,0.2839944435869733,0.5134189031505251,0.4054948262999124,59898,0.11465085558047372,0.0,0.7160055564130268,0.2134831460674157,0.4729114746993174,0.2839944435869733,0.13850313997037605,0.04358820477834847,-0.0055412059283989346,0.11900313854431326,0.19569291266013322,0.03453042917268287,-0.0055412059283989346,0.2839944435869733,0.7865168539325843,0.5134189031505251,0.0,0.0,0.06705583514006937,0.19569291266013322,0.11465085558047372,0.13850313997037605,3,1,0.04629756318348827,1.0,17119.96416982015,epoch_56_original,1,A10_drop_front_triplet,2,R3_ema_K2,"['CAM_FRONT', 'CAM_FRONT_LEFT', 'CAM_FRONT_RIGHT']",ema,"[1, 2]",,False,False,False
0.23763529960122223,0.08400188608761155,0.44849759615384616,0.07244857594936709,1.8722956730769231,0.7988505747126436,0.46623259350791313,0.2541022781583559,0.5294855708908407,0.444395340762019,62310,0.12190504807692308,0.0,0.745897721841644,0.20114942528735635,0.46623259350791313,0.2541022781583559,0.13388654767238498,0.03850841198279245,0.00019284018987340834,0.2019675925925926,0.3146033653846154,0.044290865384615394,0.00019284018987340834,0.2541022781583559,0.7988505747126436,0.5294855708908407,0.44849759615384616,0.0,0.07244857594936709,0.3146033653846154,0.12190504807692308,0.13388654767238498,3,1,0.04629756318348827,1.0,17119.96416982015,epoch_56_original,1,A10_drop_front_triplet,4,R3_ema_K2,"['CAM_FRONT', 'CAM_FRONT_LEFT', 'CAM_FRONT_RIGHT']",ema,"[1, 2]",,False,False,False
0.21737777201400596,0.06378109918007037,0.5000596516344548,0.07186152039995251,1.7998091147697446,0.8671328671328671,0.4344082317991992,0.28992146596858637,0.5685146443514645,0.49585547962541127,60344,0.12258410880458125,0.5822971204188482,0.7100785340314136,0.13286713286713292,0.4344082317991992,0.28992146596858637,0.14782113945252687,0.04332199996903229,-0.0014576105739424056,0.2095167465073861,0.3117692674779289,0.053775948460987835,-0.0014576105739424056,0.28992146596858637,0.8671328671328671,0.5685146443514645,0.5000596516344548,0.5822971204188482,0.07186152039995251,0.3117692674779289,0.12258410880458125,0.14782113945252687,3,1,0.04629756318348827,1.0,17119.96416982015,epoch_56_original,1,A10_drop_front_triplet,6,R3_ema_K2,"['CAM_FRONT', 'CAM_FRONT_LEFT', 'CAM_FRONT_RIGHT']",ema,"[1, 2]",,False,False,False
0.27107665410355253,0.11460379570251394,0.40500754906894815,0.06246053981532634,1.7899157020634122,0.6994535519125683,0.0,0.2301396244583534,0.5481890730509515,0.39726118239994695,56905,0.10427151484650227,0.0,0.7698603755416467,0.3005464480874317,0.0,0.2301396244583534,0.12361668453645355,0.03683781564555669,-0.0030450109173177572,0.12897785890008728,0.20448540513336688,0.021860845495722203,-0.0030450109173177572,0.2301396244583534,0.6994535519125683,0.5481890730509515,0.0,0.0,0.06246053981532634,0.20448540513336688,0.10427151484650227,0.12361668453645355,3,2,0.04545111401063024,1.0,16575.14735666911,epoch_56_original,1,A10_drop_front_triplet,0,R4_ema_K3,"['CAM_FRONT', 'CAM_FRONT_LEFT', 'CAM_FRONT_RIGHT']",ema,"[1, 2, 3]",,False,False,False
0.2570146673435506,0.09424403908748881,0.4245338084851464,0.06639569741657324,1.8145064667752142,0.8202247191011236,0.4589879726947665,0.3099243710449143,0.5600933488914819,0.416945084173992,59064,0.10939756075082178,0.0,0.6900756289550857,0.1797752808988764,0.4589879726947665,0.3099243710449143,0.1340009687134136,0.04153667827510057,-0.006201343651895064,0.10342250784636078,0.1700715799821817,0.029277134343030933,-0.006201343651895064,0.3099243710449143,0.8202247191011236,0.5600933488914819,0.0,0.0,0.06639569741657324,0.1700715799821817,0.10939756075082178,0.1340009687134136,3,2,0.04545111401063024,1.0,16575.14735666911,epoch_56_original,1,A10_drop_front_triplet,2,R4_ema_K3,"['CAM_FRONT', 'CAM_FRONT_LEFT', 'CAM_FRONT_RIGHT']",ema,"[1, 2, 3]",,False,False,False
0.23433974009804684,0.08199758200078149,0.4570612980769231,0.07223430907172995,1.8598257211538463,0.8045977011494253,0.45801055082933323,0.25792576071371676,0.5664993726474279,0.45152940433725813,61895,0.11908052884615385,0.0,0.7420742392862832,0.1954022988505747,0.45801055082933323,0.25792576071371676,0.13059098816920958,0.03650410789596238,-2.1426687763725916e-05,0.1939621913580247,0.30213341346153855,0.04146634615384616,-2.1426687763725916e-05,0.25792576071371676,0.8045977011494253,0.5664993726474279,0.4570612980769231,0.0,0.07223430907172995,0.30213341346153855,0.11908052884615385,0.13059098816920958,3,2,0.04545111401063024,1.0,16575.14735666911,epoch_56_original,1,A10_drop_front_triplet,4,R4_ema_K3,"['CAM_FRONT', 'CAM_FRONT_LEFT', 'CAM_FRONT_RIGHT']",ema,"[1, 2, 3]",,False,False,False
0.2162214280204664,0.0630602401835303,0.4983595800524934,0.07297616378002612,1.821671438797423,0.916083916083916,0.44017737977353943,0.29335732984293195,0.602510460251046,0.49199569729182485,61077,0.1250596516344548,0.5587369109947644,0.706642670157068,0.08391608391608396,0.44017737977353943,0.29335732984293195,0.1466647954589873,0.04260114097249223,-0.0003429671938687956,0.22420877512978293,0.3336315915056074,0.05625149129086138,-0.0003429671938687956,0.29335732984293195,0.916083916083916,0.602510460251046,0.4983595800524934,0.5587369109947644,0.07297616378002612,0.3336315915056074,0.1250596516344548,0.1466647954589873,3,2,0.04545111401063024,1.0,16575.14735666911,epoch_56_original,1,A10_drop_front_triplet,6,R4_ema_K3,"['CAM_FRONT', 'CAM_FRONT_LEFT', 'CAM_FRONT_RIGHT']",ema,"[1, 2, 3]",,False,False,False
0.2418720231932077,0.09942913173194871,0.4489179667840966,0.06682417857048904,1.8294854051333669,0.6721311475409836,0.0,0.2522869523350987,0.49969306322897483,0.44616863954375147,58163,0.10965022647206844,0.0,0.7477130476649013,0.3278688524590164,0.0,0.2522869523350987,0.09441205362610872,0.021663151674991457,0.001318627837844949,0.1539361955400365,0.24405510820332155,0.02723955712128838,0.001318627837844949,0.2522869523350987,0.6721311475409836,0.49969306322897483,0.0,0.0,0.06682417857048904,0.24405510820332155,0.10965022647206844,0.09441205362610872,3,1,0.048756703282847536,1.0,18609.122393290203,epoch_56_original,1,A10_drop_front_triplet,0,R8_camera_group_repair_front_triplet,"['CAM_FRONT', 'CAM_FRONT_LEFT', 'CAM_FRONT_RIGHT']",replace,[1],,False,False,False
0.26142050472341904,0.0981346025689658,0.399803385456668,0.06944286680857159,1.8961015022579952,0.6348314606741573,0.4926860981688157,0.2630035499305448,0.4474912485414236,0.39709364559343474,61720,0.1189825197382569,0.0,0.7369964500694552,0.3651685393258427,0.4926860981688157,0.2630035499305448,0.13840680609328204,0.045427241756577565,-0.003154174259896711,0.15304139889403676,0.2516666154649627,0.038862093330466044,-0.003154174259896711,0.2630035499305448,0.6348314606741573,0.4474912485414236,0.0,0.0,0.06944286680857159,0.2516666154649627,0.1189825197382569,0.13840680609328204,3,1,0.048756703282847536,1.0,18609.122393290203,epoch_56_original,1,A10_drop_front_triplet,2,R8_camera_group_repair_front_triplet,"['CAM_FRONT', 'CAM_FRONT_LEFT', 'CAM_FRONT_RIGHT']",replace,[1],,False,False,False
0.23533676878058887,0.0946849230516146,0.45384615384615384,0.07244527953586498,1.8668870192307692,0.7011494252873564,0.4651394895679863,0.2708300143380596,0.479297365119197,0.4525395372328672,62130,0.11541466346153846,0.0,0.7291699856619405,0.29885057471264365,0.4651394895679863,0.2708300143380596,0.13158801685175162,0.0491914489467955,0.00018954377637130093,0.19849537037037038,0.30919471153846145,0.037800480769230774,0.00018954377637130093,0.2708300143380596,0.7011494252873564,0.479297365119197,0.45384615384615384,0.0,0.07244527953586498,0.30919471153846145,0.11541466346153846,0.13158801685175162,3,1,0.048756703282847536,1.0,18609.122393290203,epoch_56_original,1,A10_drop_front_triplet,4,R8_camera_group_repair_front_triplet,"['CAM_FRONT', 'CAM_FRONT_LEFT', 'CAM_FRONT_RIGHT']",replace,[1],,False,False,False
0.221223951600393,0.07362476791300303,0.4895907897876402,0.07226714506193196,1.8176151276544978,0.8251748251748252,0.44090928660610496,0.2964659685863874,0.5125523012552301,0.48813591495823844,60941,0.12076473395371033,0.6040575916230366,0.7035340314136126,0.1748251748251748,0.44090928660610496,0.2964659685863874,0.1516673190389139,0.05316566870196495,-0.0010519859119629549,0.22148283257501353,0.32957528036268213,0.05195657361011692,-0.0010519859119629549,0.2964659685863874,0.8251748251748252,0.5125523012552301,0.4895907897876402,0.6040575916230366,0.07226714506193196,0.32957528036268213,0.12076473395371033,0.1516673190389139,3,1,0.048756703282847536,1.0,18609.122393290203,epoch_56_original,1,A10_drop_front_triplet,6,R8_camera_group_repair_front_triplet,"['CAM_FRONT', 'CAM_FRONT_LEFT', 'CAM_FRONT_RIGHT']",replace,[1],,False,False,False
0.18926103803277866,0.059401480978074475,0.5252579265223956,0.07884638150106542,1.983140412682436,0.4426229508196721,0.0,0.4069972717059862,0.4389195825659914,0.5299578898504592,63048,0.12235782586814294,0.0,0.5930027282940138,0.5573770491803278,0.0,0.4069972717059862,0.0,0.0,0.0,0.0,0.0,0.0,0.0,0.4069972717059862,0.4426229508196721,0.4389195825659914,0.0,0.0,0.07884638150106542,0.0,0.12235782586814294,0.0,0,0,0.0,0.0,0.0,epoch_56_original,1,C4_motion_blur_9,0,R0_degraded_native,[],native,[],,False,False,False
0.1839950119305987,0.05577786064170867,0.5285859113391294,0.08370743881379342,2.033516635433627,0.3595505617977528,0.35550980604615884,0.3728970520141997,0.45215869311551926,0.5329073275162995,66193,0.11121010107216368,0.0,0.6271029479858004,0.6404494382022472,0.35550980604615884,0.3728970520141997,0.0,0.0,0.0,0.0,0.0,0.0,0.0,0.3728970520141997,0.3595505617977528,0.45215869311551926,0.0,0.0,0.08370743881379342,0.0,0.11121010107216368,0.0,0,0,0.0,0.0,0.0,epoch_56_original,1,C4_motion_blur_9,2,R0_degraded_native,[],native,[],,False,False,False
0.17597546012269938,0.05797283368954017,0.5690504807692308,0.07947652953586498,1.8798677884615385,0.45977011494252873,0.3640036119956276,0.4806436195634857,0.48306148055207027,0.5734398181760788,62562,0.09528245192307692,0.0,0.5193563804365142,0.5402298850574713,0.3640036119956276,0.4806436195634857,0.0,0.0,0.0,0.0,0.0,0.0,0.0,0.4806436195634857,0.45977011494252873,0.48306148055207027,0.5690504807692308,0.0,0.07947652953586498,0.0,0.09528245192307692,0.0,0,0,0.0,0.0,0.0,epoch_56_original,1,C4_motion_blur_9,4,R0_degraded_native,[],native,[],,False,False,False
0.1601475392051687,0.049391197557343024,0.6037341923168695,0.08150912160825231,1.8706454306848008,0.5174825174825175,0.346407198518965,0.5353403141361257,0.5622384937238494,0.6062072892938497,62719,0.09490575041756144,0.0,0.4646596858638743,0.4825174825174825,0.346407198518965,0.5353403141361257,0.0,0.0,0.0,0.0,0.0,0.0,0.0,0.5353403141361257,0.5174825174825175,0.5622384937238494,0.6037341923168695,0.0,0.08150912160825231,0.0,0.09490575041756144,0.0,0,0,0.0,0.0,0.0,epoch_56_original,1,C4_motion_blur_9,6,R0_degraded_native,[],native,[],,False,False,False
0.19317419231137956,0.07486713759602673,0.5563349270256668,0.0677810880488254,1.7403749370910921,0.3825136612021858,0.0,0.5387578237843043,0.3333333333333333,0.5683875460061674,55330,0.10125188726723704,0.0,0.46124217621569574,0.6174863387978142,0.0,0.5387578237843043,0.003913154278600894,0.015465656617952253,-0.011065293452240013,-0.12241466818931608,-0.24276547559134376,-0.0211059386009059,-0.011065293452240013,0.5387578237843043,0.3825136612021858,0.3333333333333333,0.0,0.0,0.0677810880488254,-0.24276547559134376,0.10125188726723704,0.003913154278600894,6,1,0.04018240992092726,1.0,1129.0893859863281,epoch_56_original,1,C4_motion_blur_9,0,R5_blend_alpha03,"['CAM_FRONT', 'CAM_FRONT_RIGHT', 'CAM_FRONT_LEFT', 'CAM_BACK', 'CAM_BACK_LEFT', 'CAM_BACK_RIGHT']",blend,"[1, 2]",0.3,False,False,False
0.1736477594480705,0.05573910787310199,0.5986912844459463,0.07025445757586234,1.7123590673097602,0.4887640449438202,0.367103694874851,0.6192313628646396,0.426487747957993,0.6083233319277304,55739,0.09677122054621978,0.0,0.38076863713536035,0.5112359550561798,0.367103694874851,0.6192313628646396,-0.010347252482528185,-3.875276860668131e-05,-0.01345298123793108,-0.1579321076246733,-0.321157568123867,-0.0144388805259439,-0.01345298123793108,0.6192313628646396,0.4887640449438202,0.426487747957993,0.0,0.0,0.07025445757586234,-0.321157568123867,0.09677122054621978,-0.010347252482528185,6,1,0.04018240992092726,1.0,1129.0893859863281,epoch_56_original,1,C4_motion_blur_9,2,R5_blend_alpha03,"['CAM_FRONT', 'CAM_FRONT_RIGHT', 'CAM_FRONT_LEFT', 'CAM_BACK', 'CAM_BACK_LEFT', 'CAM_BACK_RIGHT']",blend,"[1, 2]",0.3,False,False,False
0.2045366962114467,0.05939883067762766,0.5375,0.06918018196202531,1.7237079326923077,0.42528735632183906,0.4361959982890547,0.4186713398120121,0.451693851944793,0.5418415985353073,57365,0.09951923076923076,0.0,0.5813286601879879,0.5747126436781609,0.4361959982890547,0.4186713398120121,0.028561236088747333,0.0014259969880874926,-0.010296347573839668,-0.0830695949617979,-0.15615985576923075,0.004236778846153838,-0.010296347573839668,0.4186713398120121,0.42528735632183906,0.451693851944793,0.5375,0.0,0.06918018196202531,-0.15615985576923075,0.09951923076923076,0.028561236088747333,6,1,0.04018240992092726,1.0,1129.0893859863281,epoch_56_original,1,C4_motion_blur_9,4,R5_blend_alpha03,"['CAM_FRONT', 'CAM_FRONT_RIGHT', 'CAM_FRONT_LEFT', 'CAM_BACK', 'CAM_BACK_LEFT', 'CAM_BACK_RIGHT']",blend,"[1, 2]",0.3,False,False,False
0.19950332219330805,0.0577829374591785,0.5495406824146981,0.06954154519911884,1.7083631591505608,0.4195804195804196,0.3986309036896715,0.406086387434555,0.46548117154811713,0.5545747911921033,57278,0.09213194941541399,0.0,0.593913612565445,0.5804195804195804,0.3986309036896715,0.406086387434555,0.039355782988139354,0.008391739901835477,-0.01196757640913347,-0.08675202091870088,-0.16228227153424002,-0.002773801002147455,-0.01196757640913347,0.406086387434555,0.4195804195804196,0.46548117154811713,0.5495406824146981,0.0,0.06954154519911884,-0.16228227153424002,0.09213194941541399,0.039355782988139354,6,1,0.04018240992092726,1.0,1129.0893859863281,epoch_56_original,1,C4_motion_blur_9,6,R5_blend_alpha03,"['CAM_FRONT', 'CAM_FRONT_RIGHT', 'CAM_FRONT_LEFT', 'CAM_BACK', 'CAM_BACK_LEFT', 'CAM_BACK_RIGHT']",blend,"[1, 2]",0.3,False,False,False
0.19283087241062252,0.07252406734671646,0.5514280322093609,0.06932496777418251,1.774817564167086,0.46994535519125685,0.0,0.5101909805809661,0.33824432166973606,0.5629828575218011,56425,0.11053095118268746,0.0,0.4898090194190339,0.5300546448087431,0.0,0.5101909805809661,0.0035698343778438613,0.013122586368641984,-0.009521413726882907,-0.10504694835680752,-0.20832284851534988,-0.011826874685455471,-0.009521413726882907,0.5101909805809661,0.46994535519125685,0.33824432166973606,0.0,0.0,0.06932496777418251,-0.20832284851534988,0.11053095118268746,0.0035698343778438613,6,1,0.04018240992092726,1.0,1680.3292744954426,epoch_56_original,1,C4_motion_blur_9,0,R6_blend_alpha05,"['CAM_FRONT', 'CAM_FRONT_RIGHT', 'CAM_FRONT_LEFT', 'CAM_BACK', 'CAM_BACK_LEFT', 'CAM_BACK_RIGHT']",blend,"[1, 2]",0.5,False,False,False
0.17705925648541507,0.0522851375257834,0.5787533409111856,0.07390250045682847,1.8003747964732266,0.4157303370786517,0.37528442951565716,0.5419046149097083,0.4136522753792299,0.5879853384800026,58604,0.10313047218211423,0.0,0.4580953850902917,0.5842696629213483,0.37528442951565716,0.5419046149097083,-0.006935755445183628,-0.0034927231159252725,-0.009804938356964943,-0.11464958530358195,-0.23314183896040053,-0.008079628890049456,-0.009804938356964943,0.5419046149097083,0.4157303370786517,0.4136522753792299,0.0,0.0,0.07390250045682847,-0.23314183896040053,0.10313047218211423,-0.006935755445183628,6,1,0.04018240992092726,1.0,1680.3292744954426,epoch_56_original,1,C4_motion_blur_9,2,R6_blend_alpha05,"['CAM_FRONT', 'CAM_FRONT_RIGHT', 'CAM_FRONT_LEFT', 'CAM_BACK', 'CAM_BACK_LEFT', 'CAM_BACK_RIGHT']",blend,"[1, 2]",0.5,False,False,False
0.20228288097513106,0.060221747604184424,0.5292668269230769,0.07279469936708861,1.7978365384615385,0.4885057471264368,0.4272135354783518,0.38123307312410387,0.4485570890840652,0.5333817355345812,59832,0.09912860576923077,0.0,0.6187669268758962,0.5114942528735632,0.4272135354783518,0.38123307312410387,0.02630742085243168,0.0022489139146442544,-0.006681830168776368,-0.043636712381317735,-0.08203125,0.0038461538461538464,-0.006681830168776368,0.38123307312410387,0.4885057471264368,0.4485570890840652,0.5292668269230769,0.0,0.07279469936708861,-0.08203125,0.09912860576923077,0.02630742085243168,6,1,0.04018240992092726,1.0,1680.3292744954426,epoch_56_original,1,C4_motion_blur_9,4,R6_blend_alpha05,"['CAM_FRONT', 'CAM_FRONT_RIGHT', 'CAM_FRONT_LEFT', 'CAM_BACK', 'CAM_BACK_LEFT', 'CAM_BACK_RIGHT']",blend,"[1, 2]",0.5,False,False,False
0.19440420827933216,0.055807697719272374,0.5436649964209019,0.07448653853764065,1.8036864710093057,0.5314685314685315,0.4028931846557885,0.41852094240837695,0.4801255230125523,0.5474563401670464,60474,0.09911119064662371,0.0,0.5814790575916231,0.46853146853146854,0.4028931846557885,0.41852094240837695,0.03425666907416347,0.0064165001619293505,-0.007022583070611668,-0.03579457580637446,-0.06695895967549514,0.004205440229062274,-0.007022583070611668,0.41852094240837695,0.5314685314685315,0.4801255230125523,0.5436649964209019,0.0,0.07448653853764065,-0.06695895967549514,0.09911119064662371,0.03425666907416347,6,1,0.04018240992092726,1.0,1680.3292744954426,epoch_56_original,1,C4_motion_blur_9,6,R6_blend_alpha05,"['CAM_FRONT', 'CAM_FRONT_RIGHT', 'CAM_FRONT_LEFT', 'CAM_BACK', 'CAM_BACK_LEFT', 'CAM_BACK_RIGHT']",blend,"[1, 2]",0.5,False,False,False
0.1927221246362373,0.06888552190284615,0.5375566180171112,0.07315589403625075,1.8619778560644187,0.453551912568306,0.0,0.44615631519820254,0.3505217925107428,0.5477303624125468,59196,0.11971565173628586,0.0,0.5538436848017975,0.5464480874316939,0.0,0.44615631519820254,0.0034610866034586463,0.009484040924771675,-0.005690487464814667,-0.061096307575180815,-0.12116255661801723,-0.002642174131857078,-0.005690487464814667,0.44615631519820254,0.453551912568306,0.3505217925107428,0.0,0.0,0.07315589403625075,-0.12116255661801723,0.11971565173628586,0.0034610866034586463,6,1,0.04018240992092726,1.0,1596.2344055175781,epoch_56_original,1,C4_motion_blur_9,0,R7_blend_alpha07,"['CAM_FRONT', 'CAM_FRONT_RIGHT', 'CAM_FRONT_LEFT', 'CAM_BACK', 'CAM_BACK_LEFT', 'CAM_BACK_RIGHT']",blend,"[1, 2]",0.7,False,False,False
0.18758528326679133,0.06089484387279291,0.5438849804921507,0.0767093204532397,1.8876225000768025,0.42134831460674155,0.37999783291797595,0.4664300046303442,0.40956826137689617,0.5513964124687794,61444,0.11142514822893305,0.0,0.5335699953696558,0.5786516853932584,0.37999783291797595,0.4664300046303442,0.0035902713361926353,0.005116983231084241,-0.006998118360553723,-0.07174474642333782,-0.1458941353568246,0.00021504715676937125,-0.006998118360553723,0.4664300046303442,0.42134831460674155,0.40956826137689617,0.0,0.0,0.0767093204532397,-0.1458941353568246,0.11142514822893305,0.0035902713361926353,6,1,0.04018240992092726,1.0,1596.2344055175781,epoch_56_original,1,C4_motion_blur_9,2,R7_blend_alpha07,"['CAM_FRONT', 'CAM_FRONT_RIGHT', 'CAM_FRONT_LEFT', 'CAM_BACK', 'CAM_BACK_LEFT', 'CAM_BACK_RIGHT']",blend,"[1, 2]",0.7,False,False,False
0.19759280312391875,0.07167288765649216,0.51953125,0.07852716244725738,1.912079326923077,0.4942528735632184,0.4253124851480443,0.3762944081567628,0.4491844416562108,0.5230910066605637,63634,0.10192307692307692,0.0,0.6237055918432373,0.5057471264367817,0.4253124851480443,0.3762944081567628,0.02161734300121937,0.013700053966951987,-0.0009493670886076,0.017135002077938683,0.03221153846153846,0.006640624999999997,-0.0009493670886076,0.3762944081567628,0.4942528735632184,0.4491844416562108,0.51953125,0.0,0.07852716244725738,0.03221153846153846,0.10192307692307692,0.02161734300121937,6,1,0.04018240992092726,1.0,1596.2344055175781,epoch_56_original,1,C4_motion_blur_9,4,R7_blend_alpha07,"['CAM_FRONT', 'CAM_FRONT_RIGHT', 'CAM_FRONT_LEFT', 'CAM_BACK', 'CAM_BACK_LEFT', 'CAM_BACK_RIGHT']",blend,"[1, 2]",0.7,False,False,False
0.1850215478216782,0.05253098412981135,0.5428596993557624,0.08130795815800235,1.9278811739441661,0.5944055944055944,0.4096956128643389,0.4468259162303665,0.49686192468619245,0.5456213616805872,64638,0.10504652827487473,0.0,0.5531740837696335,0.4055944055944056,0.4096956128643389,0.4468259162303665,0.024874008616509513,0.0031397865724683283,-0.0002011634502499665,0.030596788851863073,0.05723574325936531,0.010140777857313293,-0.0002011634502499665,0.4468259162303665,0.5944055944055944,0.49686192468619245,0.5428596993557624,0.0,0.08130795815800235,0.05723574325936531,0.10504652827487473,0.024874008616509513,6,1,0.04018240992092726,1.0,1596.2344055175781,epoch_56_original,1,C4_motion_blur_9,6,R7_blend_alpha07,"['CAM_FRONT', 'CAM_FRONT_RIGHT', 'CAM_FRONT_LEFT', 'CAM_BACK', 'CAM_BACK_LEFT', 'CAM_BACK_RIGHT']",blend,"[1, 2]",0.7,False,False,False
0.24851716304896518,0.08352527989892404,0.5044665324609965,0.05195590982032463,1.489494212380473,0.15846994535519127,0.0,0.26881720430107525,0.41006752608962554,0.5096322822374747,47354,0.1318885254151988,0.0,0.7311827956989247,0.8415300546448088,0.0,0.26881720430107525,0.0,0.0,0.0,0.0,0.0,0.0,0.0,0.26881720430107525,0.15846994535519127,0.41006752608962554,0.0,0.0,0.05195590982032463,0.0,0.1318885254151988,0.0,0,0,0.0,0.0,0.0,epoch_56_original,1,A7_drop_all_rear,0,R0_degraded_native,[],native,[],,False,False,False
0.2533897490143283,0.07784009297309065,0.43335074191269085,0.06624753683025242,1.8029246413320634,0.1348314606741573,0.46857731065120817,0.3284457478005865,0.34714119019836637,0.43819131337377143,58687,0.15676937728487603,0.0,0.6715542521994136,0.8651685393258427,0.46857731065120817,0.3284457478005865,0.0,0.0,0.0,0.0,0.0,0.0,0.0,0.3284457478005865,0.1348314606741573,0.34714119019836637,0.0,0.0,0.06624753683025242,0.0,0.15676937728487603,0.0,0,0,0.0,0.0,0.0,epoch_56_original,1,A7_drop_all_rear,2,R0_degraded_native,[],native,[],,False,False,False
0.23948357128219142,0.07548217632441546,0.4732872596153846,0.06578817246835443,1.7260817307692307,0.27011494252873564,0.44579630245710755,0.2837342679624024,0.4015056461731493,0.4769089933394362,57444,0.13665865384615383,0.0,0.7162657320375976,0.7298850574712643,0.44579630245710755,0.2837342679624024,0.0,0.0,0.0,0.0,0.0,0.0,0.0,0.2837342679624024,0.27011494252873564,0.4015056461731493,0.4732872596153846,0.0,0.06578817246835443,0.0,0.13665865384615383,0.0,0,0,0.0,0.0,0.0,epoch_56_original,1,A7_drop_all_rear,4,R0_degraded_native,[],native,[],,False,False,False
0.24549313711617377,0.08050071819785076,0.48255189692197564,0.061242728435937685,1.625238606537819,0.22377622377622378,0.4456021010031429,0.31200916230366493,0.5062761506276151,0.4811123766135156,54491,0.14492364590789789,0.0,0.6879908376963351,0.7762237762237763,0.4456021010031429,0.31200916230366493,0.0,0.0,0.0,0.0,0.0,0.0,0.0,0.31200916230366493,0.22377622377622378,0.5062761506276151,0.48255189692197564,0.0,0.061242728435937685,0.0,0.14492364590789789,0.0,0,0,0.0,0.0,0.0,epoch_56_original,1,A7_drop_all_rear,6,R0_degraded_native,[],native,[],,False,False,False
0.30054133320853027,0.13910653173846468,0.39558888121980296,0.05299395191128154,1.6154859760306206,0.10465116279069768,0.0,0.16855185598215708,0.24346793349168647,0.40408893601510987,51492,0.10312480391541695,0.0,0.831448144017843,0.8953488372093024,0.0,0.16855185598215708,0.0,0.0,0.0,0.0,0.0,0.0,0.0,0.16855185598215708,0.10465116279069768,0.24346793349168647,0.0,0.0,0.05299395191128154,0.0,0.10312480391541695,0.0,0,0,0.0,0.0,0.0,epoch_56_original,2,A0_clean,0,R0_degraded_native,[],native,[],,False,False,False
0.2837953493769674,0.13030657353092653,0.40478870668410966,0.05940727783624951,1.6925370409808633,0.17415730337078653,0.49279236777271057,0.2953061858874728,0.2640099626400996,0.41199808030715085,55632,0.12206029997870334,0.0,0.7046938141125272,0.8258426966292135,0.49279236777271057,0.2953061858874728,0.0,0.0,0.0,0.0,0.0,0.0,0.0,0.2953061858874728,0.17415730337078653,0.2640099626400996,0.0,0.0,0.05940727783624951,0.0,0.12206029997870334,0.0,0,0,0.0,0.0,0.0,epoch_56_original,2,A0_clean,2,R0_degraded_native,[],native,[],,False,False,False
0.23301928873629715,0.08757494303891718,0.4961713818096797,0.06564220910423517,1.6660042085574,0.20454545454545456,0.4381447180182215,0.3970725630644659,0.34623893805309736,0.504491156588573,57004,0.11658288519990648,0.0,0.6029274369355341,0.7954545454545454,0.4381447180182215,0.3970725630644659,0.0,0.0,0.0,0.0,0.0,0.0,0.0,0.3970725630644659,0.20454545454545456,0.34623893805309736,0.4961713818096797,0.0,0.06564220910423517,0.0,0.11658288519990648,0.0,0,0,0.0,0.0,0.0,epoch_56_original,2,A0_clean,4,R0_degraded_native,[],native,[],,False,False,False
0.2570950199947419,0.09031482609872611,0.4563913514146113,0.06287335698168271,1.658035635916791,0.15053763440860216,0.46234612599565533,0.2913918205804749,0.3914916532040926,0.45995295865313196,56670,0.1357266157582141,0.0,0.7086081794195251,0.8494623655913979,0.46234612599565533,0.2913918205804749,0.0,0.0,0.0,0.0,0.0,0.0,0.0,0.2913918205804749,0.15053763440860216,0.3914916532040926,0.4563913514146113,0.0,0.06287335698168271,0.0,0.1357266157582141,0.0,0,0,0.0,0.0,0.0,epoch_56_original,2,A0_clean,6,R0_degraded_native,[],native,[],,False,False,False
0.22727272727272727,0.10133396607150685,0.5154357783773609,0.05933638752495371,1.6166467967622513,0.0872093023255814,0.0,0.4643938187032022,0.39073634204275537,0.5223831140859538,51529,0.11617619376294158,0.0,0.5356061812967978,0.9127906976744186,0.0,0.4643938187032022,0.0,0.0,0.0,0.0,0.0,0.0,0.0,0.4643938187032022,0.0872093023255814,0.39073634204275537,0.0,0.0,0.05933638752495371,0.0,0.11617619376294158,0.0,0,0,0.0,0.0,0.0,epoch_56_original,2,A1_drop_cam_front,0,R0_degraded_native,[],native,[],,False,False,False
0.1899355405801348,0.07532120852217557,0.6055553865344245,0.0582921972358519,1.4711734461042318,0.12921348314606743,0.3216962834827279,0.6631955237799192,0.549813200498132,0.6085106382978723,48356,0.08847242082205117,0.0,0.3368044762200808,0.8707865168539326,0.3216962834827279,0.6631955237799192,0.0,0.0,0.0,0.0,0.0,0.0,0.0,0.6631955237799192,0.12921348314606743,0.549813200498132,0.0,0.0,0.0582921972358519,0.0,0.08847242082205117,0.0,0,0,0.0,0.0,0.0,epoch_56_original,2,A1_drop_cam_front,2,R0_degraded_native,[],native,[],,False,False,False
0.13981247005680653,0.05010318750197762,0.7014846855272387,0.06411361145226681,1.433627542670096,0.1534090909090909,0.24553873955274452,0.7816879476798505,0.5934734513274337,0.7075963823810847,49053,0.07934884264671499,0.0,0.2183120523201495,0.8465909090909091,0.24553873955274452,0.7816879476798505,0.0,0.0,0.0,0.0,0.0,0.0,0.0,0.7816879476798505,0.1534090909090909,0.5934734513274337,0.7014846855272387,0.0,0.06411361145226681,0.0,0.07934884264671499,0.0,0,0,0.0,0.0,0.0,epoch_56_original,2,A1_drop_cam_front,4,R0_degraded_native,[],native,[],,False,False,False
0.13134506073964874,0.03548196727396435,0.7288978612598379,0.060030933229452264,1.335147312677375,0.15053763440860216,0.21558452007402043,0.8016160949868074,0.6596661281637048,0.7328856152512998,45634,0.07296878200064368,0.0,0.19838390501319259,0.8494623655913979,0.21558452007402043,0.8016160949868074,0.0,0.0,0.0,0.0,0.0,0.0,0.0,0.8016160949868074,0.15053763440860216,0.6596661281637048,0.7288978612598379,0.0,0.060030933229452264,0.0,0.07296878200064368,0.0,0,0,0.0,0.0,0.0,epoch_56_original,2,A1_drop_cam_front,6,R0_degraded_native,[],native,[],,False,False,False
0.27707053402646503,0.12529146185870968,0.41140114199661165,0.05893186609353983,1.71296354395432,0.05813953488372093,0.0,0.2295682650947905,0.29691211401425177,0.41777394877232515,54599,0.12226265922068143,0.0,0.7704317349052094,0.9418604651162791,0.0,0.2295682650947905,0.04979780675373777,0.023957495787202826,-0.00040452143141388175,0.05957810165149721,0.09631674719206873,0.006086465457739845,-0.00040452143141388175,0.2295682650947905,0.05813953488372093,0.29691211401425177,0.0,0.0,0.05893186609353983,0.09631674719206873,0.12226265922068143,0.04979780675373777,1,1,0.048156688497825104,1.0,18245.38254547119,epoch_56_original,2,A1_drop_cam_front,0,R1_replace_tminus1,['CAM_FRONT'],replace,[1],,False,False,False
0.2767959030309778,0.1319186783290075,0.3948705467157504,0.06421843061876267,1.7913231312178648,0.06179775280898876,0.506578602505635,0.24852346907056264,0.2714819427148194,0.4012478003519437,58879,0.12598497064102954,0.0,0.7514765309294373,0.9382022471910112,0.506578602505635,0.24852346907056264,0.086860362450843,0.05659746980683193,0.0059262333829107755,0.2176151873604103,0.32014968511363295,0.037512549818978363,0.0059262333829107755,0.24852346907056264,0.06179775280898876,0.2714819427148194,0.0,0.0,0.06421843061876267,0.32014968511363295,0.12598497064102954,0.086860362450843,1,1,0.048156688497825104,1.0,18245.38254547119,epoch_56_original,2,A1_drop_cam_front,2,R1_replace_tminus1,['CAM_FRONT'],replace,[1],,False,False,False
0.2390043877977434,0.10281545083195814,0.46510404489127893,0.06992591418723505,1.7729132569558101,0.1590909090909091,0.4963481665537234,0.3861725319215198,0.3473451327433628,0.47177207766151186,60662,0.11693359831657704,0.0,0.6138274680784802,0.8409090909090909,0.4963481665537234,0.3861725319215198,0.09919191774093689,0.052712263329980524,0.005812302734968244,0.2366623855829409,0.3392857142857142,0.03758475566986205,0.005812302734968244,0.3861725319215198,0.1590909090909091,0.3473451327433628,0.46510404489127893,0.0,0.06992591418723505,0.3392857142857142,0.11693359831657704,0.09919191774093689,1,1,0.048156688497825104,1.0,18245.38254547119,epoch_56_original,2,A1_drop_cam_front,4,R1_replace_tminus1,['CAM_FRONT'],replace,[1],,False,False,False
0.22855482012867767,0.08168079829779461,0.493841247549665,0.0685251914344336,1.720764211943006,0.0967741935483871,0.44983506315874167,0.32701187335092347,0.4157242864835757,0.49842163901955927,58814,0.1170894408847538,0.0,0.6729881266490765,0.9032258064516129,0.44983506315874167,0.32701187335092347,0.09720975938902893,0.04619883102383026,0.008494258204981335,0.28881973966779156,0.38561689926563103,0.044120658884110125,0.008494258204981335,0.32701187335092347,0.0967741935483871,0.4157242864835757,0.493841247549665,0.0,0.0685251914344336,0.38561689926563103,0.1170894408847538,0.09720975938902893,1,1,0.048156688497825104,1.0,18245.38254547119,epoch_56_original,2,A1_drop_cam_front,6,R1_replace_tminus1,['CAM_FRONT'],replace,[1],,False,False,False
0.2672752536193991,0.12349338399313063,0.43875886302315364,0.05764759276860387,1.661103093430382,0.09302325581395349,0.0,0.30619722797514737,0.45427553444180524,0.437920408230889,52946,0.11994101775741985,0.0,0.6938027720248526,0.9069767441860466,0.0,0.30619722797514737,0.04000252634667181,0.022159417921623778,-0.0016887947563498373,0.027499078188980963,0.04445629666813078,0.003764823994478264,-0.0016887947563498373,0.30619722797514737,0.09302325581395349,0.45427553444180524,0.0,0.0,0.05764759276860387,0.04445629666813078,0.11994101775741985,0.04000252634667181,1,2,0.04687363214113495,1.0,17068.91330718994,epoch_56_original,2,A1_drop_cam_front,0,R2_replace_tminus2,['CAM_FRONT'],replace,[2],,False,False,False
0.2749608986207877,0.13213454924685256,0.4116644862940765,0.061701675585664376,1.7280416197633028,0.05056179775280899,0.4677884363369503,0.3243705315511346,0.4041095890410959,0.412062070068789,56799,0.14061882016489702,0.0,0.6756294684488654,0.949438202247191,0.4677884363369503,0.3243705315511346,0.08502535804065292,0.05681334072467699,0.003409478349812478,0.1746008768301762,0.256868173659071,0.052146399342845845,0.003409478349812478,0.3243705315511346,0.05056179775280899,0.4041095890410959,0.0,0.0,0.061701675585664376,0.256868173659071,0.14061882016489702,0.08502535804065292,1,2,0.04687363214113495,1.0,17068.91330718994,epoch_56_original,2,A1_drop_cam_front,2,R2_replace_tminus2,['CAM_FRONT'],replace,[2],,False,False,False
0.23502285827867223,0.09811465615864784,0.4816460135609072,0.06809192715555379,1.723901098901099,0.16477272727272727,0.4746630524809879,0.4051697290563687,0.478429203539823,0.48186560483995433,58985,0.1279518353986439,0.0,0.5948302709436313,0.8352272727272727,0.4746630524809879,0.4051697290563687,0.0952103882218657,0.04801146865667022,0.00397831570328698,0.20247487411575235,0.29027355623100304,0.04860299275192892,0.00397831570328698,0.4051697290563687,0.16477272727272727,0.478429203539823,0.4816460135609072,0.0,0.06809192715555379,0.29027355623100304,0.1279518353986439,0.0952103882218657,1,2,0.04687363214113495,1.0,17068.91330718994,epoch_56_original,2,A1_drop_cam_front,4,R2_replace_tminus2,['CAM_FRONT'],replace,[2],,False,False,False
0.23155737704918034,0.07847648587230228,0.49416308259457564,0.06682666992395443,1.6903361713332747,0.15053763440860216,0.444243301955105,0.27308707124010556,0.5433494884221863,0.49148923000742756,57774,0.1349073992802598,0.0,0.7269129287598944,0.8494623655913979,0.444243301955105,0.27308707124010556,0.10021231630953159,0.04299451859833794,0.006795736694502168,0.266029714686418,0.3551888586558998,0.06193861727961612,0.006795736694502168,0.27308707124010556,0.15053763440860216,0.5433494884221863,0.49416308259457564,0.0,0.06682666992395443,0.3551888586558998,0.1349073992802598,0.10021231630953159,1,2,0.04687363214113495,1.0,17068.91330718994,epoch_56_original,2,A1_drop_cam_front,6,R2_replace_tminus2,['CAM_FRONT'],replace,[2],,False,False,False
0.26942383723512947,0.12233196789218731,0.4291585618372341,0.05863751919832403,1.6895902616552676,0.10465116279069768,0.0,0.2611119961765174,0.36223277909738716,0.43288379336624805,53854,0.11956453535797201,0.0,0.7388880038234826,0.8953488372093024,0.0,0.2611119961765174,0.042151109962402206,0.020998001820680456,-0.00069886832662968,0.0451202235634303,0.07294346489301629,0.0033883415950304308,-0.00069886832662968,0.2611119961765174,0.10465116279069768,0.36223277909738716,0.0,0.0,0.05863751919832403,0.07294346489301629,0.11956453535797201,0.042151109962402206,1,1,0.044669599695639176,1.0,15829.223976135254,epoch_56_original,2,A1_drop_cam_front,0,R3_ema_K2,['CAM_FRONT'],ema,"[1, 2]",,False,False,False
0.27405616779239245,0.1365964253043884,0.41364203352703155,0.061693440130713144,1.725911953512428,0.0449438202247191,0.4852964302563296,0.26639726453217283,0.33623910336239105,0.417629179331307,56729,0.12385530439015485,0.0,0.7336027354678272,0.9550561797752809,0.4852964302563296,0.26639726453217283,0.08412062721225766,0.06127521678221283,0.0034012428948612464,0.17315327984117793,0.25473850740819626,0.03538288356810368,0.0034012428948612464,0.26639726453217283,0.0449438202247191,0.33623910336239105,0.0,0.0,0.061693440130713144,0.25473850740819626,0.12385530439015485,0.08412062721225766,1,1,0.044669599695639176,1.0,15829.223976135254,epoch_56_original,2,A1_drop_cam_front,2,R3_ema_K2,['CAM_FRONT'],ema,"[1, 2]",,False,False,False
0.23886552933929672,0.10324832058703631,0.4786649520692074,0.06679278422672108,1.7038812251578208,0.17045454545454544,0.4794066711843988,0.38819682341949546,0.39767699115044247,0.48331635645275794,58300,0.11748889408463876,0.0,0.6118031765805045,0.8295454545454546,0.4794066711843988,0.38819682341949546,0.0990530592824902,0.05314513308505869,0.002679172774454272,0.18851038672456322,0.27025368248772486,0.038140051437923775,0.002679172774454272,0.38819682341949546,0.17045454545454544,0.39767699115044247,0.4786649520692074,0.0,0.06679278422672108,0.27025368248772486,0.11748889408463876,0.0990530592824902,1,1,0.044669599695639176,1.0,15829.223976135254,epoch_56_original,2,A1_drop_cam_front,4,R3_ema_K2,['CAM_FRONT'],ema,"[1, 2]",,False,False,False
0.2337918547144826,0.08520781188873479,0.493782732086954,0.06574054052269565,1.6714649346089705,0.0967741935483871,0.44717998229946093,0.29897757255936674,0.46849757673667203,0.4953268135677148,57129,0.11814271921355218,0.0,0.7010224274406333,0.9032258064516129,0.44717998229946093,0.29897757255936674,0.10244679397483386,0.04972584461477044,0.005709607293243386,0.2518955165008546,0.33631762193159553,0.04517393721290851,0.005709607293243386,0.29897757255936674,0.0967741935483871,0.46849757673667203,0.493782732086954,0.0,0.06574054052269565,0.33631762193159553,0.11814271921355218,0.10244679397483386,1,1,0.044669599695639176,1.0,15829.223976135254,epoch_56_original,2,A1_drop_cam_front,6,R3_ema_K2,['CAM_FRONT'],ema,"[1, 2]",,False,False,False
0.27290848506485776,0.12437993060001797,0.424421158310849,0.058129400814962685,1.6846332433958713,0.09883720930232558,0.0,0.26620997291699855,0.39311163895486934,0.4261241260479141,53696,0.11997239129070716,0.0,0.7337900270830015,0.9011627906976745,0.0,0.26620997291699855,0.0456357577921305,0.023045964528511112,-0.0012069867099910245,0.04205398901589396,0.06798644663361997,0.0037961975277655824,-0.0012069867099910245,0.26620997291699855,0.09883720930232558,0.39311163895486934,0.0,0.0,0.058129400814962685,0.06798644663361997,0.11997239129070716,0.0456357577921305,1,2,0.04353324696421623,1.0,15048.708290100098,epoch_56_original,2,A1_drop_cam_front,0,R4_ema_K3,['CAM_FRONT'],ema,"[1, 2, 3]",,False,False,False
0.27479285897326383,0.13509014015316095,0.4127597432230978,0.061556731578522594,1.7242690681188961,0.0449438202247191,0.48618755569533995,0.27541187441715886,0.3480697384806974,0.4160934250519917,56675,0.12598497064102954,0.0,0.7245881255828411,0.9550561797752809,0.48618755569533995,0.27541187441715886,0.08485731839312904,0.059768931630985386,0.003264534342670697,0.1720365621639507,0.2530956220146643,0.037512549818978363,0.003264534342670697,0.27541187441715886,0.0449438202247191,0.3480697384806974,0.0,0.0,0.061556731578522594,0.2530956220146643,0.12598497064102954,0.08485731839312904,1,2,0.04353324696421623,1.0,15048.708290100098,epoch_56_original,2,A1_drop_cam_front,2,R4_ema_K3,['CAM_FRONT'],ema,"[1, 2, 3]",,False,False,False
0.24020578812331334,0.10414452025442668,0.47191372457329905,0.06769244483182124,1.726560673369184,0.17045454545454544,0.4817784805361042,0.3631267517907194,0.4186946902654867,0.4749205173318517,59076,0.117430441898527,0.0,0.6368732482092806,0.8295454545454546,0.4817784805361042,0.3631267517907194,0.10039331806650681,0.05404133275244906,0.003578833379554433,0.20433001039691762,0.2929331306990881,0.03808159925181201,0.003578833379554433,0.3631267517907194,0.17045454545454544,0.4186946902654867,0.47191372457329905,0.0,0.06769244483182124,0.2929331306990881,0.117430441898527,0.10039331806650681,1,2,0.04353324696421623,1.0,15048.708290100098,epoch_56_original,2,A1_drop_cam_front,4,R4_ema_K3,['CAM_FRONT'],ema,"[1, 2, 3]",,False,False,False
0.2361864361273694,0.08621928870644156,0.48523947453114485,0.06654275767924848,1.6942274496035576,0.0967741935483871,0.45333494247324807,0.29155672823219,0.4771136241249327,0.48570190641247835,57907,0.12156587378214694,0.0,0.70844327176781,0.9032258064516129,0.45333494247324807,0.29155672823219,0.10484137538772065,0.050737321432477216,0.0065118244497962205,0.26894420826576676,0.3590801369261827,0.04859709178150326,0.0065118244497962205,0.29155672823219,0.0967741935483871,0.4771136241249327,0.48523947453114485,0.0,0.06654275767924848,0.3590801369261827,0.12156587378214694,0.10484137538772065,1,2,0.04353324696421623,1.0,15048.708290100098,epoch_56_original,2,A1_drop_cam_front,6,R4_ema_K3,['CAM_FRONT'],ema,"[1, 2, 3]",,False,False,False
0.15162096139779455,0.07218433813081432,0.6553303633055154,0.06673452541085236,1.6179017380937442,0.7093023255813954,0.0,0.609048908714354,0.38004750593824227,0.6708638457205341,51569,0.09327351446319884,0.0,0.390951091285646,0.2906976744186046,0.0,0.609048908714354,0.0,0.0,0.0,0.0,0.0,0.0,0.0,0.609048908714354,0.7093023255813954,0.38004750593824227,0.0,0.0,0.06673452541085236,0.0,0.09327351446319884,0.0,0,0,0.0,0.0,0.0,epoch_56_original,2,A10_drop_front_triplet,0,R0_degraded_native,[],native,[],,False,False,False
0.1334573595338682,0.060027250024825986,0.6857221089780644,0.07335155015968547,1.6691715598284098,0.7752808988764045,0.2726843843371599,0.82312713708424,0.5610211706102117,0.6923052311630139,54864,0.0858559737138337,0.0,0.17687286291576,0.2247191011235955,0.2726843843371599,0.82312713708424,0.0,0.0,0.0,0.0,0.0,0.0,0.0,0.82312713708424,0.7752808988764045,0.5610211706102117,0.0,0.0,0.07335155015968547,0.0,0.0858559737138337,0.0,0,0,0.0,0.0,0.0,epoch_56_original,2,A10_drop_front_triplet,2,R0_degraded_native,[],native,[],,False,False,False
0.11456564665635337,0.050424960015069444,0.7337795183539865,0.07476757392073742,1.5899579144259994,0.7386363636363636,0.24742112792711393,0.8933354095297416,0.5420353982300885,0.7446677161465568,54402,0.08232990413841478,0.0,0.10666459047025845,0.26136363636363635,0.24742112792711393,0.8933354095297416,0.0,0.0,0.0,0.0,0.0,0.0,0.0,0.8933354095297416,0.7386363636363636,0.5420353982300885,0.7337795183539865,0.0,0.07476757392073742,0.0,0.08232990413841478,0.0,0,0,0.0,0.0,0.0,epoch_56_original,2,A10_drop_front_triplet,4,R0_degraded_native,[],native,[],,False,False,False
0.08181702668360864,0.026967913158999206,0.8116094678018666,0.07348870375903113,1.490973989876825,0.7956989247311828,0.17793064606967576,0.8629617414248021,0.5681206246634356,0.8257922753156722,50960,0.07914216331665642,0.059366754617414245,0.1370382585751979,0.20430107526881724,0.17793064606967576,0.8629617414248021,0.0,0.0,0.0,0.0,0.0,0.0,0.0,0.8629617414248021,0.7956989247311828,0.5681206246634356,0.8116094678018666,0.059366754617414245,0.07348870375903113,0.0,0.07914216331665642,0.0,0,0,0.0,0.0,0.0,epoch_56_original,2,A10_drop_front_triplet,6,R0_degraded_native,[],native,[],,False,False,False
0.27452316076294275,0.12077180203252065,0.40575390600489425,0.06104327063799279,1.7588943966869548,0.3430232558139535,0.0,0.22032818225266848,0.3331353919239905,0.40972199211372146,56063,0.12016063249043107,0.0,0.7796718177473315,0.6569767441860466,0.0,0.22032818225266848,0.12290219936514821,0.04858746390170633,-0.005691254772859568,0.08714537803719288,0.14099265859321064,0.026887118027232232,-0.005691254772859568,0.22032818225266848,0.3430232558139535,0.3331353919239905,0.0,0.0,0.06104327063799279,0.14099265859321064,0.12016063249043107,0.12290219936514821,3,1,0.048830344369917206,1.0,18867.085121154785,epoch_56_original,2,A10_drop_front_triplet,0,R1_replace_tminus1,"['CAM_FRONT', 'CAM_FRONT_LEFT', 'CAM_FRONT_RIGHT']",replace,[1],,False,False,False
0.26142485727304404,0.12403103214678435,0.40652286348839334,0.06876440175184598,1.8636405123368525,0.29775280898876405,0.49855847355454214,0.2354678271681691,0.30635118306351183,0.411614141737322,61256,0.1275670084273936,0.0,0.7645321728318308,0.702247191011236,0.49855847355454214,0.2354678271681691,0.12796749773917585,0.06400378212195837,-0.0045871484078394975,0.11650627004957714,0.19446895250844265,0.0417110347135599,-0.0045871484078394975,0.2354678271681691,0.29775280898876405,0.30635118306351183,0.0,0.0,0.06876440175184598,0.19446895250844265,0.1275670084273936,0.12796749773917585,3,1,0.048830344369917206,1.0,18867.085121154785,epoch_56_original,2,A10_drop_front_triplet,2,R1_replace_tminus1,"['CAM_FRONT', 'CAM_FRONT_LEFT', 'CAM_FRONT_RIGHT']",replace,[1],,False,False,False
0.2284463003513775,0.09863899591962735,0.4755669862052841,0.07318119989963419,1.820084171148001,0.3352272727272727,0.4884044876138845,0.3603238866396761,0.34457964601769914,0.4827916165077013,62276,0.11947626841243862,0.0,0.6396761133603239,0.6647727272727273,0.4884044876138845,0.3603238866396761,0.11388065369502413,0.04821403590455791,-0.0015863740211032318,0.14473732583360907,0.2301262567220015,0.037146364274023846,-0.0015863740211032318,0.3603238866396761,0.3352272727272727,0.34457964601769914,0.4755669862052841,0.0,0.07318119989963419,0.2301262567220015,0.11947626841243862,0.11388065369502413,3,1,0.048830344369917206,1.0,18867.085121154785,epoch_56_original,2,A10_drop_front_triplet,4,R1_replace_tminus1,"['CAM_FRONT', 'CAM_FRONT_LEFT', 'CAM_FRONT_RIGHT']",replace,[1],,False,False,False
0.21721438536660984,0.07520590556596857,0.5080312472570877,0.07136266322890755,1.7568682524357062,0.34408602150537637,0.4363987448708665,0.32189973614775724,0.42757135164243404,0.5125959395890072,60048,0.11852306972117382,0.6012532981530343,0.6781002638522428,0.6559139784946236,0.4363987448708665,0.32189973614775724,0.13539735868300118,0.04823799240696936,-0.0021260405301235796,0.1783359497645212,0.26589426255888116,0.0393809064045174,-0.0021260405301235796,0.32189973614775724,0.34408602150537637,0.42757135164243404,0.5080312472570877,0.6012532981530343,0.07136266322890755,0.26589426255888116,0.11852306972117382,0.13539735868300118,3,1,0.048830344369917206,1.0,18867.085121154785,epoch_56_original,2,A10_drop_front_triplet,6,R1_replace_tminus1,"['CAM_FRONT', 'CAM_FRONT_LEFT', 'CAM_FRONT_RIGHT']",replace,[1],,False,False,False
0.25543178247392034,0.10168321893808023,0.43383321829704463,0.06376145732956658,1.7826755349187426,0.7674418604651163,0.0,0.3245180818862514,0.5308788598574822,0.42834421286324925,56821,0.11997239129070716,0.0,0.6754819181137486,0.2325581395348837,0.0,0.3245180818862514,0.1038108210761258,0.029498880807265912,-0.002973068081285779,0.10184413116407144,0.1647737968249985,0.026698876827508322,-0.002973068081285779,0.3245180818862514,0.7674418604651163,0.5308788598574822,0.0,0.0,0.06376145732956658,0.1647737968249985,0.11997239129070716,0.1038108210761258,3,2,0.048756703282847536,1.0,18609.122393290203,epoch_56_original,2,A10_drop_front_triplet,0,R2_replace_tminus2,"['CAM_FRONT', 'CAM_FRONT_LEFT', 'CAM_FRONT_RIGHT']",replace,[2],,False,False,False
0.2501953927062221,0.11305593993298758,0.42538562171042626,0.07019901800435162,1.8712768870364174,0.8202247191011236,0.45730460764271114,0.3228162884675163,0.5217932752179327,0.42038073908174695,61507,0.14083178678998448,0.0,0.6771837115324837,0.1797752808988764,0.45730460764271114,0.3228162884675163,0.1167380331723539,0.0530286899081616,-0.0031525321553338564,0.12108121901428988,0.20210532720800756,0.05497581307615078,-0.0031525321553338564,0.3228162884675163,0.8202247191011236,0.5217932752179327,0.0,0.0,0.07019901800435162,0.20210532720800756,0.14083178678998448,0.1167380331723539,3,2,0.048756703282847536,1.0,18609.122393290203,epoch_56_original,2,A10_drop_front_triplet,2,R2_replace_tminus2,"['CAM_FRONT', 'CAM_FRONT_LEFT', 'CAM_FRONT_RIGHT']",replace,[2],,False,False,False
0.21604222030916645,0.0891193117616164,0.4939209726443769,0.07582735760601138,1.8485796118774842,0.7897727272727273,0.4595662977185453,0.4065711616318904,0.5542035398230089,0.49047751335000156,63251,0.12757189618891746,0.0,0.5934288383681097,0.2102272727272727,0.4595662977185453,0.4065711616318904,0.10147657365281308,0.03869435174654696,0.0010597836852739573,0.16265946104922613,0.2586216974514848,0.04524199205050268,0.0010597836852739573,0.4065711616318904,0.7897727272727273,0.5542035398230089,0.4939209726443769,0.0,0.07582735760601138,0.2586216974514848,0.12757189618891746,0.10147657365281308,3,2,0.048756703282847536,1.0,18609.122393290203,epoch_56_original,2,A10_drop_front_triplet,4,R2_replace_tminus2,"['CAM_FRONT', 'CAM_FRONT_LEFT', 'CAM_FRONT_RIGHT']",replace,[2],,False,False,False
0.2167939512343643,0.06887210121069802,0.5000146288656777,0.0736966859848041,1.8062553029638082,0.8494623655913979,0.4327379515648886,0.26978891820580475,0.6042003231017771,0.4939650903689032,61736,0.13476111062348226,0.5893799472295514,0.7302110817941952,0.15053763440860213,0.4327379515648886,0.26978891820580475,0.13497692455075566,0.041904188051698814,0.0002079822257729652,0.21145996860282573,0.31528131308698315,0.05561894730682583,0.0002079822257729652,0.26978891820580475,0.8494623655913979,0.6042003231017771,0.5000146288656777,0.5893799472295514,0.0736966859848041,0.31528131308698315,0.13476111062348226,0.13497692455075566,3,2,0.048756703282847536,1.0,18609.122393290203,epoch_56_original,2,A10_drop_front_triplet,6,R2_replace_tminus2,"['CAM_FRONT', 'CAM_FRONT_LEFT', 'CAM_FRONT_RIGHT']",replace,[2],,False,False,False
0.26746427194723243,0.11128095259171963,0.41224822739536926,0.06276495331559578,1.7852481646483027,0.3372093023255814,0.0,0.22924964154851044,0.37292161520190026,0.41436097948904865,56903,0.12022337955700571,0.0,0.7707503584514895,0.6627906976744187,0.0,0.22924964154851044,0.11584331054943789,0.039096614460905316,-0.003969572095256571,0.1034342337450794,0.16734642655455856,0.02694986509380687,-0.003969572095256571,0.22924964154851044,0.3372093023255814,0.37292161520190026,0.0,0.0,0.06276495331559578,0.16734642655455856,0.12022337955700571,0.11584331054943789,3,1,0.0458808300847357,1.0,16980.240577697754,epoch_56_original,2,A10_drop_front_triplet,0,R3_ema_K2,"['CAM_FRONT', 'CAM_FRONT_LEFT', 'CAM_FRONT_RIGHT']",ema,"[1, 2]",,False,False,False
0.2516629711751663,0.12203570362397677,0.42678511667528674,0.06917288031742738,1.8509233624387722,0.3595505617977528,0.4819416050741731,0.26764065899906747,0.41033623910336237,0.42757958726603745,60838,0.11865283397730385,0.0,0.7323593410009326,0.6404494382022472,0.4819416050741731,0.26764065899906747,0.11820561164129809,0.06200845359915078,-0.004178669842258093,0.10888743073782443,0.1817518026103624,0.032796860263470146,-0.004178669842258093,0.26764065899906747,0.3595505617977528,0.41033623910336237,0.0,0.0,0.06917288031742738,0.1817518026103624,0.11865283397730385,0.11820561164129809,3,1,0.0458808300847357,1.0,16980.240577697754,epoch_56_original,2,A10_drop_front_triplet,2,R3_ema_K2,"['CAM_FRONT', 'CAM_FRONT_LEFT', 'CAM_FRONT_RIGHT']",ema,"[1, 2]",,False,False,False
0.21954121936398624,0.09675430191679359,0.493161094224924,0.07391413441094516,1.815466448445172,0.3352272727272727,0.46743468112340936,0.38321395203986297,0.42754424778761063,0.49674352563508967,62118,0.11558919803600655,0.0,0.616786047960137,0.6647727272727273,0.46743468112340936,0.38321395203986297,0.10497557270763287,0.04632934190172414,-0.0008534395097922615,0.14183302084482188,0.22550853401917248,0.033259293897591774,-0.0008534395097922615,0.38321395203986297,0.3352272727272727,0.42754424778761063,0.493161094224924,0.0,0.07391413441094516,0.22550853401917248,0.11558919803600655,0.10497557270763287,3,1,0.0458808300847357,1.0,16980.240577697754,epoch_56_original,2,A10_drop_front_triplet,4,R3_ema_K2,"['CAM_FRONT', 'CAM_FRONT_LEFT', 'CAM_FRONT_RIGHT']",ema,"[1, 2]",,False,False,False
0.21665468733956258,0.07671386655861176,0.5061294947189795,0.07218798952165739,1.7733988706515698,0.41935483870967744,0.42618070641242256,0.3177770448548813,0.4824986537425956,0.5074275810844269,60613,0.11650428625764359,0.6035620052770448,0.6822229551451187,0.5806451612903225,0.42618070641242256,0.3177770448548813,0.13483766065595393,0.049745953399612554,-0.0013007142373737401,0.18942307692307692,0.2824248807747447,0.03736212294098716,-0.0013007142373737401,0.3177770448548813,0.41935483870967744,0.4824986537425956,0.5061294947189795,0.6035620052770448,0.07218798952165739,0.2824248807747447,0.11650428625764359,0.13483766065595393,3,1,0.0458808300847357,1.0,16980.240577697754,epoch_56_original,2,A10_drop_front_triplet,6,R3_ema_K2,"['CAM_FRONT', 'CAM_FRONT_LEFT', 'CAM_FRONT_RIGHT']",ema,"[1, 2]",,False,False,False
0.2665407779351387,0.11080133085721372,0.4154483277906758,0.06253473786682365,1.7776557695927715,0.436046511627907,0.0,0.25346503106579577,0.4305225653206651,0.41452665760959606,56661,0.11978415009098324,0.0,0.7465349689342042,0.563953488372093,0.0,0.25346503106579577,0.11491981653734415,0.0386169927263994,-0.0041997875440287075,0.09874149198161686,0.15975403149902734,0.0265106356277844,-0.0041997875440287075,0.25346503106579577,0.436046511627907,0.4305225653206651,0.0,0.0,0.06253473786682365,0.15975403149902734,0.11978415009098324,0.11491981653734415,3,2,0.044907574965195214,1.0,16376.352129618326,epoch_56_original,2,A10_drop_front_triplet,0,R4_ema_K3,"['CAM_FRONT', 'CAM_FRONT_LEFT', 'CAM_FRONT_RIGHT']",ema,"[1, 2, 3]",,False,False,False
0.2567494818443649,0.11337621431846895,0.4196050990294807,0.06824392099892775,1.840944354863245,0.398876404494382,0.4879173874298894,0.2691949020826857,0.4140722291407223,0.41983682610782275,60510,0.12495056131917612,0.0,0.7308050979173143,0.601123595505618,0.4879173874298894,0.2691949020826857,0.12329212231049672,0.05334896429364296,-0.005107629160757729,0.1029090113735783,0.1717727950348351,0.039094587605342415,-0.005107629160757729,0.2691949020826857,0.398876404494382,0.4140722291407223,0.0,0.0,0.06824392099892775,0.1717727950348351,0.12495056131917612,0.12329212231049672,3,2,0.044907574965195214,1.0,16376.352129618326,epoch_56_original,2,A10_drop_front_triplet,2,R4_ema_K3,"['CAM_FRONT', 'CAM_FRONT_LEFT', 'CAM_FRONT_RIGHT']",ema,"[1, 2, 3]",,False,False,False
0.2228808836195977,0.08801954106987477,0.4857376665887304,0.0738415012611756,1.8216039279869067,0.3806818181818182,0.4753030645282735,0.35393958268452197,0.4375,0.4883476865141834,62328,0.11760579845686228,0.0,0.646060417315478,0.6193181818181819,0.4753030645282735,0.35393958268452197,0.10831523696324434,0.03759458105480532,-0.0009260726595618218,0.14569317304510865,0.2316460135609073,0.03527589431844751,-0.0009260726595618218,0.35393958268452197,0.3806818181818182,0.4375,0.4857376665887304,0.0,0.0738415012611756,0.2316460135609073,0.11760579845686228,0.10831523696324434,3,2,0.044907574965195214,1.0,16376.352129618326,epoch_56_original,2,A10_drop_front_triplet,4,R4_ema_K3,"['CAM_FRONT', 'CAM_FRONT_LEFT', 'CAM_FRONT_RIGHT']",ema,"[1, 2, 3]",,False,False,False
0.21921093347086126,0.06949360131286718,0.5025600514936072,0.0716069598115615,1.7666695924398021,0.21505376344086022,0.43503097594335827,0.2836411609498681,0.5088852988691438,0.5021354295617727,60383,0.11978115216946078,0.6264841688654353,0.7163588390501319,0.7849462365591398,0.43503097594335827,0.2836411609498681,0.1373939067872526,0.04252568815386797,-0.0018817439474696357,0.18490973312401884,0.2756956025629771,0.040638988852804356,-0.0018817439474696357,0.2836411609498681,0.21505376344086022,0.5088852988691438,0.5025600514936072,0.6264841688654353,0.0716069598115615,0.2756956025629771,0.11978115216946078,0.1373939067872526,3,2,0.044907574965195214,1.0,16376.352129618326,epoch_56_original,2,A10_drop_front_triplet,6,R4_ema_K3,"['CAM_FRONT', 'CAM_FRONT_LEFT', 'CAM_FRONT_RIGHT']",ema,"[1, 2, 3]",,False,False,False
0.27452316076294275,0.12077180203252065,0.40575390600489425,0.06104327063799279,1.7588943966869548,0.3430232558139535,0.0,0.22032818225266848,0.3331353919239905,0.40972199211372146,56063,0.12016063249043107,0.0,0.7796718177473315,0.6569767441860466,0.0,0.22032818225266848,0.12290219936514821,0.04858746390170633,-0.005691254772859568,0.08714537803719288,0.14099265859321064,0.026887118027232232,-0.005691254772859568,0.22032818225266848,0.3430232558139535,0.3331353919239905,0.0,0.0,0.06104327063799279,0.14099265859321064,0.12016063249043107,0.12290219936514821,3,1,0.048830344369917206,1.0,18867.085121154785,epoch_56_original,2,A10_drop_front_triplet,0,R8_camera_group_repair_front_triplet,"['CAM_FRONT', 'CAM_FRONT_LEFT', 'CAM_FRONT_RIGHT']",replace,[1],,False,False,False
0.26142485727304404,0.12403103214678435,0.40652286348839334,0.06876440175184598,1.8636405123368525,0.29775280898876405,0.49855847355454214,0.2354678271681691,0.30635118306351183,0.411614141737322,61256,0.1275670084273936,0.0,0.7645321728318308,0.702247191011236,0.49855847355454214,0.2354678271681691,0.12796749773917585,0.06400378212195837,-0.0045871484078394975,0.11650627004957714,0.19446895250844265,0.0417110347135599,-0.0045871484078394975,0.2354678271681691,0.29775280898876405,0.30635118306351183,0.0,0.0,0.06876440175184598,0.19446895250844265,0.1275670084273936,0.12796749773917585,3,1,0.048830344369917206,1.0,18867.085121154785,epoch_56_original,2,A10_drop_front_triplet,2,R8_camera_group_repair_front_triplet,"['CAM_FRONT', 'CAM_FRONT_LEFT', 'CAM_FRONT_RIGHT']",replace,[1],,False,False,False
0.2284463003513775,0.09863899591962735,0.4755669862052841,0.07318119989963419,1.820084171148001,0.3352272727272727,0.4884044876138845,0.3603238866396761,0.34457964601769914,0.4827916165077013,62276,0.11947626841243862,0.0,0.6396761133603239,0.6647727272727273,0.4884044876138845,0.3603238866396761,0.11388065369502413,0.04821403590455791,-0.0015863740211032318,0.14473732583360907,0.2301262567220015,0.037146364274023846,-0.0015863740211032318,0.3603238866396761,0.3352272727272727,0.34457964601769914,0.4755669862052841,0.0,0.07318119989963419,0.2301262567220015,0.11947626841243862,0.11388065369502413,3,1,0.048830344369917206,1.0,18867.085121154785,epoch_56_original,2,A10_drop_front_triplet,4,R8_camera_group_repair_front_triplet,"['CAM_FRONT', 'CAM_FRONT_LEFT', 'CAM_FRONT_RIGHT']",replace,[1],,False,False,False
0.21721438536660984,0.07520590556596857,0.5080312472570877,0.07136266322890755,1.7568682524357062,0.34408602150537637,0.4363987448708665,0.32189973614775724,0.42757135164243404,0.5125959395890072,60048,0.11852306972117382,0.6012532981530343,0.6781002638522428,0.6559139784946236,0.4363987448708665,0.32189973614775724,0.13539735868300118,0.04823799240696936,-0.0021260405301235796,0.1783359497645212,0.26589426255888116,0.0393809064045174,-0.0021260405301235796,0.32189973614775724,0.34408602150537637,0.42757135164243404,0.5080312472570877,0.6012532981530343,0.07136266322890755,0.26589426255888116,0.11852306972117382,0.13539735868300118,3,1,0.048830344369917206,1.0,18867.085121154785,epoch_56_original,2,A10_drop_front_triplet,6,R8_camera_group_repair_front_triplet,"['CAM_FRONT', 'CAM_FRONT_LEFT', 'CAM_FRONT_RIGHT']",replace,[1],,False,False,False
0.1945792371709451,0.060766410965939426,0.5144004517788794,0.0783916490990354,1.9812386270941833,0.563953488372093,0.0,0.3874462322765652,0.39489311163895485,0.5210908247456841,63150,0.13826316119721402,0.0,0.6125537677234347,0.436046511627907,0.0,0.3874462322765652,0.0,0.0,0.0,0.0,0.0,0.0,0.0,0.3874462322765652,0.563953488372093,0.39489311163895485,0.0,0.0,0.0783916490990354,0.0,0.13826316119721402,0.0,0,0,0.0,0.0,0.0,epoch_56_original,2,C4_motion_blur_9,0,R0_degraded_native,[],native,[],,False,False,False
0.19049802142650324,0.06230109862608493,0.519608141409839,0.08238584424119341,2.0021600900544585,0.5,0.41678460973947684,0.4602113770593721,0.43462017434620176,0.5240121580547112,65809,0.13042684596428245,0.0,0.5397886229406279,0.5,0.41678460973947684,0.4602113770593721,0.0,0.0,0.0,0.0,0.0,0.0,0.0,0.4602113770593721,0.5,0.43462017434620176,0.0,0.0,0.08238584424119341,0.0,0.13042684596428245,0.0,0,0,0.0,0.0,0.0,epoch_56_original,2,C4_motion_blur_9,2,R0_degraded_native,[],native,[],,False,False,False
0.20568445049086295,0.06336740695678696,0.509527706336217,0.07820444250756045,1.8750584521861118,0.6931818181818182,0.438483547925608,0.3285580815945188,0.5182522123893806,0.509059480816125,64157,0.1230710778583119,0.0,0.6714419184054812,0.30681818181818177,0.438483547925608,0.3285580815945188,0.0,0.0,0.0,0.0,0.0,0.0,0.0,0.3285580815945188,0.6931818181818182,0.5182522123893806,0.509527706336217,0.0,0.07820444250756045,0.0,0.1230710778583119,0.0,0,0,0.0,0.0,0.0,epoch_56_original,2,C4_motion_blur_9,4,R0_degraded_native,[],native,[],,False,False,False
0.18955271331099752,0.053587987173741136,0.5464466485268732,0.07857601502754114,1.8463091371895024,0.45161290322580644,0.3942795076031861,0.4196899736147757,0.49165320409262253,0.5497028967566229,63105,0.1187278738406624,0.0,0.5803100263852243,0.5483870967741935,0.3942795076031861,0.4196899736147757,0.0,0.0,0.0,0.0,0.0,0.0,0.0,0.4196899736147757,0.45161290322580644,0.49165320409262253,0.5464466485268732,0.0,0.07857601502754114,0.0,0.1187278738406624,0.0,0,0,0.0,0.0,0.0,epoch_56_original,2,C4_motion_blur_9,6,R0_degraded_native,[],native,[],,False,False,False
0.17278794788690896,0.06542787175962442,0.5768337830206438,0.07594972094598816,1.8722155989207505,0.45348837209302323,0.0,0.5676278476979448,0.251187648456057,0.5950826733821531,59675,0.11084269310409739,0.0,0.43237215230205517,0.5465116279069768,0.0,0.5676278476979448,-0.021791289284036147,0.004661460793684992,-0.0024419281530472375,-0.055027711797308,-0.10902302817343279,-0.02742046809311663,-0.0024419281530472375,0.5676278476979448,0.45348837209302323,0.251187648456057,0.0,0.0,0.07594972094598816,-0.10902302817343279,0.11084269310409739,-0.021791289284036147,6,1,0.04102004409739466,1.0,1283.7405802408855,epoch_56_original,2,C4_motion_blur_9,0,R5_blend_alpha03,"['CAM_FRONT', 'CAM_FRONT_RIGHT', 'CAM_FRONT_LEFT', 'CAM_BACK', 'CAM_BACK_LEFT', 'CAM_BACK_RIGHT']",blend,"[1, 2]",0.3,False,False,False
0.19165783966724365,0.06827431509010701,0.5486020262253187,0.07336966816057819,1.8066263044205786,0.39325842696629215,0.44446191749226815,0.515387006527821,0.3175591531755915,0.5604863221884498,59382,0.1154279107974079,0.0,0.484612993472179,0.6067415730337078,0.44446191749226815,0.515387006527821,0.0011598182407404067,0.005973216464022074,-0.009016176080615224,-0.09766141409229741,-0.1955337856338799,-0.014998935166874547,-0.009016176080615224,0.515387006527821,0.39325842696629215,0.3175591531755915,0.0,0.0,0.07336966816057819,-0.1955337856338799,0.1154279107974079,0.0011598182407404067,6,1,0.04102004409739466,1.0,1283.7405802408855,epoch_56_original,2,C4_motion_blur_9,2,R5_blend_alpha03,"['CAM_FRONT', 'CAM_FRONT_RIGHT', 'CAM_FRONT_LEFT', 'CAM_BACK', 'CAM_BACK_LEFT', 'CAM_BACK_RIGHT']",blend,"[1, 2]",0.3,False,False,False
0.24024673989502732,0.08679592688869021,0.48094458732756606,0.06554811616021552,1.6795651157353284,0.44886363636363635,0.5122355244334011,0.22765493615696045,0.38329646017699115,0.4864030620119147,57468,0.11333878887070377,0.0,0.7723450638430396,0.5511363636363636,0.5122355244334011,0.22765493615696045,0.034562289404164365,0.023428519931903258,-0.012656326347344926,-0.104259862524744,-0.19549333645078337,-0.009732288987608126,-0.012656326347344926,0.22765493615696045,0.44886363636363635,0.38329646017699115,0.48094458732756606,0.0,0.06554811616021552,-0.19549333645078337,0.11333878887070377,0.034562289404164365,6,1,0.04102004409739466,1.0,1283.7405802408855,epoch_56_original,2,C4_motion_blur_9,4,R5_blend_alpha03,"['CAM_FRONT', 'CAM_FRONT_RIGHT', 'CAM_FRONT_LEFT', 'CAM_BACK', 'CAM_BACK_LEFT', 'CAM_BACK_RIGHT']",blend,"[1, 2]",0.3,False,False,False
0.22107584363514868,0.07344742371316655,0.5160186079171422,0.06709242499021989,1.6731911407589455,0.45161290322580644,0.44858797972483705,0.31744722955145116,0.38395261173936457,0.5235516216885368,57188,0.10494748237221686,0.0,0.6825527704485488,0.5483870967741935,0.44858797972483705,0.31744722955145116,0.03152313032415116,0.019859436539425415,-0.011483590037321245,-0.09376436098565882,-0.17311799643055692,-0.013780391468445535,-0.011483590037321245,0.31744722955145116,0.45161290322580644,0.38395261173936457,0.5160186079171422,0.0,0.06709242499021989,-0.17311799643055692,0.10494748237221686,0.03152313032415116,6,1,0.04102004409739466,1.0,1283.7405802408855,epoch_56_original,2,C4_motion_blur_9,6,R5_blend_alpha03,"['CAM_FRONT', 'CAM_FRONT_RIGHT', 'CAM_FRONT_LEFT', 'CAM_BACK', 'CAM_BACK_LEFT', 'CAM_BACK_RIGHT']",blend,"[1, 2]",0.3,False,False,False
0.17293577398140256,0.06280773021587877,0.5734768149589007,0.07685742757257542,1.8928907573570934,0.38953488372093026,0.0,0.5485104349211407,0.24524940617577198,0.5918353822194241,60334,0.11962728242454665,0.0,0.4514895650788593,0.6104651162790697,0.0,0.5485104349211407,-0.02164346318954255,0.00204131924993934,-0.0015342215264599751,-0.044592240696753764,-0.08834786973708986,-0.01863587877266737,-0.0015342215264599751,0.5485104349211407,0.38953488372093026,0.24524940617577198,0.0,0.0,0.07685742757257542,-0.08834786973708986,0.11962728242454665,-0.02164346318954255,6,1,0.04102004409739466,1.0,1850.6329447428386,epoch_56_original,2,C4_motion_blur_9,0,R6_blend_alpha05,"['CAM_FRONT', 'CAM_FRONT_RIGHT', 'CAM_FRONT_LEFT', 'CAM_BACK', 'CAM_BACK_LEFT', 'CAM_BACK_RIGHT']",blend,"[1, 2]",0.5,False,False,False
0.1899528445390934,0.06148057290200109,0.544099303294898,0.07579748028020313,1.8559737138337036,0.43820224719101125,0.4369659799758872,0.5031084861672366,0.33250311332503113,0.5550471924492081,61004,0.12020444796008398,0.0,0.4968915138327634,0.5617977528089888,0.4369659799758872,0.5031084861672366,-0.0005451768874098484,-0.000820525724083844,-0.006588363960990287,-0.0730143293470498,-0.14618637622075492,-0.010222398004198469,-0.006588363960990287,0.5031084861672366,0.43820224719101125,0.33250311332503113,0.0,0.0,0.07579748028020313,-0.14618637622075492,0.12020444796008398,-0.0005451768874098484,6,1,0.04102004409739466,1.0,1850.6329447428386,epoch_56_original,2,C4_motion_blur_9,2,R6_blend_alpha05,"['CAM_FRONT', 'CAM_FRONT_RIGHT', 'CAM_FRONT_LEFT', 'CAM_BACK', 'CAM_BACK_LEFT', 'CAM_BACK_RIGHT']",blend,"[1, 2]",0.5,False,False,False
0.23750904188860394,0.07614168786237445,0.47220598550385784,0.0690328565957503,1.75,0.5,0.5038024245162261,0.2240734973528496,0.3877212389380531,0.47686514183412043,59878,0.1221942950666355,0.0,0.7759265026471505,0.5,0.5038024245162261,0.2240734973528496,0.03182459139774099,0.012774280905587493,-0.009171585911810151,-0.06669576195894446,-0.12505845218611178,-0.0008767827916763976,-0.009171585911810151,0.2240734973528496,0.5,0.3877212389380531,0.47220598550385784,0.0,0.0690328565957503,-0.12505845218611178,0.1221942950666355,0.03182459139774099,6,1,0.04102004409739466,1.0,1850.6329447428386,epoch_56_original,2,C4_motion_blur_9,4,R6_blend_alpha05,"['CAM_FRONT', 'CAM_FRONT_RIGHT', 'CAM_FRONT_LEFT', 'CAM_BACK', 'CAM_BACK_LEFT', 'CAM_BACK_RIGHT']",blend,"[1, 2]",0.5,False,False,False
0.21896748727537135,0.06552417338825291,0.5065976184206676,0.07070900480504967,1.7467158196553438,0.41935483870967744,0.44911095019711966,0.32173482849604224,0.3850296176628972,0.5136172319881158,59701,0.11129641007636268,0.0,0.6782651715039578,0.5806451612903225,0.44911095019711966,0.32173482849604224,0.029414773964373836,0.01193618621451177,-0.007867010222491463,-0.053941842960145786,-0.09959331753415857,-0.00743146376429972,-0.007867010222491463,0.32173482849604224,0.41935483870967744,0.3850296176628972,0.5065976184206676,0.0,0.07070900480504967,-0.09959331753415857,0.11129641007636268,0.029414773964373836,6,1,0.04102004409739466,1.0,1850.6329447428386,epoch_56_original,2,C4_motion_blur_9,6,R6_blend_alpha05,"['CAM_FRONT', 'CAM_FRONT_RIGHT', 'CAM_FRONT_LEFT', 'CAM_BACK', 'CAM_BACK_LEFT', 'CAM_BACK_RIGHT']",blend,"[1, 2]",0.5,False,False,False
0.18459807731642464,0.05716959220965219,0.5469661793311162,0.07621775750420143,1.907197088536111,0.436046511627907,0.0,0.49306993786840847,0.31353919239904987,0.5600583186984327,60790,0.12778440107924954,0.0,0.5069300621315915,0.563953488372093,0.0,0.49306993786840847,-0.009981159854520472,-0.003596818756287236,-0.002173891594833971,-0.03737133808392716,-0.07404153855807238,-0.010478760117964475,-0.002173891594833971,0.49306993786840847,0.436046511627907,0.31353919239904987,0.0,0.0,0.07621775750420143,-0.07404153855807238,0.12778440107924954,-0.009981159854520472,6,1,0.04102004409739466,1.0,1731.726806640625,epoch_56_original,2,C4_motion_blur_9,0,R7_blend_alpha07,"['CAM_FRONT', 'CAM_FRONT_RIGHT', 'CAM_FRONT_LEFT', 'CAM_BACK', 'CAM_BACK_LEFT', 'CAM_BACK_RIGHT']",blend,"[1, 2]",0.7,False,False,False
0.19363822559696273,0.06216751915374085,0.5282789254312574,0.07774763601265625,1.9078158751407102,0.4887640449438202,0.43659904597158883,0.46627292508548335,0.39103362391033625,0.5354023356262998,62708,0.12635005628403664,0.0,0.5337270749145167,0.5112359550561798,0.43659904597158883,0.46627292508548335,0.0031402041704594874,-0.00013357947234408224,-0.004638208228537166,-0.047121214423559085,-0.09434421491374834,-0.0040767896802458015,-0.004638208228537166,0.46627292508548335,0.4887640449438202,0.39103362391033625,0.0,0.0,0.07774763601265625,-0.09434421491374834,0.12635005628403664,0.0031402041704594874,6,1,0.04102004409739466,1.0,1731.726806640625,epoch_56_original,2,C4_motion_blur_9,2,R7_blend_alpha07,"['CAM_FRONT', 'CAM_FRONT_RIGHT', 'CAM_FRONT_LEFT', 'CAM_BACK', 'CAM_BACK_LEFT', 'CAM_BACK_RIGHT']",blend,"[1, 2]",0.7,False,False,False
0.22491194936450412,0.07291008616371293,0.4848901098901099,0.07287746127332514,1.805383446340893,0.5681818181818182,0.47978314885927265,0.25288072251635,0.4668141592920354,0.4859091891224496,61773,0.1204115033902268,0.0,0.7471192774836499,0.43181818181818177,0.47978314885927265,0.25288072251635,0.01922749887364117,0.009542679206925975,-0.005326981234235306,-0.037158844709073054,-0.06967500584521868,-0.0026595744680850963,-0.005326981234235306,0.25288072251635,0.5681818181818182,0.4668141592920354,0.4848901098901099,0.0,0.07287746127332514,-0.06967500584521868,0.1204115033902268,0.01922749887364117,6,1,0.04102004409739466,1.0,1731.726806640625,epoch_56_original,2,C4_motion_blur_9,4,R7_blend_alpha07,"['CAM_FRONT', 'CAM_FRONT_RIGHT', 'CAM_FRONT_LEFT', 'CAM_BACK', 'CAM_BACK_LEFT', 'CAM_BACK_RIGHT']",blend,"[1, 2]",0.7,False,False,False
0.2069761542364282,0.061172506774335215,0.5225723397407765,0.07371979512100109,1.7841072003276865,0.41935483870967744,0.4287955587738354,0.36032321899736147,0.4550350026925148,0.5265845506313444,60979,0.11568506977968929,0.0,0.6396767810026385,0.5806451612903225,0.4287955587738354,0.36032321899736147,0.01742344092543069,0.007584519600594079,-0.004856219906540046,-0.03368988194279376,-0.062201936861815854,-0.0030428040609731116,-0.004856219906540046,0.36032321899736147,0.41935483870967744,0.4550350026925148,0.5225723397407765,0.0,0.07371979512100109,-0.062201936861815854,0.11568506977968929,0.01742344092543069,6,1,0.04102004409739466,1.0,1731.726806640625,epoch_56_original,2,C4_motion_blur_9,6,R7_blend_alpha07,"['CAM_FRONT', 'CAM_FRONT_RIGHT', 'CAM_FRONT_LEFT', 'CAM_BACK', 'CAM_BACK_LEFT', 'CAM_BACK_RIGHT']",blend,"[1, 2]",0.7,False,False,False
0.24825803551359857,0.08884938306721413,0.5148710547781892,0.05000937305755715,1.4392608395557507,0.23837209302325582,0.0,0.21523020551218736,0.2980997624703088,0.5269889658371716,45875,0.1223567798205434,0.0,0.7847697944878127,0.7616279069767442,0.0,0.21523020551218736,0.0,0.0,0.0,0.0,0.0,0.0,0.0,0.21523020551218736,0.23837209302325582,0.2980997624703088,0.0,0.0,0.05000937305755715,0.0,0.1223567798205434,0.0,0,0,0.0,0.0,0.0,epoch_56_original,2,A7_drop_all_rear,0,R0_degraded_native,[],native,[],,False,False,False
0.23384687401043602,0.07492311964167404,0.4832516961270498,0.06549492613620454,1.7265204295841066,0.25280898876404495,0.4406877391623421,0.32934410941871306,0.29763387297633875,0.492817149256119,56749,0.14411755757704828,0.0,0.6706558905812869,0.747191011235955,0.4406877391623421,0.32934410941871306,0.0,0.0,0.0,0.0,0.0,0.0,0.0,0.32934410941871306,0.25280898876404495,0.29763387297633875,0.0,0.0,0.06549492613620454,0.0,0.14411755757704828,0.0,0,0,0.0,0.0,0.0,epoch_56_original,2,A7_drop_all_rear,2,R0_degraded_native,[],native,[],,False,False,False
0.22552213067637478,0.07089286738402266,0.5184124386252046,0.0641317697397092,1.6170212765957446,0.39204545454545453,0.4162337173405617,0.37636250389286824,0.3844026548672566,0.5257894249467543,55328,0.13183890577507598,0.0,0.6236374961071318,0.6079545454545454,0.4162337173405617,0.37636250389286824,0.0,0.0,0.0,0.0,0.0,0.0,0.0,0.37636250389286824,0.39204545454545453,0.3844026548672566,0.5184124386252046,0.0,0.0641317697397092,0.0,0.13183890577507598,0.0,0,0,0.0,0.0,0.0,epoch_56_original,2,A7_drop_all_rear,4,R0_degraded_native,[],native,[],,False,False,False
0.25680318170802985,0.08397652046414733,0.47292196963047484,0.05937727480559439,1.5795371426899558,0.13978494623655913,0.443881245474294,0.28232189973614774,0.40010770059235323,0.47694355038375835,53987,0.14412358465724567,0.0,0.7176781002638523,0.8602150537634409,0.443881245474294,0.28232189973614774,0.0,0.0,0.0,0.0,0.0,0.0,0.0,0.28232189973614774,0.13978494623655913,0.40010770059235323,0.47292196963047484,0.0,0.05937727480559439,0.0,0.14412358465724567,0.0,0,0,0.0,0.0,0.0,epoch_56_original,2,A7_drop_all_rear,6,R0_degraded_native,[],native,[],,False,False,False
0.305873568939771,0.1525540929656517,0.3959018156124236,0.05224636142293427,1.5790912721575374,0.16853932584269662,0.0,0.21700879765395895,0.24795799299883314,0.40413247267183494,51401,0.11265398912475807,0.0,0.782991202346041,0.8314606741573034,0.0,0.21700879765395895,0.0,0.0,0.0,0.0,0.0,0.0,0.0,0.21700879765395895,0.16853932584269662,0.24795799299883314,0.0,0.0,0.05224636142293427,0.0,0.11265398912475807,0.0,0,0,0.0,0.0,0.0,epoch_56_original,3,A0_clean,0,R0_degraded_native,[],native,[],,False,False,False
0.2791780941186714,0.13187847393887317,0.4219050480769231,0.058730551160337555,1.648798076923077,0.09770114942528736,0.4576511016777845,0.24295045403855345,0.2616060225846926,0.42993781369361406,54872,0.11081730769230769,0.0,0.7570495459614466,0.9022988505747126,0.4576511016777845,0.24295045403855345,0.0,0.0,0.0,0.0,0.0,0.0,0.0,0.24295045403855345,0.09770114942528736,0.2616060225846926,0.0,0.0,0.058730551160337555,0.0,0.11081730769230769,0.0,0,0,0.0,0.0,0.0,epoch_56_original,3,A0_clean,2,R0_degraded_native,[],native,[],,False,False,False
0.2738429923080216,0.11496289525242917,0.4276723932235743,0.060258346634304634,1.6623120973514673,0.2517482517482518,0.46039824984373606,0.2292212041884817,0.37447698744769875,0.43080865603644647,55734,0.12186828919112384,0.0,0.7707787958115183,0.7482517482517482,0.46039824984373606,0.2292212041884817,0.0,0.0,0.0,0.0,0.0,0.0,0.0,0.2292212041884817,0.2517482517482518,0.37447698744769875,0.4276723932235743,0.0,0.060258346634304634,0.0,0.12186828919112384,0.0,0,0,0.0,0.0,0.0,epoch_56_original,3,A0_clean,4,R0_degraded_native,[],native,[],,False,False,False
0.26892245259563036,0.10166869255082474,0.44217203153713913,0.059784383649313336,1.6321358705317446,0.11702127659574468,0.4735770596898553,0.27564422277639233,0.31952662721893493,0.44922806577130664,55065,0.13862706740174285,0.0,0.7243557772236077,0.8829787234042553,0.4735770596898553,0.27564422277639233,0.0,0.0,0.0,0.0,0.0,0.0,0.0,0.27564422277639233,0.11702127659574468,0.31952662721893493,0.44217203153713913,0.0,0.059784383649313336,0.0,0.13862706740174285,0.0,0,0,0.0,0.0,0.0,epoch_56_original,3,A0_clean,6,R0_degraded_native,[],native,[],,False,False,False
0.20596410659254336,0.10523574259649894,0.5811495806580443,0.0553873658529358,1.4524592178427698,0.05056179775280899,0.0,0.5016206204661213,0.3663943990665111,0.5932401310454443,47279,0.08552732634942091,0.0,0.4983793795338787,0.949438202247191,0.0,0.5016206204661213,0.0,0.0,0.0,0.0,0.0,0.0,0.0,0.5016206204661213,0.05056179775280899,0.3663943990665111,0.0,0.0,0.0553873658529358,0.0,0.08552732634942091,0.0,0,0,0.0,0.0,0.0,epoch_56_original,3,A1_drop_cam_front,0,R0_degraded_native,[],native,[],,False,False,False
0.19061438894854457,0.10735769151176947,0.6052884615384615,0.05873219936708861,1.4654447115384615,0.10919540229885058,0.35001010713563774,0.6734108650629281,0.4096612296110414,0.6152656333848922,48770,0.08194110576923076,0.0,0.32658913493707187,0.8908045977011494,0.35001010713563774,0.6734108650629281,0.0,0.0,0.0,0.0,0.0,0.0,0.0,0.6734108650629281,0.10919540229885058,0.4096612296110414,0.0,0.0,0.05873219936708861,0.0,0.08194110576923076,0.0,0,0,0.0,0.0,0.0,epoch_56_original,3,A1_drop_cam_front,2,R0_degraded_native,[],native,[],,False,False,False
0.15513626834381553,0.06851697056668175,0.6777618706752565,0.05954767903547072,1.3993676926747793,0.2937062937062937,0.2763193142244843,0.7555628272251309,0.5282426778242678,0.6869147051379397,46918,0.08318420424719637,0.0,0.2444371727748691,0.7062937062937062,0.2763193142244843,0.7555628272251309,0.0,0.0,0.0,0.0,0.0,0.0,0.0,0.7555628272251309,0.2937062937062937,0.5282426778242678,0.6777618706752565,0.0,0.05954767903547072,0.0,0.08318420424719637,0.0,0,0,0.0,0.0,0.0,epoch_56_original,3,A1_drop_cam_front,4,R0_degraded_native,[],native,[],,False,False,False
0.1467857717218088,0.057866526163820375,0.7024127097041911,0.057171651860086894,1.3249451656885411,0.3723404255319149,0.25885818244823705,0.7742310889443059,0.4954276492738031,0.7145098531442199,44701,0.08737921631394867,0.0,0.22576891105569408,0.6276595744680851,0.25885818244823705,0.7742310889443059,0.0,0.0,0.0,0.0,0.0,0.0,0.0,0.7742310889443059,0.3723404255319149,0.4954276492738031,0.7024127097041911,0.0,0.057171651860086894,0.0,0.08737921631394867,0.0,0,0,0.0,0.0,0.0,epoch_56_original,3,A1_drop_cam_front,6,R0_degraded_native,[],native,[],,False,False,False
0.28878044439170547,0.1468428693262132,0.4018924149795705,0.05739905736942525,1.6692574728886977,0.21910112359550563,0.0,0.2934094767711066,0.2742123687281214,0.40893314736125075,54336,0.11455869251328685,0.0,0.7065905232288934,0.7808988764044944,0.0,0.2934094767711066,0.08281633779916212,0.04160712672971427,0.0020116915164894514,0.1492628862708602,0.21679825504592798,0.029031366163865938,0.0020116915164894514,0.2934094767711066,0.21910112359550563,0.2742123687281214,0.0,0.0,0.05739905736942525,0.21679825504592798,0.11455869251328685,0.08281633779916212,1,1,0.04498246142810041,1.0,16867.21750640869,epoch_56_original,3,A1_drop_cam_front,0,R1_replace_tminus1,['CAM_FRONT'],replace,[1],,False,False,False
0.27716932259699306,0.13275140379804767,0.40838341346153845,0.062229694092827005,1.7261117788461537,0.23563218390804597,0.4688194865575096,0.27927353831448143,0.2616060225846926,0.4157328198491114,57445,0.11508413461538461,0.0,0.7207264616855186,0.764367816091954,0.4688194865575096,0.27927353831448143,0.08655493364844849,0.02539371228627821,0.0034974947257383968,0.17787574328480624,0.2606670673076923,0.033143028846153846,0.0034974947257383968,0.27927353831448143,0.23563218390804597,0.2616060225846926,0.0,0.0,0.062229694092827005,0.2606670673076923,0.11508413461538461,0.08655493364844849,1,1,0.04498246142810041,1.0,16867.21750640869,epoch_56_original,3,A1_drop_cam_front,2,R1_replace_tminus1,['CAM_FRONT'],replace,[1],,False,False,False
0.2552821144525078,0.09961552146017152,0.4313409687425435,0.06786463348678917,1.7962300167024576,0.26573426573426573,0.48986516653272616,0.2918848167539267,0.33263598326359833,0.43726271829916474,60224,0.12744571701264615,0.0,0.7081151832460733,0.7342657342657343,0.48986516653272616,0.2918848167539267,0.10014584610869229,0.03109855089348977,0.00831695445131845,0.2836011765207383,0.3968623240276783,0.044261512765449776,0.00831695445131845,0.2918848167539267,0.26573426573426573,0.33263598326359833,0.4313409687425435,0.0,0.06786463348678917,0.3968623240276783,0.12744571701264615,0.10014584610869229,1,1,0.04498246142810041,1.0,16867.21750640869,epoch_56_original,3,A1_drop_cam_front,4,R1_replace_tminus1,['CAM_FRONT'],replace,[1],,False,False,False
0.23984434320425208,0.08563075521733426,0.47569506194795186,0.06600116781193609,1.7103266346552848,0.1702127659574468,0.47115134713679285,0.3192019950124688,0.3410435718128026,0.483494414459646,57703,0.12914221352777283,0.0,0.6807980049875312,0.8297872340425532,0.47115134713679285,0.3192019950124688,0.09305857148244329,0.02776422905351389,0.008829515951849193,0.2908659761526588,0.38538146896674363,0.04176299721382416,0.008829515951849193,0.3192019950124688,0.1702127659574468,0.3410435718128026,0.47569506194795186,0.0,0.06600116781193609,0.38538146896674363,0.12914221352777283,0.09305857148244329,1,1,0.04498246142810041,1.0,16867.21750640869,epoch_56_original,3,A1_drop_cam_front,6,R1_replace_tminus1,['CAM_FRONT'],replace,[1],,False,False,False
0.28819760778205544,0.12426365322915749,0.3974685877546005,0.05844605884609243,1.6932198703572854,0.2303370786516854,0.0,0.2585275505479241,0.31330221703617267,0.4021538162120082,55116,0.12392860434395257,0.0,0.7414724494520759,0.7696629213483146,0.0,0.2585275505479241,0.08223350118951209,0.019027910632658546,0.003058692993156628,0.16576069713826436,0.24076065251451562,0.03840127799453166,0.003058692993156628,0.2585275505479241,0.2303370786516854,0.31330221703617267,0.0,0.0,0.05844605884609243,0.24076065251451562,0.12392860434395257,0.08223350118951209,1,2,0.048156688497825104,1.0,18245.38254547119,epoch_56_original,3,A1_drop_cam_front,0,R2_replace_tminus2,['CAM_FRONT'],replace,[2],,False,False,False
0.2637180410759674,0.1387138774362758,0.41700721153846154,0.06640789820675105,1.7936598557692307,0.13793103448275862,0.47528805336567614,0.2655727258244384,0.26223337515683814,0.42476088260361755,59693,0.11929086538461539,0.0,0.7344272741755615,0.8620689655172413,0.47528805336567614,0.2655727258244384,0.07310365212742284,0.03135618592450634,0.007675698839662445,0.22396965347549724,0.32821514423076925,0.03734975961538463,0.007675698839662445,0.2655727258244384,0.13793103448275862,0.26223337515683814,0.0,0.0,0.06640789820675105,0.32821514423076925,0.11929086538461539,0.07310365212742284,1,2,0.048156688497825104,1.0,18245.38254547119,epoch_56_original,3,A1_drop_cam_front,2,R2_replace_tminus2,['CAM_FRONT'],replace,[2],,False,False,False
0.24162528572554584,0.10592395591409205,0.4514137437365784,0.0702324262290757,1.8189871152469577,0.20279720279720279,0.47160460755424594,0.2928664921465969,0.35564853556485354,0.4571311060491015,60987,0.1227332378907182,0.0,0.7071335078534031,0.7972027972027972,0.47160460755424594,0.2928664921465969,0.08648901738173032,0.0374069853474103,0.01068474719360498,0.2998635917984569,0.4196194225721783,0.03954903364352183,0.01068474719360498,0.2928664921465969,0.20279720279720279,0.35564853556485354,0.4514137437365784,0.0,0.0702324262290757,0.4196194225721783,0.1227332378907182,0.08648901738173032,1,2,0.048156688497825104,1.0,18245.38254547119,epoch_56_original,3,A1_drop_cam_front,4,R2_replace_tminus2,['CAM_FRONT'],replace,[2],,False,False,False
0.21417837652579685,0.08196345413042905,0.518406544549173,0.06948151129379707,1.7301559072855535,0.1702127659574468,0.43026076409945424,0.3888611803823774,0.36793975255513717,0.5271432157650308,58372,0.12312525935147312,0.0,0.6111388196176226,0.8297872340425532,0.43026076409945424,0.3888611803823774,0.06739260480398807,0.024096927966608672,0.012309859433710171,0.30583208429341624,0.4052107415970123,0.03574604303752445,0.012309859433710171,0.3888611803823774,0.1702127659574468,0.36793975255513717,0.518406544549173,0.0,0.06948151129379707,0.4052107415970123,0.12312525935147312,0.06739260480398807,1,2,0.048156688497825104,1.0,18245.38254547119,epoch_56_original,3,A1_drop_cam_front,6,R2_replace_tminus2,['CAM_FRONT'],replace,[2],,False,False,False
0.2943467449594056,0.14728368227246855,0.39633190992596234,0.05631254640307252,1.654542103161193,0.19662921348314608,0.0,0.2782836857539744,0.27887981330221706,0.4028025560349022,53857,0.117169979416915,0.0,0.7217163142460257,0.8033707865168539,0.0,0.2782836857539744,0.08838263836686225,0.042047939675969606,0.0009251805501367186,0.1391315383151082,0.20208288531842333,0.031642653067494086,0.0009251805501367186,0.2782836857539744,0.19662921348314608,0.27887981330221706,0.0,0.0,0.05631254640307252,0.20208288531842333,0.117169979416915,0.08838263836686225,1,1,0.04318303750319914,1.0,15498.090065002441,epoch_56_original,3,A1_drop_cam_front,0,R3_ema_K2,['CAM_FRONT'],ema,"[1, 2]",,False,False,False
0.27741313562325454,0.1322441158841916,0.41198918269230766,0.06141383175105485,1.7076322115384615,0.16666666666666666,0.47139680614513846,0.2872391269714832,0.2383939774153074,0.42068878436819346,56830,0.11415264423076923,0.0,0.7127608730285169,0.8333333333333334,0.47139680614513846,0.2872391269714832,0.08679874667470996,0.02488642437242214,0.002681632383966244,0.16526553208939923,0.2421875,0.03221153846153847,0.002681632383966244,0.2872391269714832,0.16666666666666666,0.2383939774153074,0.0,0.0,0.06141383175105485,0.2421875,0.11415264423076923,0.08679874667470996,1,1,0.04318303750319914,1.0,15498.090065002441,epoch_56_original,3,A1_drop_cam_front,2,R3_ema_K2,['CAM_FRONT'],ema,"[1, 2]",,False,False,False
0.25821710784911694,0.10264167969952352,0.43178835600095444,0.06636909865583242,1.768730613218802,0.23776223776223776,0.4865613001160818,0.2787958115183246,0.32688284518828453,0.4380536573019489,59302,0.12705798138869004,0.0,0.7212041884816753,0.7622377622377623,0.4865613001160818,0.2787958115183246,0.10308083950530142,0.03412470913284177,0.006821419620361695,0.2639498699859329,0.36936292054402275,0.04387377714149367,0.006821419620361695,0.2787958115183246,0.23776223776223776,0.32688284518828453,0.43178835600095444,0.0,0.06636909865583242,0.36936292054402275,0.12705798138869004,0.10308083950530142,1,1,0.04318303750319914,1.0,15498.090065002441,epoch_56_original,3,A1_drop_cam_front,4,R3_ema_K2,['CAM_FRONT'],ema,"[1, 2]",,False,False,False
0.23959029473138665,0.08619660618411175,0.4793111624874029,0.06529025404857966,1.6939356215543304,0.23404255319148937,0.4637009442952439,0.3236907730673317,0.3410435718128026,0.48732270616292206,57150,0.12854941016064972,0.0,0.6763092269326683,0.7659574468085106,0.4637009442952439,0.3236907730673317,0.09280452300957787,0.028330080020291373,0.008118602188492766,0.2784948882575334,0.36899045586578927,0.04117019384670105,0.008118602188492766,0.3236907730673317,0.23404255319148937,0.3410435718128026,0.4793111624874029,0.0,0.06529025404857966,0.36899045586578927,0.12854941016064972,0.09280452300957787,1,1,0.04318303750319914,1.0,15498.090065002441,epoch_56_original,3,A1_drop_cam_front,6,R3_ema_K2,['CAM_FRONT'],ema,"[1, 2]",,False,False,False
0.29019402985074627,0.14634231103052273,0.4026911615618568,0.056710933757401855,1.6556173389450402,0.19662921348314608,0.0,0.28322271955548695,0.2759626604434072,0.4096791981575789,53892,0.11465085558047372,0.0,0.716777280444513,0.8033707865168539,0.0,0.28322271955548695,0.08422992325820292,0.041106568434023785,0.0013235679044660553,0.13987182470018403,0.20315812110227038,0.02912352923105281,0.0013235679044660553,0.28322271955548695,0.19662921348314608,0.2759626604434072,0.0,0.0,0.056710933757401855,0.20315812110227038,0.11465085558047372,0.08422992325820292,1,2,0.04205720939419486,1.0,14700.086708068848,epoch_56_original,3,A1_drop_cam_front,0,R4_ema_K3,['CAM_FRONT'],ema,"[1, 2, 3]",,False,False,False
0.2754220540906781,0.14467521758867405,0.41370192307692305,0.06191323839662447,1.7150240384615385,0.06896551724137931,0.46649484536082475,0.27098932611119964,0.22020075282308657,0.42340351652514285,57076,0.11295072115384615,0.0,0.7290106738888004,0.9310344827586207,0.46649484536082475,0.27098932611119964,0.08480766514213353,0.037317526076904584,0.0031810390295358634,0.17030961656756202,0.24957932692307705,0.031009615384615385,0.0031810390295358634,0.27098932611119964,0.06896551724137931,0.22020075282308657,0.0,0.0,0.06191323839662447,0.24957932692307705,0.11295072115384615,0.08480766514213353,1,2,0.04205720939419486,1.0,14700.086708068848,epoch_56_original,3,A1_drop_cam_front,2,R4_ema_K3,['CAM_FRONT'],ema,"[1, 2, 3]",,False,False,False
0.25622737342627117,0.10173407181375317,0.43426389883082794,0.06677966996003114,1.7736816988785493,0.1958041958041958,0.48240914367354226,0.28075916230366493,0.32792887029288703,0.44064793723108076,59468,0.1242543545693152,0.0,0.7192408376963351,0.8041958041958042,0.48240914367354226,0.28075916230366493,0.10109110508245564,0.03321710124707142,0.007231990924560415,0.2674879577134575,0.37431400620377,0.04107015032211883,0.007231990924560415,0.28075916230366493,0.1958041958041958,0.32792887029288703,0.43426389883082794,0.0,0.06677966996003114,0.37431400620377,0.1242543545693152,0.10109110508245564,1,2,0.04205720939419486,1.0,14700.086708068848,epoch_56_original,3,A1_drop_cam_front,4,R4_ema_K3,['CAM_FRONT'],ema,"[1, 2, 3]",,False,False,False
0.23639688452421267,0.08687589076839546,0.4827197818483609,0.06612157779969716,1.7054656470448752,0.2127659574468085,0.45954257991856534,0.33349958437240235,0.33942980096826253,0.4910254801054349,57539,0.12605963601873257,0.0,0.6665004156275977,0.7872340425531915,0.45954257991856534,0.33349958437240235,0.08961111280240389,0.02900936460457508,0.008949925939610262,0.28719715442607546,0.3805204813563341,0.038680419704783905,0.008949925939610262,0.33349958437240235,0.2127659574468085,0.33942980096826253,0.4827197818483609,0.0,0.06612157779969716,0.3805204813563341,0.12605963601873257,0.08961111280240389,1,2,0.04205720939419486,1.0,14700.086708068848,epoch_56_original,3,A1_drop_cam_front,6,R4_ema_K3,['CAM_FRONT'],ema,"[1, 2, 3]",,False,False,False
0.1501651997667768,0.07606274769341867,0.6676907007465208,0.06499804921894678,1.545267426499954,0.7415730337078652,0.0,0.6221639141842877,0.29171528588098017,0.6887021959843005,50300,0.09523516942643852,0.0,0.37783608581571226,0.2584269662921348,0.0,0.6221639141842877,0.0,0.0,0.0,0.0,0.0,0.0,0.0,0.6221639141842877,0.7415730337078652,0.29171528588098017,0.0,0.0,0.06499804921894678,0.0,0.09523516942643852,0.0,0,0,0.0,0.0,0.0,epoch_56_original,3,A10_drop_front_triplet,0,R0_degraded_native,[],native,[],,False,False,False
0.1406339532218576,0.06504217593285151,0.6755108173076924,0.07171017932489451,1.6318209134615385,0.47126436781609193,0.25894481503941785,0.831448144017843,0.47992471769134254,0.6854067363237476,54307,0.09248798076923077,0.0,0.16855185598215705,0.5287356321839081,0.25894481503941785,0.831448144017843,0.0,0.0,0.0,0.0,0.0,0.0,0.0,0.831448144017843,0.47126436781609193,0.47992471769134254,0.0,0.0,0.07171017932489451,0.0,0.09248798076923077,0.0,0,0,0.0,0.0,0.0,epoch_56_original,3,A10_drop_front_triplet,2,R0_degraded_native,[],native,[],,False,False,False
0.1066220718837495,0.03681274733860387,0.7489859222142686,0.07486742998852379,1.6052553089954664,0.5734265734265734,0.21644789713367266,0.894142670157068,0.5010460251046025,0.7641419893697798,53821,0.09985683607730853,0.0,0.10585732984293195,0.42657342657342656,0.21644789713367266,0.894142670157068,0.0,0.0,0.0,0.0,0.0,0.0,0.0,0.894142670157068,0.5734265734265734,0.5010460251046025,0.7489859222142686,0.0,0.07486742998852379,0.0,0.09985683607730853,0.0,0,0,0.0,0.0,0.0,epoch_56_original,3,A10_drop_front_triplet,4,R0_degraded_native,[],native,[],,False,False,False
0.08454689943015158,0.025271247721525864,0.8060643784456696,0.07200022432545665,1.4877586104689076,0.648936170212766,0.1794160963354414,0.827431421446384,0.5400753093060785,0.8217647797163299,50194,0.09001719129764657,0.0656691604322527,0.17256857855361596,0.35106382978723405,0.1794160963354414,0.827431421446384,0.0,0.0,0.0,0.0,0.0,0.0,0.0,0.827431421446384,0.648936170212766,0.5400753093060785,0.8060643784456696,0.0656691604322527,0.07200022432545665,0.0,0.09001719129764657,0.0,0,0,0.0,0.0,0.0,epoch_56_original,3,A10_drop_front_triplet,6,R0_degraded_native,[],native,[],,False,False,False
0.28088527077497666,0.131263702767681,0.4085281558170256,0.059252710927172485,1.6972136032687168,0.4887640449438202,0.0,0.29047692545145853,0.35764294049008166,0.4113983586882481,55246,0.1227612054929188,0.0,0.7095230745485415,0.5112359550561798,0.0,0.29047692545145853,0.13072007100819985,0.05520095507426234,-0.005745338291774295,0.0983300198807157,0.15194617676876288,0.027526036066480283,-0.005745338291774295,0.29047692545145853,0.4887640449438202,0.35764294049008166,0.0,0.0,0.059252710927172485,0.15194617676876288,0.1227612054929188,0.13072007100819985,3,1,0.048254052346402954,1.0,18609.917823791504,epoch_56_original,3,A10_drop_front_triplet,0,R1_replace_tminus1,"['CAM_FRONT', 'CAM_FRONT_LEFT', 'CAM_FRONT_RIGHT']",replace,[1],,False,False,False
0.2603670311045664,0.11412175332055309,0.4368389423076923,0.06379054588607595,1.7261117788461537,0.47126436781609193,0.4329896907216495,0.3308905528118528,0.328732747804266,0.4423119416648253,57445,0.12752403846153845,0.0,0.6691094471881471,0.5287356321839081,0.4329896907216495,0.3308905528118528,0.11973307788270879,0.04907957738770158,-0.00791963343881856,0.05778260629384794,0.09429086538461529,0.03503605769230768,-0.00791963343881856,0.3308905528118528,0.47126436781609193,0.328732747804266,0.0,0.0,0.06379054588607595,0.09429086538461529,0.12752403846153845,0.11973307788270879,3,1,0.048254052346402954,1.0,18609.917823791504,epoch_56_original,3,A10_drop_front_triplet,2,R1_replace_tminus1,"['CAM_FRONT', 'CAM_FRONT_LEFT', 'CAM_FRONT_RIGHT']",replace,[1],,False,False,False
0.23876203357466783,0.08375934320189231,0.4629563350035791,0.06906501866532998,1.7863278453829634,0.5804195804195804,0.4414679882132333,0.29924738219895286,0.39748953974895396,0.4670020248038471,59892,0.13039847291815795,0.0,0.7007526178010471,0.4195804195804196,0.4414679882132333,0.29924738219895286,0.13213996169091832,0.04694659586328844,-0.005802411323193812,0.1127998364950484,0.18107253638749699,0.03054163684084943,-0.005802411323193812,0.29924738219895286,0.5804195804195804,0.39748953974895396,0.4629563350035791,0.0,0.06906501866532998,0.18107253638749699,0.13039847291815795,0.13213996169091832,3,1,0.048254052346402954,1.0,18609.917823791504,epoch_56_original,3,A10_drop_front_triplet,4,R1_replace_tminus1,"['CAM_FRONT', 'CAM_FRONT_LEFT', 'CAM_FRONT_RIGHT']",replace,[1],,False,False,False
0.22087407703053283,0.07254641745472984,0.5079139249510938,0.06833184332846196,1.7199893295393918,0.5212765957446809,0.42969765225677903,0.31637572734829594,0.4190424959655729,0.5132735032007029,58029,0.1290829331910605,0.6101413133832086,0.6836242726517041,0.4787234042553191,0.42969765225677903,0.31637572734829594,0.13632717760038127,0.047275169733203976,-0.003668380996994694,0.15609435390684145,0.2322307190704842,0.03906574189341394,-0.003668380996994694,0.31637572734829594,0.5212765957446809,0.4190424959655729,0.5079139249510938,0.6101413133832086,0.06833184332846196,0.2322307190704842,0.1290829331910605,0.13632717760038127,3,1,0.048254052346402954,1.0,18609.917823791504,epoch_56_original,3,A10_drop_front_triplet,6,R1_replace_tminus1,"['CAM_FRONT', 'CAM_FRONT_LEFT', 'CAM_FRONT_RIGHT']",replace,[1],,False,False,False
0.27819887975558305,0.1111009667604804,0.4125526097508525,0.05956714061592002,1.6990568646124542,0.6235955056179775,0.0,0.2772032721098935,0.4871645274212369,0.40847902948522496,55306,0.12322202082885318,0.0,0.7227967278901065,0.3764044943820225,0.0,0.2772032721098935,0.12803367998880624,0.03503821906706173,-0.005430908603026759,0.09952286282306164,0.15378943811250023,0.027986851402414664,-0.005430908603026759,0.2772032721098935,0.6235955056179775,0.4871645274212369,0.0,0.0,0.05956714061592002,0.15378943811250023,0.12322202082885318,0.12803367998880624,3,2,0.048830344369917206,1.0,18867.085121154785,epoch_56_original,3,A10_drop_front_triplet,0,R2_replace_tminus2,"['CAM_FRONT', 'CAM_FRONT_LEFT', 'CAM_FRONT_RIGHT']",replace,[2],,False,False,False
0.2509205822096651,0.11529540135545752,0.4369290865384615,0.06823740770042194,1.8070913461538463,0.5287356321839081,0.44653325247624825,0.29472678030906485,0.4623588456712672,0.4356829445373907,60140,0.12677283653846153,0.0,0.7052732196909351,0.47126436781609193,0.44653325247624825,0.29472678030906485,0.11028662898780753,0.050253225422606004,-0.0034727716244725704,0.10740788480306405,0.1752704326923078,0.03428485576923075,-0.0034727716244725704,0.29472678030906485,0.5287356321839081,0.4623588456712672,0.0,0.0,0.06823740770042194,0.1752704326923078,0.12677283653846153,0.11028662898780753,3,2,0.048830344369917206,1.0,18867.085121154785,epoch_56_original,3,A10_drop_front_triplet,2,R2_replace_tminus2,"['CAM_FRONT', 'CAM_FRONT_LEFT', 'CAM_FRONT_RIGHT']",replace,[2],,False,False,False
0.22394373375465063,0.08231385058610548,0.47578143641135767,0.0741270825363743,1.8650680028632785,0.4965034965034965,0.43704795070988484,0.29090314136125656,0.5219665271966527,0.4730447987851177,62532,0.12720711047482702,0.0,0.7090968586387434,0.5034965034965035,0.43704795070988484,0.29090314136125656,0.11732166187090112,0.04550110324750161,-0.0007403474521494868,0.1618513219746939,0.25981269386781203,0.027350274397518498,-0.0007403474521494868,0.29090314136125656,0.4965034965034965,0.5219665271966527,0.47578143641135767,0.0,0.0741270825363743,0.25981269386781203,0.12720711047482702,0.11732166187090112,3,2,0.048830344369917206,1.0,18867.085121154785,epoch_56_original,3,A10_drop_front_triplet,4,R2_replace_tminus2,"['CAM_FRONT', 'CAM_FRONT_LEFT', 'CAM_FRONT_RIGHT']",replace,[2],,False,False,False
0.20015732446902992,0.06519701562683779,0.5323967040132788,0.07435729107217671,1.8037820854822455,0.46808510638297873,0.41250108290738974,0.39285120532003326,0.5314685314685315,0.5325404794778461,60856,0.12760092477325272,0.5271820448877805,0.6071487946799667,0.5319148936170213,0.41250108290738974,0.39285120532003326,0.11561042503887835,0.039925767905311924,0.0023570667467200657,0.21241582659281985,0.31602347501333794,0.037583733475606146,0.0023570667467200657,0.39285120532003326,0.46808510638297873,0.5314685314685315,0.5323967040132788,0.5271820448877805,0.07435729107217671,0.31602347501333794,0.12760092477325272,0.11561042503887835,3,2,0.048830344369917206,1.0,18867.085121154785,epoch_56_original,3,A10_drop_front_triplet,6,R2_replace_tminus2,"['CAM_FRONT', 'CAM_FRONT_LEFT', 'CAM_FRONT_RIGHT']",replace,[2],,False,False,False
0.28355975644083614,0.13338256582298036,0.41199963134773127,0.057532401897114,1.6616386593345827,0.39325842696629215,0.0,0.2932551319648094,0.39556592765460913,0.41289046028090437,54088,0.11606402261067249,0.0,0.7067448680351907,0.6067415730337078,0.0,0.2932551319648094,0.13339455667405933,0.05731981812956169,-0.0074656473218327815,0.07530815109343936,0.11637123283462869,0.02082885318423397,-0.0074656473218327815,0.2932551319648094,0.39325842696629215,0.39556592765460913,0.0,0.0,0.057532401897114,0.11637123283462869,0.11606402261067249,0.13339455667405933,3,1,0.045168606056408454,1.0,16759.896461486816,epoch_56_original,3,A10_drop_front_triplet,0,R3_ema_K2,"['CAM_FRONT', 'CAM_FRONT_LEFT', 'CAM_FRONT_RIGHT']",ema,"[1, 2]",,False,False,False
0.2578130428136681,0.11055111851704141,0.4425180288461538,0.06375758175105485,1.7198317307692308,0.3160919540229885,0.42455023246411966,0.31703042854866975,0.3751568381430364,0.4459736734114082,57236,0.12229567307692307,0.0,0.6829695714513302,0.6839080459770115,0.42455023246411966,0.31703042854866975,0.11717908959181053,0.0455089425841899,-0.007952597573839662,0.053934115307418935,0.08801081730769234,0.0298076923076923,-0.007952597573839662,0.31703042854866975,0.3160919540229885,0.3751568381430364,0.0,0.0,0.06375758175105485,0.08801081730769234,0.12229567307692307,0.11717908959181053,3,1,0.045168606056408454,1.0,16759.896461486816,epoch_56_original,3,A10_drop_front_triplet,2,R3_ema_K2,"['CAM_FRONT', 'CAM_FRONT_LEFT', 'CAM_FRONT_RIGHT']",ema,"[1, 2]",,False,False,False
0.24269235374728915,0.08593595459568654,0.45594726795514195,0.06864785183817225,1.7857909806728705,0.48951048951048953,0.4441914456647915,0.2879581151832461,0.46129707112970714,0.4556441407238674,59874,0.12377714149367693,0.0,0.7120418848167539,0.5104895104895104,0.4441914456647915,0.2879581151832461,0.13607028186353964,0.04912320725708267,-0.00621957815035154,0.11246539454859628,0.18053567167740403,0.0239203054163684,-0.00621957815035154,0.2879581151832461,0.48951048951048953,0.46129707112970714,0.45594726795514195,0.0,0.06864785183817225,0.18053567167740403,0.12377714149367693,0.13607028186353964,3,1,0.045168606056408454,1.0,16759.896461486816,epoch_56_original,3,A10_drop_front_triplet,4,R3_ema_K2,"['CAM_FRONT', 'CAM_FRONT_LEFT', 'CAM_FRONT_RIGHT']",ema,"[1, 2]",,False,False,False
0.22454103456521163,0.0764582972125816,0.4989922342758907,0.06851823139170854,1.7322603592388406,0.20212765957446807,0.4328597418348783,0.3285120532003325,0.46853146853146854,0.5009100037655329,58443,0.12694884106941728,0.602493765586035,0.6714879467996675,0.7978723404255319,0.4328597418348783,0.3285120532003325,0.13999413513506004,0.051187049491055736,-0.00348199293374811,0.16434235167549907,0.24450174876993302,0.036931649771770714,-0.00348199293374811,0.3285120532003325,0.20212765957446807,0.46853146853146854,0.4989922342758907,0.602493765586035,0.06851823139170854,0.24450174876993302,0.12694884106941728,0.13999413513506004,3,1,0.045168606056408454,1.0,16759.896461486816,epoch_56_original,3,A10_drop_front_triplet,6,R3_ema_K2,"['CAM_FRONT', 'CAM_FRONT_LEFT', 'CAM_FRONT_RIGHT']",ema,"[1, 2]",,False,False,False
0.2781951570930797,0.12974166443930568,0.41869681422997757,0.0583851483828272,1.6708549660532703,0.4157303370786517,0.0,0.30158975150486184,0.40781796966161027,0.41928054753641053,54388,0.11403643513256122,0.0,0.6984102484951382,0.5842696629213483,0.0,0.30158975150486184,0.12802995732630287,0.05367891674588701,-0.006612900836119581,0.08127236580516899,0.12558753955331636,0.0188012657061227,-0.006612900836119581,0.30158975150486184,0.4157303370786517,0.40781796966161027,0.0,0.0,0.0583851483828272,0.12558753955331636,0.11403643513256122,0.12802995732630287,3,2,0.04403029054854856,1.0,16068.897661844889,epoch_56_original,3,A10_drop_front_triplet,0,R4_ema_K3,"['CAM_FRONT', 'CAM_FRONT_LEFT', 'CAM_FRONT_RIGHT']",ema,"[1, 2, 3]",,False,False,False
0.25578411489590663,0.12002845704902639,0.44290865384615385,0.06461464926160337,1.7350661057692307,0.3620689655172414,0.41413988275722663,0.295364027401625,0.41844416562107906,0.4441743741911045,57743,0.11950120192307692,0.0,0.7046359725983751,0.6379310344827587,0.41413988275722663,0.295364027401625,0.11515016167404904,0.05498628111617487,-0.007095530063291139,0.06326992837019169,0.10324519230769225,0.027013221153846148,-0.007095530063291139,0.295364027401625,0.3620689655172414,0.41844416562107906,0.0,0.0,0.06461464926160337,0.10324519230769225,0.11950120192307692,0.11515016167404904,3,2,0.04403029054854856,1.0,16068.897661844889,epoch_56_original,3,A10_drop_front_triplet,2,R4_ema_K3,"['CAM_FRONT', 'CAM_FRONT_LEFT', 'CAM_FRONT_RIGHT']",ema,"[1, 2, 3]",,False,False,False
0.2420244060446607,0.08697929776138684,0.45400858983536146,0.06943271907029508,1.8019267477928895,0.5594405594405595,0.4452629699080275,0.2781413612565445,0.5141213389121339,0.4503923057453809,60415,0.12082438558816512,0.0,0.7218586387434556,0.4405594405594405,0.4452629699080275,0.2781413612565445,0.1354023341609112,0.05016655042278297,-0.005434710918228711,0.12251723305029635,0.1966714387974231,0.020967549510856595,-0.005434710918228711,0.2781413612565445,0.5594405594405595,0.5141213389121339,0.45400858983536146,0.0,0.06943271907029508,0.1966714387974231,0.12082438558816512,0.1354023341609112,3,2,0.04403029054854856,1.0,16068.897661844889,epoch_56_original,3,A10_drop_front_triplet,4,R4_ema_K3,"['CAM_FRONT', 'CAM_FRONT_LEFT', 'CAM_FRONT_RIGHT']",ema,"[1, 2, 3]",,False,False,False
0.22436024861182893,0.07552885525253204,0.4981919497302745,0.0688167821832805,1.738425514256921,0.3404255319148936,0.4326431603569263,0.3253532834580216,0.5056481979558902,0.49789757750721725,58651,0.1275416444365404,0.5993349958437241,0.6746467165419784,0.6595744680851063,0.4326431603569263,0.3253532834580216,0.13981334918167737,0.05025760753100618,-0.0031834421421761544,0.16848627325975216,0.2506669037880134,0.037524453138893826,-0.0031834421421761544,0.3253532834580216,0.3404255319148936,0.5056481979558902,0.4981919497302745,0.5993349958437241,0.0688167821832805,0.2506669037880134,0.1275416444365404,0.13981334918167737,3,2,0.04403029054854856,1.0,16068.897661844889,epoch_56_original,3,A10_drop_front_triplet,6,R4_ema_K3,"['CAM_FRONT', 'CAM_FRONT_LEFT', 'CAM_FRONT_RIGHT']",ema,"[1, 2, 3]",,False,False,False
0.28088527077497666,0.131263702767681,0.4085281558170256,0.059252710927172485,1.6972136032687168,0.4887640449438202,0.0,0.29047692545145853,0.35764294049008166,0.4113983586882481,55246,0.1227612054929188,0.0,0.7095230745485415,0.5112359550561798,0.0,0.29047692545145853,0.13072007100819985,0.05520095507426234,-0.005745338291774295,0.0983300198807157,0.15194617676876288,0.027526036066480283,-0.005745338291774295,0.29047692545145853,0.4887640449438202,0.35764294049008166,0.0,0.0,0.059252710927172485,0.15194617676876288,0.1227612054929188,0.13072007100819985,3,1,0.048254052346402954,1.0,18609.917823791504,epoch_56_original,3,A10_drop_front_triplet,0,R8_camera_group_repair_front_triplet,"['CAM_FRONT', 'CAM_FRONT_LEFT', 'CAM_FRONT_RIGHT']",replace,[1],,False,False,False
0.2603670311045664,0.11412175332055309,0.4368389423076923,0.06379054588607595,1.7261117788461537,0.47126436781609193,0.4329896907216495,0.3308905528118528,0.328732747804266,0.4423119416648253,57445,0.12752403846153845,0.0,0.6691094471881471,0.5287356321839081,0.4329896907216495,0.3308905528118528,0.11973307788270879,0.04907957738770158,-0.00791963343881856,0.05778260629384794,0.09429086538461529,0.03503605769230768,-0.00791963343881856,0.3308905528118528,0.47126436781609193,0.328732747804266,0.0,0.0,0.06379054588607595,0.09429086538461529,0.12752403846153845,0.11973307788270879,3,1,0.048254052346402954,1.0,18609.917823791504,epoch_56_original,3,A10_drop_front_triplet,2,R8_camera_group_repair_front_triplet,"['CAM_FRONT', 'CAM_FRONT_LEFT', 'CAM_FRONT_RIGHT']",replace,[1],,False,False,False
0.23876203357466783,0.08375934320189231,0.4629563350035791,0.06906501866532998,1.7863278453829634,0.5804195804195804,0.4414679882132333,0.29924738219895286,0.39748953974895396,0.4670020248038471,59892,0.13039847291815795,0.0,0.7007526178010471,0.4195804195804196,0.4414679882132333,0.29924738219895286,0.13213996169091832,0.04694659586328844,-0.005802411323193812,0.1127998364950484,0.18107253638749699,0.03054163684084943,-0.005802411323193812,0.29924738219895286,0.5804195804195804,0.39748953974895396,0.4629563350035791,0.0,0.06906501866532998,0.18107253638749699,0.13039847291815795,0.13213996169091832,3,1,0.048254052346402954,1.0,18609.917823791504,epoch_56_original,3,A10_drop_front_triplet,4,R8_camera_group_repair_front_triplet,"['CAM_FRONT', 'CAM_FRONT_LEFT', 'CAM_FRONT_RIGHT']",replace,[1],,False,False,False
0.22087407703053283,0.07254641745472984,0.5079139249510938,0.06833184332846196,1.7199893295393918,0.5212765957446809,0.42969765225677903,0.31637572734829594,0.4190424959655729,0.5132735032007029,58029,0.1290829331910605,0.6101413133832086,0.6836242726517041,0.4787234042553191,0.42969765225677903,0.31637572734829594,0.13632717760038127,0.047275169733203976,-0.003668380996994694,0.15609435390684145,0.2322307190704842,0.03906574189341394,-0.003668380996994694,0.31637572734829594,0.5212765957446809,0.4190424959655729,0.5079139249510938,0.6101413133832086,0.06833184332846196,0.2322307190704842,0.1290829331910605,0.13632717760038127,3,1,0.048254052346402954,1.0,18609.917823791504,epoch_56_original,3,A10_drop_front_triplet,6,R8_camera_group_repair_front_triplet,"['CAM_FRONT', 'CAM_FRONT_LEFT', 'CAM_FRONT_RIGHT']",replace,[1],,False,False,False
0.1819959398702253,0.05226393073914934,0.5510736997327271,0.078594252356988,1.9156093514792172,0.3539325842696629,0.0,0.5169007562895509,0.3809801633605601,0.5606085179538746,62355,0.13139381278608953,0.0,0.4830992437104491,0.6460674157303371,0.0,0.5169007562895509,0.0,0.0,0.0,0.0,0.0,0.0,0.0,0.5169007562895509,0.3539325842696629,0.3809801633605601,0.0,0.0,0.078594252356988,0.0,0.13139381278608953,0.0,0,0,0.0,0.0,0.0,epoch_56_original,3,C4_motion_blur_9,0,R0_degraded_native,[],native,[],,False,False,False
0.21033832721500148,0.0697697219256189,0.49038461538461536,0.07804588607594937,1.932451923076923,0.29310344827586204,0.437942187184152,0.34347618288991555,0.4127979924717691,0.4943653524416806,64312,0.13473557692307692,0.0,0.6565238171100845,0.7068965517241379,0.437942187184152,0.34347618288991555,0.0,0.0,0.0,0.0,0.0,0.0,0.0,0.34347618288991555,0.29310344827586204,0.4127979924717691,0.0,0.0,0.07804588607594937,0.0,0.13473557692307692,0.0,0,0,0.0,0.0,0.0,epoch_56_original,3,C4_motion_blur_9,2,R0_degraded_native,[],native,[],,False,False,False
0.1963032688687318,0.06194723063622707,0.5210570269625387,0.0795980688308776,1.9187544738725841,0.4195804195804196,0.4176712206447004,0.418848167539267,0.48169456066945604,0.5234434320425209,64332,0.12562634216177523,0.0,0.581151832460733,0.5804195804195804,0.4176712206447004,0.418848167539267,0.0,0.0,0.0,0.0,0.0,0.0,0.0,0.418848167539267,0.4195804195804196,0.48169456066945604,0.5210570269625387,0.0,0.0795980688308776,0.0,0.12562634216177523,0.0,0,0,0.0,0.0,0.0,epoch_56_original,3,C4_motion_blur_9,4,R0_degraded_native,[],native,[],,False,False,False
0.1829641789582006,0.0479655766587527,0.5573240856008063,0.07899225087503423,1.8621435769755172,0.4574468085106383,0.3854717144589795,0.5150457190357439,0.48735879505110274,0.5614095644533702,62825,0.13029818009366292,0.0,0.4849542809642561,0.5425531914893618,0.3854717144589795,0.5150457190357439,0.0,0.0,0.0,0.0,0.0,0.0,0.0,0.5150457190357439,0.4574468085106383,0.48735879505110274,0.5573240856008063,0.0,0.07899225087503423,0.0,0.13029818009366292,0.0,0,0,0.0,0.0,0.0,epoch_56_original,3,C4_motion_blur_9,6,R0_degraded_native,[],native,[],,False,False,False
0.18126496800282674,0.07227426692994028,0.5744831187981936,0.07220688485782345,1.7730023655187244,0.4044943820224719,0.0,0.5357308226578176,0.29463243873978995,0.5900937429044082,57713,0.11314552548308808,0.0,0.4642691773421824,0.5955056179775281,0.0,0.5357308226578176,-0.0007309718673985666,0.020010336190790942,-0.006387367499164548,-0.07444471173121642,-0.14260698596049282,-0.018248287303001445,-0.006387367499164548,0.5357308226578176,0.4044943820224719,0.29463243873978995,0.0,0.0,0.07220688485782345,-0.14260698596049282,0.11314552548308808,-0.0007309718673985666,6,1,0.04061833323177064,1.0,1483.4649861653645,epoch_56_original,3,C4_motion_blur_9,0,R5_blend_alpha03,"['CAM_FRONT', 'CAM_FRONT_RIGHT', 'CAM_FRONT_LEFT', 'CAM_BACK', 'CAM_BACK_LEFT', 'CAM_BACK_RIGHT']",blend,"[1, 2]",0.3,False,False,False
0.23394058147540114,0.08588763985341663,0.4690504807692308,0.06964003164556962,1.8005408653846153,0.5,0.5002021427127552,0.30842759279910786,0.33939774153074026,0.4756147605669371,59922,0.12518028846153847,0.0,0.6915724072008922,0.5,0.5002021427127552,0.30842759279910786,0.023602254260399663,0.016117917927797737,-0.00840585443037975,-0.06826097773354894,-0.1319110576923077,-0.009555288461538441,-0.00840585443037975,0.30842759279910786,0.5,0.33939774153074026,0.0,0.0,0.06964003164556962,-0.1319110576923077,0.12518028846153847,0.023602254260399663,6,1,0.04061833323177064,1.0,1483.4649861653645,epoch_56_original,3,C4_motion_blur_9,2,R5_blend_alpha03,"['CAM_FRONT', 'CAM_FRONT_RIGHT', 'CAM_FRONT_LEFT', 'CAM_BACK', 'CAM_BACK_LEFT', 'CAM_BACK_RIGHT']",blend,"[1, 2]",0.3,False,False,False
0.21569576536152066,0.07030427267980296,0.5082319255547602,0.07075841918505718,1.771683369124314,0.5524475524475524,0.4894633449415126,0.40101439790575916,0.40115062761506276,0.5147114654517844,59401,0.11891553328561202,0.0,0.5989856020942408,0.4475524475524476,0.4894633449415126,0.40101439790575916,0.019392496492788847,0.008357042043575895,-0.008839649645820416,-0.07664925697941927,-0.14707110474827023,-0.00671080887616321,-0.008839649645820416,0.40101439790575916,0.5524475524475524,0.40115062761506276,0.5082319255547602,0.0,0.07075841918505718,-0.14707110474827023,0.11891553328561202,0.019392496492788847,6,1,0.04061833323177064,1.0,1483.4649861653645,epoch_56_original,3,C4_motion_blur_9,4,R5_blend_alpha03,"['CAM_FRONT', 'CAM_FRONT_RIGHT', 'CAM_FRONT_LEFT', 'CAM_BACK', 'CAM_BACK_LEFT', 'CAM_BACK_RIGHT']",blend,"[1, 2]",0.3,False,False,False
0.19712685406078206,0.058706461642240464,0.5493508803130002,0.07156971738291366,1.73673602466062,0.40425531914893614,0.4328597418348783,0.4477140482128013,0.3932221624529317,0.5586481737165809,58594,0.12404410457051396,0.0,0.5522859517871987,0.5957446808510638,0.4328597418348783,0.4477140482128013,0.014162675102581457,0.010740884983487763,-0.007422533492120562,-0.0673458018304815,-0.1254075523148972,-0.006254075523148966,-0.007422533492120562,0.4477140482128013,0.40425531914893614,0.3932221624529317,0.5493508803130002,0.0,0.07156971738291366,-0.1254075523148972,0.12404410457051396,0.014162675102581457,6,1,0.04061833323177064,1.0,1483.4649861653645,epoch_56_original,3,C4_motion_blur_9,6,R5_blend_alpha03,"['CAM_FRONT', 'CAM_FRONT_RIGHT', 'CAM_FRONT_LEFT', 'CAM_BACK', 'CAM_BACK_LEFT', 'CAM_BACK_RIGHT']",blend,"[1, 2]",0.3,False,False,False
0.1783593435295035,0.0632226345689983,0.5783232465976468,0.073102433290696,1.7858744739024914,0.4101123595505618,0.0,0.5380459947522765,0.28588098016336055,0.5946349216646664,58132,0.12509600319498632,0.0,0.46195400524772345,0.5898876404494382,0.0,0.5380459947522765,-0.003636596340721804,0.010958703829848968,-0.005491819066291995,-0.06772512228369817,-0.12973487757672575,-0.0062978095911032095,-0.005491819066291995,0.5380459947522765,0.4101123595505618,0.28588098016336055,0.0,0.0,0.073102433290696,-0.12973487757672575,0.12509600319498632,-0.003636596340721804,6,1,0.04061833323177064,1.0,2083.561045328776,epoch_56_original,3,C4_motion_blur_9,0,R6_blend_alpha05,"['CAM_FRONT', 'CAM_FRONT_RIGHT', 'CAM_FRONT_LEFT', 'CAM_BACK', 'CAM_BACK_LEFT', 'CAM_BACK_RIGHT']",blend,"[1, 2]",0.5,False,False,False
0.2230403395914945,0.08220148312381875,0.48846153846153845,0.07095035601265823,1.805018028846154,0.41954022988505746,0.48650697392359005,0.3100207105305082,0.33626097867001253,0.49616465166198426,60071,0.12545072115384615,0.0,0.6899792894694918,0.5804597701149425,0.48650697392359005,0.3100207105305082,0.012702012376493016,0.012431761198199859,-0.007095530063291139,-0.06594414728200025,-0.12743389423076912,-0.009284855769230771,-0.007095530063291139,0.3100207105305082,0.41954022988505746,0.33626097867001253,0.0,0.0,0.07095035601265823,-0.12743389423076912,0.12545072115384615,0.012702012376493016,6,1,0.04061833323177064,1.0,2083.561045328776,epoch_56_original,3,C4_motion_blur_9,2,R6_blend_alpha05,"['CAM_FRONT', 'CAM_FRONT_RIGHT', 'CAM_FRONT_LEFT', 'CAM_BACK', 'CAM_BACK_LEFT', 'CAM_BACK_RIGHT']",blend,"[1, 2]",0.5,False,False,False
0.21395834693477836,0.06867588827647633,0.5112741589119542,0.07099585801158174,1.7729360534478644,0.5454545454545454,0.4766497008661488,0.40330497382198954,0.41997907949790797,0.5167995444191344,59443,0.12180863755666906,0.0,0.5966950261780104,0.4545454545454546,0.4766497008661488,0.40330497382198954,0.017655078066046548,0.006728657640249262,-0.008602210819295852,-0.07599639370764161,-0.1458184204247197,-0.0038177046051061786,-0.008602210819295852,0.40330497382198954,0.5454545454545454,0.41997907949790797,0.5112741589119542,0.0,0.07099585801158174,-0.1458184204247197,0.12180863755666906,0.017655078066046548,6,1,0.04061833323177064,1.0,2083.561045328776,epoch_56_original,3,C4_motion_blur_9,4,R6_blend_alpha05,"['CAM_FRONT', 'CAM_FRONT_RIGHT', 'CAM_FRONT_LEFT', 'CAM_BACK', 'CAM_BACK_LEFT', 'CAM_BACK_RIGHT']",blend,"[1, 2]",0.5,False,False,False
0.1992488019686569,0.05813251110583144,0.5440156500088921,0.07170497243765897,1.744501748769933,0.425531914893617,0.43918392099107684,0.4455527847049044,0.44324905863367403,0.5500502071043053,58856,0.13032782026201908,0.0,0.5544472152950957,0.574468085106383,0.43918392099107684,0.4455527847049044,0.0162846230104563,0.010166934447078738,-0.007287278437375255,-0.06317548746518106,-0.11764182820558422,2.964016835615979e-05,-0.007287278437375255,0.4455527847049044,0.425531914893617,0.44324905863367403,0.5440156500088921,0.0,0.07170497243765897,-0.11764182820558422,0.13032782026201908,0.0162846230104563,6,1,0.04061833323177064,1.0,2083.561045328776,epoch_56_original,3,C4_motion_blur_9,6,R6_blend_alpha05,"['CAM_FRONT', 'CAM_FRONT_RIGHT', 'CAM_FRONT_LEFT', 'CAM_BACK', 'CAM_BACK_LEFT', 'CAM_BACK_RIGHT']",blend,"[1, 2]",0.5,False,False,False
0.1757581172146212,0.05683188146294508,0.5769408005898436,0.07539892237866883,1.830112746152192,0.4438202247191011,0.0,0.5477697175490045,0.3290548424737456,0.5908073567095916,59572,0.128321710546527,0.0,0.4522302824509955,0.5561797752808989,0.0,0.5477697175490045,-0.006237822655604103,0.00456795072379574,-0.0031953299783191724,-0.0446315451848288,-0.08549660532702519,-0.0030721022395625297,-0.0031953299783191724,0.5477697175490045,0.4438202247191011,0.3290548424737456,0.0,0.0,0.07539892237866883,-0.08549660532702519,0.128321710546527,-0.006237822655604103,6,1,0.04061833323177064,1.0,1876.238505045573,epoch_56_original,3,C4_motion_blur_9,0,R7_blend_alpha07,"['CAM_FRONT', 'CAM_FRONT_RIGHT', 'CAM_FRONT_LEFT', 'CAM_BACK', 'CAM_BACK_LEFT', 'CAM_BACK_RIGHT']",blend,"[1, 2]",0.7,False,False,False
0.21968612583336558,0.07316311182009747,0.48810096153846155,0.07296116824894515,1.8420372596153847,0.39080459770114945,0.4675560946027896,0.32531464075195154,0.39648682559598497,0.49278701979229145,61303,0.1284855769230769,0.0,0.6746853592480484,0.6091954022988506,0.4675560946027896,0.32531464075195154,0.0093477986183641,0.003393389894478571,-0.005084717827004218,-0.04678753576315462,-0.09041466346153837,-0.0062500000000000056,-0.005084717827004218,0.32531464075195154,0.39080459770114945,0.39648682559598497,0.0,0.0,0.07296116824894515,-0.09041466346153837,0.1284855769230769,0.0093477986183641,6,1,0.04061833323177064,1.0,1876.238505045573,epoch_56_original,3,C4_motion_blur_9,2,R7_blend_alpha07,"['CAM_FRONT', 'CAM_FRONT_RIGHT', 'CAM_FRONT_LEFT', 'CAM_BACK', 'CAM_BACK_LEFT', 'CAM_BACK_RIGHT']",blend,"[1, 2]",0.7,False,False,False
0.20580641017406384,0.06101577925105465,0.5221605821999523,0.0730734477436716,1.7996301598663804,0.48951048951048953,0.45004018215912134,0.39397905759162305,0.4581589958158996,0.5260377119716527,60338,0.12413505130040563,0.0,0.6060209424083769,0.5104895104895104,0.45004018215912134,0.39397905759162305,0.00950314130533203,-0.0009314513851724215,-0.006524621087206001,-0.06208418827333209,-0.11912431400620371,-0.0014912908613696069,-0.006524621087206001,0.39397905759162305,0.48951048951048953,0.4581589958158996,0.5221605821999523,0.0,0.0730734477436716,-0.11912431400620371,0.12413505130040563,0.00950314130533203,6,1,0.04061833323177064,1.0,1876.238505045573,epoch_56_original,3,C4_motion_blur_9,4,R7_blend_alpha07,"['CAM_FRONT', 'CAM_FRONT_RIGHT', 'CAM_FRONT_LEFT', 'CAM_BACK', 'CAM_BACK_LEFT', 'CAM_BACK_RIGHT']",blend,"[1, 2]",0.7,False,False,False
0.1987342907288077,0.05821160123287128,0.5401920682909479,0.07310535708983905,1.7734898334222537,0.5106382978723404,0.42510612492419647,0.4460515378221114,0.4593867670790748,0.5450608761139701,59834,0.1337067994546209,0.0,0.5539484621778886,0.4893617021276596,0.42510612492419647,0.4460515378221114,0.01577011177060708,0.010246024574118578,-0.005886893785195177,-0.04760843613211301,-0.0886537435532635,0.0034086193609579873,-0.005886893785195177,0.4460515378221114,0.5106382978723404,0.4593867670790748,0.5401920682909479,0.0,0.07310535708983905,-0.0886537435532635,0.1337067994546209,0.01577011177060708,6,1,0.04061833323177064,1.0,1876.238505045573,epoch_56_original,3,C4_motion_blur_9,6,R7_blend_alpha07,"['CAM_FRONT', 'CAM_FRONT_RIGHT', 'CAM_FRONT_LEFT', 'CAM_BACK', 'CAM_BACK_LEFT', 'CAM_BACK_RIGHT']",blend,"[1, 2]",0.7,False,False,False
0.24608587071366825,0.08403918417699198,0.5277564437344475,0.04924693266430597,1.391262941230684,0.23595505617977527,0.0,0.2114523846272573,0.3203033838973162,0.5393947257452398,45287,0.13145525483088077,0.0,0.7885476153727426,0.7640449438202247,0.0,0.2114523846272573,0.0,0.0,0.0,0.0,0.0,0.0,0.0,0.2114523846272573,0.23595505617977527,0.3203033838973162,0.0,0.0,0.04924693266430597,0.0,0.13145525483088077,0.0,0,0,0.0,0.0,0.0,epoch_56_original,3,A7_drop_all_rear,0,R0_degraded_native,[],native,[],,False,False,False
0.251944696797638,0.08751674687735708,0.46667668269230766,0.061260548523206754,1.6501502403846153,0.1724137931034483,0.45598342429755406,0.1994583399713239,0.294228356336261,0.47533066069004704,54917,0.13903245192307692,0.0,0.8005416600286761,0.8275862068965517,0.45598342429755406,0.1994583399713239,0.0,0.0,0.0,0.0,0.0,0.0,0.0,0.1994583399713239,0.1724137931034483,0.294228356336261,0.0,0.0,0.061260548523206754,0.0,0.13903245192307692,0.0,0,0,0.0,0.0,0.0,epoch_56_original,3,A7_drop_all_rear,2,R0_degraded_native,[],native,[],,False,False,False
0.26330269943245654,0.0946947026242607,0.45481388690050106,0.05918492527272488,1.6157539966595085,0.16083916083916083,0.4482989552638628,0.2143324607329843,0.3797071129707113,0.45940901037711973,54173,0.14489382009067048,0.0,0.7856675392670157,0.8391608391608392,0.4482989552638628,0.2143324607329843,0.0,0.0,0.0,0.0,0.0,0.0,0.0,0.2143324607329843,0.16083916083916083,0.3797071129707113,0.45481388690050106,0.0,0.05918492527272488,0.0,0.14489382009067048,0.0,0,0,0.0,0.0,0.0,epoch_56_original,3,A7_drop_all_rear,4,R0_degraded_native,[],native,[],,False,False,False
0.26821608040201006,0.08903164878795744,0.45577686881261487,0.05726567061765375,1.5732704961764183,0.0425531914893617,0.4637009442952439,0.23857024106400665,0.36148466917697686,0.46140328856533197,53079,0.15134269962653388,0.0,0.7614297589359933,0.9574468085106383,0.4637009442952439,0.23857024106400665,0.0,0.0,0.0,0.0,0.0,0.0,0.0,0.23857024106400665,0.0425531914893617,0.36148466917697686,0.45577686881261487,0.0,0.05726567061765375,0.0,0.15134269962653388,0.0,0,0,0.0,0.0,0.0,epoch_56_original,3,A7_drop_all_rear,6,R0_degraded_native,[],native,[],,False,False,False
0.2737413505130041,0.1580115581802415,0.4415406614134899,0.05630909968359382,1.598557911710122,0.16292134831460675,0.0,0.2360895244016164,0.23225404732254049,0.4522796352583587,52543,0.10766984088350726,0.0,0.7639104755983837,0.8370786516853932,0.0,0.2360895244016164,0.0,0.0,0.0,0.0,0.0,0.0,0.0,0.2360895244016164,0.16292134831460675,0.23225404732254049,0.0,0.0,0.05630909968359382,0.0,0.10766984088350726,0.0,0,0,0.0,0.0,0.0,epoch_56_original,4,A0_clean,0,R0_degraded_native,[],native,[],,False,False,False
0.26674654798584957,0.12421613270019524,0.4534720598550386,0.05924223815749508,1.5953939677343933,0.3181818181818182,0.4607050658089636,0.24026782933665525,0.34292035398230086,0.4595487236472513,54588,0.1107668926817863,0.0,0.7597321706633448,0.6818181818181819,0.4607050658089636,0.24026782933665525,0.0,0.0,0.0,0.0,0.0,0.0,0.0,0.24026782933665525,0.3181818181818182,0.34292035398230086,0.0,0.0,0.05924223815749508,0.0,0.1107668926817863,0.0,0,0,0.0,0.0,0.0,epoch_56_original,4,A0_clean,2,R0_degraded_native,[],native,[],,False,False,False
0.2764987627881401,0.10651825998320502,0.44094326925890165,0.057653993506332726,1.5809707715263759,0.20430107526881722,0.44731800766283525,0.19904353562005278,0.3871836295099623,0.44395271106709583,54036,0.1269200386202054,0.0,0.8009564643799472,0.7956989247311828,0.44731800766283525,0.19904353562005278,0.0,0.0,0.0,0.0,0.0,0.0,0.0,0.19904353562005278,0.20430107526881722,0.3871836295099623,0.44094326925890165,0.0,0.057653993506332726,0.0,0.1269200386202054,0.0,0,0,0.0,0.0,0.0,epoch_56_original,4,A0_clean,4,R0_degraded_native,[],native,[],,False,False,False
0.27800483410239507,0.09547802188374628,0.4496578123187565,0.05578878179932487,1.5299559215868228,0.4778761061946903,0.4514931814258588,0.2960940086064217,0.4582278481012658,0.4490015691824867,52759,0.13690407145342767,0.0,0.7039059913935783,0.5221238938053097,0.4514931814258588,0.2960940086064217,0.0,0.0,0.0,0.0,0.0,0.0,0.0,0.2960940086064217,0.4778761061946903,0.4582278481012658,0.4496578123187565,0.0,0.05578878179932487,0.0,0.13690407145342767,0.0,0,0,0.0,0.0,0.0,epoch_56_original,4,A0_clean,6,R0_degraded_native,[],native,[],,False,False,False
0.18977085894568455,0.11900650326753158,0.610210228482765,0.05706182026613696,1.4437920228787002,0.19662921348314608,0.0,0.5107242772769661,0.1855541718555417,0.632026875699888,47456,0.08144452219416472,0.0,0.4892757227230339,0.8033707865168539,0.0,0.5107242772769661,0.0,0.0,0.0,0.0,0.0,0.0,0.0,0.5107242772769661,0.19662921348314608,0.1855541718555417,0.0,0.0,0.05706182026613696,0.0,0.08144452219416472,0.0,0,0,0.0,0.0,0.0,epoch_56_original,4,A1_drop_cam_front,0,R0_degraded_native,[],native,[],,False,False,False
0.17806924596924312,0.10681949350172514,0.6365443067570727,0.058803137752070044,1.4045475800794949,0.2840909090909091,0.27728638537390493,0.6585175957645594,0.34126106194690264,0.6529925610396025,48058,0.07151624970773907,0.0,0.34148240423544063,0.7159090909090908,0.27728638537390493,0.6585175957645594,0.0,0.0,0.0,0.0,0.0,0.0,0.0,0.6585175957645594,0.2840909090909091,0.34126106194690264,0.0,0.0,0.058803137752070044,0.0,0.07151624970773907,0.0,0,0,0.0,0.0,0.0,epoch_56_original,4,A1_drop_cam_front,2,R0_degraded_native,[],native,[],,False,False,False
0.1704905693151716,0.0852009948882515,0.6554024400947951,0.05761437784428074,1.3658094151379503,0.15053763440860216,0.27420759317311044,0.7262532981530343,0.39095315024232635,0.6704939341421143,46682,0.07498756546417391,0.0,0.2737467018469657,0.8494623655913979,0.27420759317311044,0.7262532981530343,0.0,0.0,0.0,0.0,0.0,0.0,0.0,0.7262532981530343,0.15053763440860216,0.39095315024232635,0.6554024400947951,0.0,0.05761437784428074,0.0,0.07498756546417391,0.0,0,0,0.0,0.0,0.0,epoch_56_original,4,A1_drop_cam_front,4,R0_degraded_native,[],native,[],,False,False,False
0.1704155207017022,0.07526970029093036,0.6675849669411901,0.054137297775781315,1.2830298109268066,0.34513274336283184,0.2782237182806836,0.7644819596160212,0.4318987341772152,0.681825174610012,44244,0.08435796311332792,0.0,0.23551804038397883,0.6548672566371682,0.2782237182806836,0.7644819596160212,0.0,0.0,0.0,0.0,0.0,0.0,0.0,0.7644819596160212,0.34513274336283184,0.4318987341772152,0.6675849669411901,0.0,0.054137297775781315,0.0,0.08435796311332792,0.0,0,0,0.0,0.0,0.0,epoch_56_original,4,A1_drop_cam_front,6,R0_degraded_native,[],native,[],,False,False,False
0.29003333038374185,0.18168170658947363,0.40168547871854937,0.0575444179262795,1.6612309470930056,0.16853932584269662,0.0,0.21495181846440783,0.18493150684931506,0.4127659574468085,54603,0.10538805561471296,0.0,0.7850481815355922,0.8314606741573034,0.0,0.21495181846440783,0.1002624714380573,0.06267520332194206,0.00048259766014253913,0.1506026635198921,0.21743892421430533,0.023943533420548238,0.00048259766014253913,0.21495181846440783,0.16853932584269662,0.18493150684931506,0.0,0.0,0.0575444179262795,0.21743892421430533,0.10538805561471296,0.1002624714380573,1,1,0.04534710537303578,1.0,17053.273963928223,epoch_56_original,4,A1_drop_cam_front,0,R1_replace_tminus1,['CAM_FRONT'],replace,[1],,False,False,False
0.24793377120963328,0.13455222983042472,0.470452419920505,0.06415488028736316,1.6653904606032266,0.2840909090909091,0.4334081002158365,0.358766739333541,0.288716814159292,0.48050745439392534,56983,0.10252513444002806,0.0,0.641233260666459,0.7159090909090908,0.4334081002158365,0.358766739333541,0.06986452524039016,0.02773273632869959,0.005351742535293115,0.18571309667485122,0.2608428805237317,0.031008884732288994,0.005351742535293115,0.358766739333541,0.2840909090909091,0.288716814159292,0.0,0.0,0.06415488028736316,0.2608428805237317,0.10252513444002806,0.06986452524039016,1,1,0.04534710537303578,1.0,17053.273963928223,epoch_56_original,4,A1_drop_cam_front,2,R1_replace_tminus1,['CAM_FRONT'],replace,[1],,False,False,False
0.2598845995329029,0.11382997281577367,0.4465314959478042,0.06373334697872804,1.6831387694198192,0.15053763440860216,0.4639063044235458,0.29518469656992086,0.31071620893914914,0.4541965833127012,57528,0.1127300389127827,0.0,0.7048153034300791,0.8494623655913979,0.4639063044235458,0.29518469656992086,0.08939403021773129,0.02862897792752217,0.006118969134447302,0.23233794610342315,0.3173293542818689,0.03774247344860879,0.006118969134447302,0.29518469656992086,0.15053763440860216,0.31071620893914914,0.4465314959478042,0.0,0.06373334697872804,0.3173293542818689,0.1127300389127827,0.08939403021773129,1,1,0.04534710537303578,1.0,17053.273963928223,epoch_56_original,4,A1_drop_cam_front,4,R1_replace_tminus1,['CAM_FRONT'],replace,[1],,False,False,False
0.24875773388514402,0.08546231568723135,0.47883076209256464,0.062364991181075316,1.6162568147546688,0.4690265486725664,0.4626704643535301,0.37702747434624295,0.3534177215189873,0.4865081074428479,55735,0.13464215288249623,0.0,0.622972525653757,0.5309734513274336,0.4626704643535301,0.37702747434624295,0.07834221318344181,0.010192615396300994,0.008227693405294001,0.2597188319320134,0.3332270038278622,0.050284189769168305,0.008227693405294001,0.37702747434624295,0.4690265486725664,0.3534177215189873,0.47883076209256464,0.0,0.062364991181075316,0.3332270038278622,0.13464215288249623,0.07834221318344181,1,1,0.04534710537303578,1.0,17053.273963928223,epoch_56_original,4,A1_drop_cam_front,6,R1_replace_tminus1,['CAM_FRONT'],replace,[1],,False,False,False
0.2801131118957964,0.159759134022842,0.41835772308253977,0.05827737341693967,1.6580972953238613,0.21910112359550563,0.0,0.2959278831209201,0.22914072229140722,0.4280275155975044,54500,0.10885636922328029,0.0,0.7040721168790799,0.7808988764044944,0.0,0.2959278831209201,0.09034225295011186,0.04075263075531042,0.0012155531508027118,0.1484322319622387,0.21430527244516107,0.027411847029115574,0.0012155531508027118,0.2959278831209201,0.21910112359550563,0.22914072229140722,0.0,0.0,0.05827737341693967,0.21430527244516107,0.10885636922328029,0.09034225295011186,1,2,0.04498246142810041,1.0,16867.21750640869,epoch_56_original,4,A1_drop_cam_front,0,R2_replace_tminus2,['CAM_FRONT'],replace,[2],,False,False,False
0.24716646183258228,0.11885482935733346,0.47100771568856675,0.06440249329794118,1.6692190787935468,0.3409090909090909,0.43700537475136486,0.40361258175023357,0.3008849557522124,0.48044572028274224,57114,0.10597381342062193,0.0,0.5963874182497664,0.6590909090909092,0.43700537475136486,0.40361258175023357,0.06909721586333917,0.012035335855608328,0.005599355545871133,0.18843896957842607,0.26467149871405193,0.03445756371288286,0.005599355545871133,0.40361258175023357,0.3409090909090909,0.3008849557522124,0.0,0.0,0.06440249329794118,0.26467149871405193,0.10597381342062193,0.06909721586333917,1,2,0.04498246142810041,1.0,16867.21750640869,epoch_56_original,4,A1_drop_cam_front,2,R2_replace_tminus2,['CAM_FRONT'],replace,[2],,False,False,False
0.2565756351117824,0.0966122254774734,0.44831621756049034,0.06489045444116331,1.701863717487346,0.3333333333333333,0.46051027516544757,0.24818601583113456,0.3295638126009693,0.45506313443921764,58168,0.11632873986951052,0.0,0.7518139841688655,0.6666666666666667,0.46051027516544757,0.24818601583113456,0.0860850657966108,0.011411230589221902,0.0072760765968825775,0.24604772717535667,0.3360543023493958,0.041341174405336606,0.0072760765968825775,0.24818601583113456,0.3333333333333333,0.3295638126009693,0.44831621756049034,0.0,0.06489045444116331,0.3360543023493958,0.11632873986951052,0.0860850657966108,1,2,0.04498246142810041,1.0,16867.21750640869,epoch_56_original,4,A1_drop_cam_front,4,R2_replace_tminus2,['CAM_FRONT'],replace,[2],,False,False,False
0.24207844157979094,0.08389366775657914,0.48755944785987704,0.06360360419873298,1.6292773460155434,0.5398230088495575,0.4327205247712757,0.3257199602780536,0.36658227848101266,0.4947847758530507,56184,0.12846537524649113,0.0,0.6742800397219464,0.4601769911504425,0.4327205247712757,0.3257199602780536,0.07166292087808873,0.00862396746564878,0.009466306422951667,0.2698671006238134,0.34624753508873685,0.0441074121331632,0.009466306422951667,0.3257199602780536,0.5398230088495575,0.36658227848101266,0.48755944785987704,0.0,0.06360360419873298,0.34624753508873685,0.12846537524649113,0.07166292087808873,1,2,0.04498246142810041,1.0,16867.21750640869,epoch_56_original,4,A1_drop_cam_front,6,R2_replace_tminus2,['CAM_FRONT'],replace,[2],,False,False,False
0.2941334167374112,0.18062254595241742,0.3991603030210837,0.05645239659974536,1.6435851410143296,0.21348314606741572,0.0,0.22241218526577558,0.19240348692403486,0.409726443768997,54023,0.1074568742584198,0.0,0.7775878147342244,0.7865168539325843,0.0,0.22241218526577558,0.10436255779172668,0.06161604268488584,-0.0006094236663915995,0.13838081591368848,0.1997931181356294,0.026012352064255076,-0.0006094236663915995,0.22241218526577558,0.21348314606741572,0.19240348692403486,0.0,0.0,0.05645239659974536,0.1997931181356294,0.1074568742584198,0.10436255779172668,1,1,0.04335705360228365,1.0,15705.411659240723,epoch_56_original,4,A1_drop_cam_front,0,R3_ema_K2,['CAM_FRONT'],ema,"[1, 2]",,False,False,False
0.25552998249700243,0.13756226580808073,0.45811900865092353,0.06329483776395547,1.6624970773906944,0.29545454545454547,0.44703542257395573,0.33416381189660543,0.27654867256637167,0.46816063215729853,56884,0.10860416179565116,0.0,0.6658361881033945,0.7045454545454546,0.44703542257395573,0.33416381189660543,0.07746073652775931,0.030742772306355595,0.004491700011885431,0.18365308585459236,0.25794949731119954,0.037087912087912095,0.004491700011885431,0.33416381189660543,0.29545454545454547,0.27654867256637167,0.0,0.0,0.06329483776395547,0.25794949731119954,0.10860416179565116,0.07746073652775931,1,1,0.04335705360228365,1.0,15705.411659240723,epoch_56_original,4,A1_drop_cam_front,2,R3_ema_K2,['CAM_FRONT'],ema,"[1, 2]",,False,False,False
0.2571054140388238,0.11155488469445496,0.4489598876503116,0.0644992497783999,1.6942859650662687,0.13978494623655913,0.46286137234413094,0.2796833773087071,0.30210016155088854,0.45729140876454566,57909,0.11688463676526523,0.0,0.7203166226912929,0.8602150537634409,0.46286137234413094,0.2796833773087071,0.08661484472365222,0.026353889806203457,0.006884871934119158,0.24049955014780858,0.32847654992831843,0.04189707130109131,0.006884871934119158,0.2796833773087071,0.13978494623655913,0.30210016155088854,0.4489598876503116,0.0,0.0644992497783999,0.32847654992831843,0.11688463676526523,0.08661484472365222,1,1,0.04335705360228365,1.0,15705.411659240723,epoch_56_original,4,A1_drop_cam_front,4,R3_ema_K2,['CAM_FRONT'],ema,"[1, 2]",,False,False,False
0.2483693549278647,0.0900277407399895,0.47880176313652706,0.06255821481182991,1.6196786915671035,0.46017699115044247,0.46141895390989124,0.3599801390268123,0.3362025316455696,0.48752346081659026,55853,0.13849901403549472,0.0,0.6400198609731877,0.5398230088495575,0.46141895390989124,0.3599801390268123,0.07795383422616248,0.014758040449059137,0.008420917036048595,0.26238586022963567,0.33664888064029697,0.0541410509221668,0.008420917036048595,0.3599801390268123,0.46017699115044247,0.3362025316455696,0.47880176313652706,0.0,0.06255821481182991,0.33664888064029697,0.13849901403549472,0.07795383422616248,1,1,0.04335705360228365,1.0,15705.411659240723,epoch_56_original,4,A1_drop_cam_front,6,R3_ema_K2,['CAM_FRONT'],ema,"[1, 2]",,False,False,False
0.2928813156801045,0.18300653724912427,0.3996775076820104,0.05682958043651205,1.6500349873741216,0.21348314606741572,0.0,0.20065278209511966,0.18493150684931506,0.41065429531274994,54235,0.10432322248927561,0.0,0.7993472179048804,0.7865168539325843,0.0,0.20065278209511966,0.10311045673441996,0.0640000339815927,-0.00023223982962490564,0.14284811193526636,0.20624296449542134,0.022878700295110896,-0.00023223982962490564,0.20065278209511966,0.21348314606741572,0.18493150684931506,0.0,0.0,0.05682958043651205,0.20624296449542134,0.10432322248927561,0.10311045673441996,1,2,0.04259257424961437,1.0,15140.282447814941,epoch_56_original,4,A1_drop_cam_front,0,R4_ema_K3,['CAM_FRONT'],ema,"[1, 2, 3]",,False,False,False
0.24891183457139326,0.13773769685361772,0.4701893850830021,0.06374054118299592,1.6583177460837035,0.2784090909090909,0.4322231156629565,0.3453752725007786,0.29148230088495575,0.480106182671235,56741,0.10264203881225158,0.0,0.6546247274992214,0.7215909090909092,0.4322231156629565,0.3453752725007786,0.07084258860215015,0.03091820335189259,0.004937403430925878,0.18067751466977403,0.25377016600420865,0.03112578910451251,0.004937403430925878,0.3453752725007786,0.2784090909090909,0.29148230088495575,0.0,0.0,0.06374054118299592,0.25377016600420865,0.10264203881225158,0.07084258860215015,1,2,0.04259257424961437,1.0,15140.282447814941,epoch_56_original,4,A1_drop_cam_front,2,R4_ema_K3,['CAM_FRONT'],ema,"[1, 2, 3]",,False,False,False
0.2595116877429244,0.11145007634777936,0.44521489803680625,0.06419222839749696,1.6925890166476492,0.15053763440860216,0.46120689655172414,0.25313324538258575,0.30156165858912226,0.4533300321861847,57851,0.11618245121273296,0.0,0.7468667546174143,0.8494623655913979,0.46120689655172414,0.25313324538258575,0.08902111842775279,0.026249081459527854,0.006577850553216219,0.2392571012381646,0.32677960150969887,0.04119488574855905,0.006577850553216219,0.25313324538258575,0.15053763440860216,0.30156165858912226,0.44521489803680625,0.0,0.06419222839749696,0.32677960150969887,0.11618245121273296,0.08902111842775279,1,2,0.04259257424961437,1.0,15140.282447814941,epoch_56_original,4,A1_drop_cam_front,4,R4_ema_K3,['CAM_FRONT'],ema,"[1, 2, 3]",,False,False,False
0.2484722528077516,0.08355217124391838,0.47648184665352045,0.06304044814670463,1.6304663032130844,0.39823008849557523,0.459951665803556,0.340946706388613,0.3291139240506329,0.4854004492169472,56225,0.13391717898155667,0.0,0.659053293611387,0.6017699115044248,0.459951665803556,0.340946706388613,0.07805673210604938,0.008282470952988022,0.008903150370923318,0.2707937799475635,0.3474364922862778,0.04955921586822874,0.008903150370923318,0.340946706388613,0.39823008849557523,0.3291139240506329,0.47648184665352045,0.0,0.06304044814670463,0.3474364922862778,0.13391717898155667,0.07805673210604938,1,2,0.04259257424961437,1.0,15140.282447814941,epoch_56_original,4,A1_drop_cam_front,6,R4_ema_K3,['CAM_FRONT'],ema,"[1, 2, 3]",,False,False,False
0.1356760693576851,0.07639759270338596,0.7052846146825276,0.06346076876324878,1.4669141136024826,0.6235955056179775,0.0,0.6470313957102891,0.3617683686176837,0.722956326987682,48216,0.08314825519486446,0.0,0.3529686042897109,0.3764044943820225,0.0,0.6470313957102891,0.0,0.0,0.0,0.0,0.0,0.0,0.0,0.6470313957102891,0.6235955056179775,0.3617683686176837,0.0,0.0,0.06346076876324878,0.0,0.08314825519486446,0.0,0,0,0.0,0.0,0.0,epoch_56_original,4,A10_drop_front_triplet,0,R0_degraded_native,[],native,[],,False,False,False
0.12640989112961196,0.05557392207964015,0.7173252279635258,0.06982191672279228,1.5188508300210428,0.4715909090909091,0.2006009564518177,0.868732482092806,0.5470132743362832,0.7268882921258141,51969,0.07943652092588263,0.0,0.13126751790719404,0.5284090909090908,0.2006009564518177,0.868732482092806,0.0,0.0,0.0,0.0,0.0,0.0,0.0,0.868732482092806,0.4715909090909091,0.5470132743362832,0.0,0.0,0.06982191672279228,0.0,0.07943652092588263,0.0,0,0,0.0,0.0,0.0,epoch_56_original,4,A10_drop_front_triplet,2,R0_degraded_native,[],native,[],,False,False,False
0.10802641308719173,0.03700910832413921,0.7563708710026624,0.07081959852827815,1.4989028350741684,0.4946236559139785,0.1913531870428422,0.8731860158311345,0.5487345180398492,0.768352314929438,51231,0.08777319406653208,0.0,0.12681398416886547,0.5053763440860215,0.1913531870428422,0.8731860158311345,0.0,0.0,0.0,0.0,0.0,0.0,0.0,0.8731860158311345,0.4946236559139785,0.5487345180398492,0.7563708710026624,0.0,0.07081959852827815,0.0,0.08777319406653208,0.0,0,0,0.0,0.0,0.0,epoch_56_original,4,A10_drop_front_triplet,4,R0_degraded_native,[],native,[],,False,False,False
0.0874570130995196,0.029893923028501877,0.8067799559215868,0.06887018674981338,1.4025345087576848,0.6460176991150443,0.1725358190920076,0.845249917245945,0.6126582278481013,0.818713270360912,48365,0.07412133163206125,0.05097649784839457,0.154750082754055,0.35398230088495575,0.1725358190920076,0.845249917245945,0.0,0.0,0.0,0.0,0.0,0.0,0.0,0.845249917245945,0.6460176991150443,0.6126582278481013,0.8067799559215868,0.05097649784839457,0.06887018674981338,0.0,0.07412133163206125,0.0,0,0,0.0,0.0,0.0,epoch_56_original,4,A10_drop_front_triplet,6,R0_degraded_native,[],native,[],,False,False,False
0.28426078807621935,0.14616256430774147,0.41860111351121115,0.05659075224292615,1.6266999300252518,0.550561797752809,0.0,0.2388871619521293,0.31880448318804483,0.42367621180611104,53468,0.1154279107974079,0.0,0.7611128380478707,0.449438202247191,0.0,0.2388871619521293,0.14858471871853426,0.0697649716043555,-0.006870016520322632,0.1089264974282396,0.15978581642276923,0.032279655602543436,-0.006870016520322632,0.2388871619521293,0.550561797752809,0.31880448318804483,0.0,0.0,0.05659075224292615,0.15978581642276923,0.1154279107974079,0.14858471871853426,3,1,0.047809029618899025,1.0,18414.828447977703,epoch_56_original,4,A10_drop_front_triplet,0,R1_replace_tminus1,"['CAM_FRONT', 'CAM_FRONT_LEFT', 'CAM_FRONT_RIGHT']",replace,[1],,False,False,False
0.23438502524618518,0.10424824823584661,0.5088847322889876,0.06186693606962217,1.586450783259294,0.7045454545454546,0.3891827838672817,0.4251012145748988,0.38716814159292035,0.5156032966015371,54282,0.11377718026654197,0.0,0.5748987854251012,0.2954545454545454,0.3891827838672817,0.4251012145748988,0.10797513411657322,0.048674326156206454,-0.007954980653170109,0.044507302430294986,0.06759995323825119,0.034340659340659344,-0.007954980653170109,0.4251012145748988,0.7045454545454546,0.38716814159292035,0.0,0.0,0.06186693606962217,0.06759995323825119,0.11377718026654197,0.10797513411657322,3,1,0.047809029618899025,1.0,18414.828447977703,epoch_56_original,4,A10_drop_front_triplet,2,R1_replace_tminus1,"['CAM_FRONT', 'CAM_FRONT_LEFT', 'CAM_FRONT_RIGHT']",replace,[1],,False,False,False
0.24105860630513576,0.08864292090420477,0.484332484859124,0.06426980906901543,1.6548465431990405,0.6881720430107527,0.42441657958899337,0.29963720316622694,0.4227248249865374,0.4879920772468433,56561,0.11864010064659586,0.0,0.7003627968337731,0.31182795698924726,0.42441657958899337,0.29963720316622694,0.13303219321794402,0.05163381258006556,-0.006549789459262725,0.10403857039683004,0.15594370812487202,0.030866906580063774,-0.006549789459262725,0.29963720316622694,0.6881720430107527,0.4227248249865374,0.484332484859124,0.0,0.06426980906901543,0.15594370812487202,0.11864010064659586,0.13303219321794402,3,1,0.047809029618899025,1.0,18414.828447977703,epoch_56_original,4,A10_drop_front_triplet,4,R1_replace_tminus1,"['CAM_FRONT', 'CAM_FRONT_LEFT', 'CAM_FRONT_RIGHT']",replace,[1],,False,False,False
0.22641406865809574,0.07304760832698408,0.5168773924138731,0.06456972235250596,1.6169237907435332,0.7433628318584071,0.42365786293802865,0.3666004634227077,0.4506329113924051,0.5210301221500877,55758,0.13510613617909756,0.5647136709698776,0.6333995365772923,0.2566371681415929,0.42365786293802865,0.3666004634227077,0.13895705555857613,0.0431536852984822,-0.004300464397307413,0.1528584720355629,0.2143892819858484,0.06098480454703631,-0.004300464397307413,0.3666004634227077,0.7433628318584071,0.4506329113924051,0.5168773924138731,0.5647136709698776,0.06456972235250596,0.2143892819858484,0.13510613617909756,0.13895705555857613,3,1,0.047809029618899025,1.0,18414.828447977703,epoch_56_original,4,A10_drop_front_triplet,6,R1_replace_tminus1,"['CAM_FRONT', 'CAM_FRONT_LEFT', 'CAM_FRONT_RIGHT']",replace,[1],,False,False,False
0.2761278522905417,0.13950520629089957,0.4212479844230126,0.05933315874168837,1.674708692080684,0.5561797752808989,0.0,0.3290332608019894,0.410958904109589,0.4217245240761478,55046,0.1325260884115732,0.0,0.6709667391980105,0.4438202247191011,0.0,0.3290332608019894,0.14045178293285662,0.06310761358751361,-0.004127610021560417,0.14165422266467562,0.20779457847820137,0.049377833216708744,-0.004127610021560417,0.3290332608019894,0.5561797752808989,0.410958904109589,0.0,0.0,0.05933315874168837,0.20779457847820137,0.1325260884115732,0.14045178293285662,3,2,0.048254052346402954,1.0,18609.917823791504,epoch_56_original,4,A10_drop_front_triplet,0,R2_replace_tminus2,"['CAM_FRONT', 'CAM_FRONT_LEFT', 'CAM_FRONT_RIGHT']",replace,[2],,False,False,False
0.22560270916762976,0.09167358480769823,0.5093523497778817,0.06635698532810375,1.6654781388823943,0.44886363636363635,0.38105717550467644,0.4933042665836188,0.4258849557522124,0.5139364755995925,56986,0.12836100070142623,0.0,0.5066957334163812,0.5511363636363636,0.38105717550467644,0.4933042665836188,0.0991928180380178,0.03609966272805808,-0.0034649313946885363,0.09653832092208817,0.14662730886135145,0.048924479775543595,-0.0034649313946885363,0.4933042665836188,0.44886363636363635,0.4258849557522124,0.0,0.0,0.06635698532810375,0.14662730886135145,0.12836100070142623,0.0991928180380178,3,2,0.048254052346402954,1.0,18609.917823791504,epoch_56_original,4,A10_drop_front_triplet,2,R2_replace_tminus2,"['CAM_FRONT', 'CAM_FRONT_LEFT', 'CAM_FRONT_RIGHT']",replace,[2],,False,False,False
0.2359596438543807,0.07972312734518439,0.4758477427660259,0.06890649218168403,1.745516252669768,0.5591397849462365,0.4292058516196447,0.25065963060686014,0.46526655896607433,0.4763864818024263,59660,0.12847069838204744,0.0,0.7493403693931399,0.4408602150537635,0.4292058516196447,0.25065963060686014,0.127933230767189,0.04271401902104518,-0.0019131063465941262,0.16452928890710702,0.24661341759559963,0.04069750431551536,-0.0019131063465941262,0.25065963060686014,0.5591397849462365,0.46526655896607433,0.4758477427660259,0.0,0.06890649218168403,0.24661341759559963,0.12847069838204744,0.127933230767189,3,2,0.048254052346402954,1.0,18609.917823791504,epoch_56_original,4,A10_drop_front_triplet,4,R2_replace_tminus2,"['CAM_FRONT', 'CAM_FRONT_LEFT', 'CAM_FRONT_RIGHT']",replace,[2],,False,False,False
0.21471743529380646,0.06388496589519947,0.5292019487298457,0.06792058343627584,1.6634381162278158,0.5752212389380531,0.39914552045572244,0.3164515061238001,0.5108860759493671,0.530445217070244,57362,0.1300313188725206,0.5964912280701754,0.6835484938762,0.4247787610619469,0.39914552045572244,0.3164515061238001,0.12726042219428685,0.033991042866697595,-0.0009496033135375365,0.18602295048071954,0.26090360747013097,0.05590998724045934,-0.0009496033135375365,0.3164515061238001,0.5752212389380531,0.5108860759493671,0.5292019487298457,0.5964912280701754,0.06792058343627584,0.26090360747013097,0.1300313188725206,0.12726042219428685,3,2,0.048254052346402954,1.0,18609.917823791504,epoch_56_original,4,A10_drop_front_triplet,6,R2_replace_tminus2,"['CAM_FRONT', 'CAM_FRONT_LEFT', 'CAM_FRONT_RIGHT']",replace,[2],,False,False,False
0.2866510123609942,0.1454536494358181,0.40947397243603395,0.05739123846418648,1.650613039642216,0.601123595505618,0.0,0.2516319552377992,0.36114570361145704,0.41190209566469366,54254,0.11822690072712891,0.0,0.7483680447622008,0.398876404494382,0.0,0.2516319552377992,0.15097494300330913,0.06905605673243213,-0.006069530299062306,0.1252281400365024,0.18369892603973348,0.035078645532264446,-0.006069530299062306,0.2516319552377992,0.601123595505618,0.36114570361145704,0.0,0.0,0.05739123846418648,0.18369892603973348,0.11822690072712891,0.15097494300330913,3,1,0.04452612555839799,1.0,16522.10890452067,epoch_56_original,4,A10_drop_front_triplet,0,R3_ema_K2,"['CAM_FRONT', 'CAM_FRONT_LEFT', 'CAM_FRONT_RIGHT']",ema,"[1, 2]",,False,False,False
0.23637760070220673,0.10712563181289352,0.4962882861819032,0.06387920446891962,1.6346738368014964,0.6022727272727273,0.3965042955690042,0.40143257552164435,0.38882743362831856,0.5022687285859802,55932,0.11278349310264203,0.0,0.5985674244783556,0.3977272727272727,0.3965042955690042,0.40143257552164435,0.10996770957259477,0.05155170973325336,-0.005942712253872662,0.07625699936500606,0.11582300678045354,0.0333469721767594,-0.005942712253872662,0.40143257552164435,0.6022727272727273,0.38882743362831856,0.0,0.0,0.06387920446891962,0.11582300678045354,0.11278349310264203,0.10996770957259477,3,1,0.04452612555839799,1.0,16522.10890452067,epoch_56_original,4,A10_drop_front_triplet,2,R3_ema_K2,"['CAM_FRONT', 'CAM_FRONT_LEFT', 'CAM_FRONT_RIGHT']",ema,"[1, 2]",,False,False,False
0.23681881233899202,0.08664323137328395,0.4755259077211153,0.0685284927396046,1.7391380672342667,0.6129032258064516,0.4324712643678161,0.2762203166226913,0.44695745826602046,0.4773149294379797,59442,0.1195470903186167,0.0,0.7237796833773087,0.3870967741935484,0.4324712643678161,0.2762203166226913,0.1287923992518003,0.04963412304914474,-0.0022911057886735586,0.1602740528195819,0.24023523216009823,0.03177389625208461,-0.0022911057886735586,0.2762203166226913,0.6129032258064516,0.44695745826602046,0.4755259077211153,0.0,0.0685284927396046,0.24023523216009823,0.1195470903186167,0.1287923992518003,3,1,0.04452612555839799,1.0,16522.10890452067,epoch_56_original,4,A10_drop_front_triplet,4,R3_ema_K2,"['CAM_FRONT', 'CAM_FRONT_LEFT', 'CAM_FRONT_RIGHT']",ema,"[1, 2]",,False,False,False
0.22454460069054014,0.07272416698551176,0.5077717202180722,0.06789085672385205,1.6843463635309128,0.5575221238938053,0.4346193682030036,0.34425686858656074,0.47544303797468357,0.5098612350389219,58083,0.1355411205196613,0.5810989738497186,0.6557431314134392,0.4424778761061947,0.4346193682030036,0.34425686858656074,0.13708758759102052,0.042830243957009885,-0.0009793300259613308,0.20093042489403495,0.281811854773228,0.06141978888760005,-0.0009793300259613308,0.34425686858656074,0.5575221238938053,0.47544303797468357,0.5077717202180722,0.5810989738497186,0.06789085672385205,0.281811854773228,0.1355411205196613,0.13708758759102052,3,1,0.04452612555839799,1.0,16522.10890452067,epoch_56_original,4,A10_drop_front_triplet,6,R3_ema_K2,"['CAM_FRONT', 'CAM_FRONT_LEFT', 'CAM_FRONT_RIGHT']",ema,"[1, 2]",,False,False,False
0.28549082108494184,0.16056859401589418,0.4114210958654051,0.0574752401046891,1.650217530195625,0.5674157303370787,0.0,0.25489586571339756,0.3592777085927771,0.4140457526795713,54241,0.11478901092214548,0.0,0.7451041342866025,0.4325842696629213,0.0,0.25489586571339756,0.14981475172725675,0.08417100131250822,-0.005985528658559683,0.1249585199933632,0.18330341659314242,0.03164075572728102,-0.005985528658559683,0.25489586571339756,0.5674157303370787,0.3592777085927771,0.0,0.0,0.0574752401046891,0.18330341659314242,0.11478901092214548,0.14981475172725675,3,2,0.04335246336731043,1.0,15822.700030008951,epoch_56_original,4,A10_drop_front_triplet,0,R4_ema_K3,"['CAM_FRONT', 'CAM_FRONT_LEFT', 'CAM_FRONT_RIGHT']",ema,"[1, 2, 3]",,False,False,False
0.23041307186023663,0.11698572244020156,0.4996785129763853,0.06616384717985288,1.6717325227963526,0.6590909090909091,0.389944559651276,0.40766116474618497,0.3971238938053097,0.5053245670895453,57200,0.1086918400748188,0.0,0.592338835253815,0.34090909090909094,0.389944559651276,0.40766116474618497,0.10400318073062467,0.0614118003605614,-0.0036580695429394017,0.10065616040331736,0.15288169277530983,0.02925531914893617,-0.0036580695429394017,0.40766116474618497,0.6590909090909091,0.3971238938053097,0.0,0.0,0.06616384717985288,0.15288169277530983,0.1086918400748188,0.10400318073062467,3,2,0.04335246336731043,1.0,15822.700030008951,epoch_56_original,4,A10_drop_front_triplet,2,R4_ema_K3,"['CAM_FRONT', 'CAM_FRONT_LEFT', 'CAM_FRONT_RIGHT']",ema,"[1, 2, 3]",,False,False,False
0.23907323106070574,0.0984212496749842,0.4683577635390152,0.06904184569369501,1.7554053658679305,0.6774193548387096,0.4365639150121909,0.2603891820580475,0.4286483575659666,0.470661054716514,59998,0.11849381198981832,0.0,0.7396108179419525,0.32258064516129037,0.4365639150121909,0.2603891820580475,0.13104681797351403,0.06141214135084499,-0.0017777528345831461,0.1711268567859304,0.25650253079376206,0.03072061792328623,-0.0017777528345831461,0.2603891820580475,0.6774193548387096,0.4286483575659666,0.4683577635390152,0.0,0.06904184569369501,0.25650253079376206,0.11849381198981832,0.13104681797351403,3,2,0.04335246336731043,1.0,15822.700030008951,epoch_56_original,4,A10_drop_front_triplet,4,R4_ema_K3,"['CAM_FRONT', 'CAM_FRONT_LEFT', 'CAM_FRONT_RIGHT']",ema,"[1, 2, 3]",,False,False,False
0.22825525147438872,0.08037189609944073,0.5005509801647141,0.06766295192860304,1.6875652476510845,0.6371681415929203,0.4307785258070085,0.3240648791790798,0.47544303797468357,0.5021691640257223,58194,0.13342419672891775,0.5911949685534591,0.6759351208209202,0.36283185840707965,0.4307785258070085,0.3240648791790798,0.1407982383748691,0.050477973070938854,-0.0012072348212103373,0.2032254729659878,0.2850307388933997,0.059302865096856505,-0.0012072348212103373,0.3240648791790798,0.6371681415929203,0.47544303797468357,0.5005509801647141,0.5911949685534591,0.06766295192860304,0.2850307388933997,0.13342419672891775,0.1407982383748691,3,2,0.04335246336731043,1.0,15822.700030008951,epoch_56_original,4,A10_drop_front_triplet,6,R4_ema_K3,"['CAM_FRONT', 'CAM_FRONT_LEFT', 'CAM_FRONT_RIGHT']",ema,"[1, 2, 3]",,False,False,False
0.28426078807621935,0.14616256430774147,0.41860111351121115,0.05659075224292615,1.6266999300252518,0.550561797752809,0.0,0.2388871619521293,0.31880448318804483,0.42367621180611104,53468,0.1154279107974079,0.0,0.7611128380478707,0.449438202247191,0.0,0.2388871619521293,0.14858471871853426,0.0697649716043555,-0.006870016520322632,0.1089264974282396,0.15978581642276923,0.032279655602543436,-0.006870016520322632,0.2388871619521293,0.550561797752809,0.31880448318804483,0.0,0.0,0.05659075224292615,0.15978581642276923,0.1154279107974079,0.14858471871853426,3,1,0.047809029618899025,1.0,18414.828447977703,epoch_56_original,4,A10_drop_front_triplet,0,R8_camera_group_repair_front_triplet,"['CAM_FRONT', 'CAM_FRONT_LEFT', 'CAM_FRONT_RIGHT']",replace,[1],,False,False,False
0.23438502524618518,0.10424824823584661,0.5088847322889876,0.06186693606962217,1.586450783259294,0.7045454545454546,0.3891827838672817,0.4251012145748988,0.38716814159292035,0.5156032966015371,54282,0.11377718026654197,0.0,0.5748987854251012,0.2954545454545454,0.3891827838672817,0.4251012145748988,0.10797513411657322,0.048674326156206454,-0.007954980653170109,0.044507302430294986,0.06759995323825119,0.034340659340659344,-0.007954980653170109,0.4251012145748988,0.7045454545454546,0.38716814159292035,0.0,0.0,0.06186693606962217,0.06759995323825119,0.11377718026654197,0.10797513411657322,3,1,0.047809029618899025,1.0,18414.828447977703,epoch_56_original,4,A10_drop_front_triplet,2,R8_camera_group_repair_front_triplet,"['CAM_FRONT', 'CAM_FRONT_LEFT', 'CAM_FRONT_RIGHT']",replace,[1],,False,False,False
0.24105860630513576,0.08864292090420477,0.484332484859124,0.06426980906901543,1.6548465431990405,0.6881720430107527,0.42441657958899337,0.29963720316622694,0.4227248249865374,0.4879920772468433,56561,0.11864010064659586,0.0,0.7003627968337731,0.31182795698924726,0.42441657958899337,0.29963720316622694,0.13303219321794402,0.05163381258006556,-0.006549789459262725,0.10403857039683004,0.15594370812487202,0.030866906580063774,-0.006549789459262725,0.29963720316622694,0.6881720430107527,0.4227248249865374,0.484332484859124,0.0,0.06426980906901543,0.15594370812487202,0.11864010064659586,0.13303219321794402,3,1,0.047809029618899025,1.0,18414.828447977703,epoch_56_original,4,A10_drop_front_triplet,4,R8_camera_group_repair_front_triplet,"['CAM_FRONT', 'CAM_FRONT_LEFT', 'CAM_FRONT_RIGHT']",replace,[1],,False,False,False
0.22641406865809574,0.07304760832698408,0.5168773924138731,0.06456972235250596,1.6169237907435332,0.7433628318584071,0.42365786293802865,0.3666004634227077,0.4506329113924051,0.5210301221500877,55758,0.13510613617909756,0.5647136709698776,0.6333995365772923,0.2566371681415929,0.42365786293802865,0.3666004634227077,0.13895705555857613,0.0431536852984822,-0.004300464397307413,0.1528584720355629,0.2143892819858484,0.06098480454703631,-0.004300464397307413,0.3666004634227077,0.7433628318584071,0.4506329113924051,0.5168773924138731,0.5647136709698776,0.06456972235250596,0.2143892819858484,0.13510613617909756,0.13895705555857613,3,1,0.047809029618899025,1.0,18414.828447977703,epoch_56_original,4,A10_drop_front_triplet,6,R8_camera_group_repair_front_triplet,"['CAM_FRONT', 'CAM_FRONT_LEFT', 'CAM_FRONT_RIGHT']",replace,[1],,False,False,False
0.1724609450586308,0.0529895604249044,0.5932641698865192,0.07354261271455419,1.7651586601356901,0.39325842696629215,0.0,0.49704693814112527,0.3580323785803238,0.6054711246200608,58019,0.11710121999452372,0.0,0.5029530618588747,0.6067415730337078,0.0,0.49704693814112527,0.0,0.0,0.0,0.0,0.0,0.0,0.0,0.49704693814112527,0.39325842696629215,0.3580323785803238,0.0,0.0,0.07354261271455419,0.0,0.11710121999452372,0.0,0,0,0.0,0.0,0.0,epoch_56_original,4,C4_motion_blur_9,0,R0_degraded_native,[],native,[],,False,False,False
0.20576996797210234,0.06957749821899971,0.513677811550152,0.0770092970431705,1.8497486555997193,0.5113636363636364,0.4317575860171823,0.2768607910308315,0.43307522123893805,0.5182887304380035,63291,0.12745499181669395,0.0,0.7231392089691685,0.48863636363636365,0.4317575860171823,0.2768607910308315,0.0,0.0,0.0,0.0,0.0,0.0,0.0,0.2768607910308315,0.5113636363636364,0.43307522123893805,0.0,0.0,0.0770092970431705,0.0,0.12745499181669395,0.0,0,0,0.0,0.0,0.0,epoch_56_original,4,C4_motion_blur_9,2,R0_degraded_native,[],native,[],,False,False,False
0.17968460340608547,0.047007884780936704,0.57462184382223,0.07714324858332741,1.7927382310775621,0.3870967741935484,0.36964472309299895,0.40187994722955145,0.4544964997307485,0.5816105471651399,61274,0.1160069048245999,0.0,0.5981200527704486,0.6129032258064516,0.36964472309299895,0.40187994722955145,0.0,0.0,0.0,0.0,0.0,0.0,0.0,0.40187994722955145,0.3870967741935484,0.4544964997307485,0.57462184382223,0.0,0.07714324858332741,0.0,0.1160069048245999,0.0,0,0,0.0,0.0,0.0,epoch_56_original,4,C4_motion_blur_9,4,R0_degraded_native,[],native,[],,False,False,False
0.1727702006882174,0.04677277983108603,0.6010613617909756,0.07455129179080322,1.7080095116575804,0.5132743362831859,0.353789055756948,0.5324395895398875,0.5017721518987341,0.6071813174979231,58899,0.12104164250086998,0.0,0.46756041046011254,0.48672566371681414,0.353789055756948,0.5324395895398875,0.0,0.0,0.0,0.0,0.0,0.0,0.0,0.5324395895398875,0.5132743362831859,0.5017721518987341,0.6010613617909756,0.0,0.07455129179080322,0.0,0.12104164250086998,0.0,0,0,0.0,0.0,0.0,epoch_56_original,4,C4_motion_blur_9,6,R0_degraded_native,[],native,[],,False,False,False
0.1801316414466988,0.06788111128817052,0.5961848550305759,0.06722766585794498,1.6455931120508687,0.4606741573033708,0.0,0.5122785203605844,0.2920298879202989,0.6119020956646937,54089,0.11183790197450486,0.0,0.4877214796394156,0.5393258426966292,0.0,0.5122785203605844,0.007670696388067999,0.014891550863266122,-0.006314946856609202,-0.06773643116909978,-0.11956554808482145,-0.0052633180200188645,-0.006314946856609202,0.5122785203605844,0.4606741573033708,0.2920298879202989,0.0,0.0,0.06722766585794498,-0.11956554808482145,0.11183790197450486,0.007670696388067999,6,1,0.03983876126056368,1.0,1255.398946126302,epoch_56_original,4,C4_motion_blur_9,0,R5_blend_alpha03,"['CAM_FRONT', 'CAM_FRONT_RIGHT', 'CAM_FRONT_LEFT', 'CAM_BACK', 'CAM_BACK_LEFT', 'CAM_BACK_RIGHT']",blend,"[1, 2]",0.3,False,False,False
0.24416281170448637,0.08918105182726645,0.4786064998830956,0.0641317697397092,1.6568272153378536,0.4659090909090909,0.49680477379491306,0.17440049828713797,0.39767699115044247,0.48322375528598327,56690,0.12038227729717091,0.0,0.825599501712862,0.5340909090909092,0.49680477379491306,0.17440049828713797,0.038392843732384024,0.01960355360826674,-0.012877527303461297,-0.10429602945126479,-0.19292144026186575,-0.007072714519523043,-0.012877527303461297,0.17440049828713797,0.4659090909090909,0.39767699115044247,0.0,0.0,0.0641317697397092,-0.19292144026186575,0.12038227729717091,0.038392843732384024,6,1,0.03983876126056368,1.0,1255.398946126302,epoch_56_original,4,C4_motion_blur_9,2,R5_blend_alpha03,"['CAM_FRONT', 'CAM_FRONT_RIGHT', 'CAM_FRONT_LEFT', 'CAM_BACK', 'CAM_BACK_LEFT', 'CAM_BACK_RIGHT']",blend,"[1, 2]",0.3,False,False,False
0.19871573293626527,0.059657094684837625,0.5626846894291817,0.06774113145632125,1.6380233476696218,0.27956989247311825,0.42624521072796934,0.4642150395778364,0.37425955842757136,0.5736258974993811,55986,0.11480733783902396,0.0,0.5357849604221636,0.7204301075268817,0.42624521072796934,0.4642150395778364,0.019031129530179797,0.012649209903900921,-0.009402117127006157,-0.08630087802330515,-0.15471488340794037,-0.0011995669855759394,-0.009402117127006157,0.4642150395778364,0.27956989247311825,0.37425955842757136,0.5626846894291817,0.0,0.06774113145632125,-0.15471488340794037,0.11480733783902396,0.019031129530179797,6,1,0.03983876126056368,1.0,1255.398946126302,epoch_56_original,4,C4_motion_blur_9,4,R5_blend_alpha03,"['CAM_FRONT', 'CAM_FRONT_RIGHT', 'CAM_FRONT_LEFT', 'CAM_BACK', 'CAM_BACK_LEFT', 'CAM_BACK_RIGHT']",blend,"[1, 2]",0.3,False,False,False
0.1954634741983436,0.056486644193042015,0.5729323744345204,0.06747963720198971,1.6119649692611067,0.4247787610619469,0.41088382530640427,0.5329361138695796,0.41417721518987344,0.5827205316759484,55587,0.1285233731585663,0.0,0.4670638861304204,0.5752212389380531,0.41088382530640427,0.5329361138695796,0.022693273510126177,0.009713864361955989,-0.0070716545888135085,-0.05623185453063719,-0.09604454239647375,0.00748173065769632,-0.0070716545888135085,0.5329361138695796,0.4247787610619469,0.41417721518987344,0.5729323744345204,0.0,0.06747963720198971,-0.09604454239647375,0.1285233731585663,0.022693273510126177,6,1,0.03983876126056368,1.0,1255.398946126302,epoch_56_original,4,C4_motion_blur_9,6,R5_blend_alpha03,"['CAM_FRONT', 'CAM_FRONT_RIGHT', 'CAM_FRONT_LEFT', 'CAM_BACK', 'CAM_BACK_LEFT', 'CAM_BACK_RIGHT']",blend,"[1, 2]",0.3,False,False,False
0.17971283624668632,0.06639239870567668,0.5936901031366941,0.06826203899982047,1.6671940125954547,0.47191011235955055,0.0,0.5102580043518806,0.26525529265255293,0.61065429531275,54799,0.1167057105479327,0.0,0.4897419956481194,0.5280898876404494,0.0,0.5102580043518806,0.007251891188055526,0.013402838280772274,-0.005280573714733713,-0.055499060652544854,-0.09796464754023537,-0.0003955094465910164,-0.005280573714733713,0.5102580043518806,0.47191011235955055,0.26525529265255293,0.0,0.0,0.06826203899982047,-0.09796464754023537,0.1167057105479327,0.007251891188055526,6,1,0.03983876126056368,1.0,1900.5121968587239,epoch_56_original,4,C4_motion_blur_9,0,R6_blend_alpha05,"['CAM_FRONT', 'CAM_FRONT_RIGHT', 'CAM_FRONT_LEFT', 'CAM_BACK', 'CAM_BACK_LEFT', 'CAM_BACK_RIGHT']",blend,"[1, 2]",0.5,False,False,False
0.231000802782981,0.074555868921086,0.49541150339022677,0.06689513093775999,1.688946691606266,0.4318181818181818,0.4843201151127851,0.2114606041731548,0.3606194690265487,0.5030095379201778,57789,0.12909165302782324,0.0,0.7885393958268452,0.5681818181818181,0.4843201151127851,0.2114606041731548,0.02523083481087865,0.004978370702086288,-0.010114166105410508,-0.08693179124994074,-0.16080196399345326,0.0016366612111292922,-0.010114166105410508,0.2114606041731548,0.4318181818181818,0.3606194690265487,0.0,0.0,0.06689513093775999,-0.16080196399345326,0.12909165302782324,0.02523083481087865,6,1,0.03983876126056368,1.0,1900.5121968587239,epoch_56_original,4,C4_motion_blur_9,2,R6_blend_alpha05,"['CAM_FRONT', 'CAM_FRONT_RIGHT', 'CAM_FRONT_LEFT', 'CAM_BACK', 'CAM_BACK_LEFT', 'CAM_BACK_RIGHT']",blend,"[1, 2]",0.5,False,False,False
0.19198448610213317,0.050299775722672295,0.5742122355832529,0.06870676321883856,1.6436115743585242,0.43010752688172044,0.4124869383490073,0.45646437994722955,0.3817985998922994,0.5853243377073533,56177,0.12057111091605957,0.0,0.5435356200527705,0.5698924731182795,0.4124869383490073,0.45646437994722955,0.012299882696047704,0.003291890941735591,-0.00843648536448885,-0.08318373208865097,-0.1491266567190379,0.004564206091459674,-0.00843648536448885,0.45646437994722955,0.43010752688172044,0.3817985998922994,0.5742122355832529,0.0,0.06870676321883856,-0.1491266567190379,0.12057111091605957,0.012299882696047704,6,1,0.03983876126056368,1.0,1900.5121968587239,epoch_56_original,4,C4_motion_blur_9,4,R6_blend_alpha05,"['CAM_FRONT', 'CAM_FRONT_RIGHT', 'CAM_FRONT_LEFT', 'CAM_BACK', 'CAM_BACK_LEFT', 'CAM_BACK_RIGHT']",blend,"[1, 2]",0.5,False,False,False
0.1896914028943369,0.054454875505866134,0.5837779839925763,0.06800976357354718,1.6104280245911147,0.46017699115044247,0.3926290350422924,0.5321085733200926,0.4567088607594937,0.5916433340512599,55534,0.12428952557707923,0.0,0.46789142667990735,0.5398230088495575,0.3926290350422924,0.5321085733200926,0.01692120220611948,0.007682095674780107,-0.006541528217256037,-0.05713170002886297,-0.09758148706646574,0.003247883076209254,-0.006541528217256037,0.5321085733200926,0.46017699115044247,0.4567088607594937,0.5837779839925763,0.0,0.06800976357354718,-0.09758148706646574,0.12428952557707923,0.01692120220611948,6,1,0.03983876126056368,1.0,1900.5121968587239,epoch_56_original,4,C4_motion_blur_9,6,R6_blend_alpha05,"['CAM_FRONT', 'CAM_FRONT_RIGHT', 'CAM_FRONT_LEFT', 'CAM_BACK', 'CAM_BACK_LEFT', 'CAM_BACK_RIGHT']",blend,"[1, 2]",0.5,False,False,False
0.17389413764478,0.061363679011695864,0.5984970641029541,0.07086114858243114,1.710395813684627,0.3258426966292135,0.0,0.5158532794529065,0.2845579078455791,0.6147496400575908,56219,0.11956554808482156,0.0,0.4841467205470935,0.6741573033707865,0.0,0.5158532794529065,0.0014331925861492123,0.008374118586791462,-0.002681464132123043,-0.031024319619435012,-0.05476284645106322,0.0024643280902978404,-0.002681464132123043,0.5158532794529065,0.3258426966292135,0.2845579078455791,0.0,0.0,0.07086114858243114,-0.05476284645106322,0.11956554808482156,0.0014331925861492123,6,1,0.03983876126056368,1.0,1788.2279561360676,epoch_56_original,4,C4_motion_blur_9,0,R7_blend_alpha07,"['CAM_FRONT', 'CAM_FRONT_RIGHT', 'CAM_FRONT_LEFT', 'CAM_BACK', 'CAM_BACK_LEFT', 'CAM_BACK_RIGHT']",blend,"[1, 2]",0.7,False,False,False
0.2128464935432787,0.06996756888167525,0.5168342296001871,0.07173348916445466,1.7531856441430909,0.5170454545454546,0.4544838969063439,0.24618498909996886,0.3877212389380531,0.5241534710004012,59987,0.12763034837502923,0.0,0.7538150109000311,0.4829545454545454,0.4544838969063439,0.24618498909996886,0.007076525571176356,0.0003900706626755457,-0.0052758078787158436,-0.05220331484729267,-0.09656301145662849,0.0001753565583352823,-0.0052758078787158436,0.24618498909996886,0.5170454545454546,0.3877212389380531,0.0,0.0,0.07173348916445466,-0.09656301145662849,0.12763034837502923,0.007076525571176356,6,1,0.03983876126056368,1.0,1788.2279561360676,epoch_56_original,4,C4_motion_blur_9,2,R7_blend_alpha07,"['CAM_FRONT', 'CAM_FRONT_RIGHT', 'CAM_FRONT_LEFT', 'CAM_BACK', 'CAM_BACK_LEFT', 'CAM_BACK_RIGHT']",blend,"[1, 2]",0.7,False,False,False
0.1837926323116187,0.04660603620398765,0.582814008601773,0.07164327416844249,1.6870593054214575,0.40860215053763443,0.3979014280738419,0.45267150395778366,0.41033925686591277,0.5928447635553354,57662,0.12086368822961467,0.0,0.5473284960422163,0.5913978494623655,0.3979014280738419,0.45267150395778366,0.0041080289055332175,-0.0004018485769490543,-0.005499974414884923,-0.058948330450109346,-0.1056789256561046,0.004856783405014775,-0.005499974414884923,0.45267150395778366,0.40860215053763443,0.41033925686591277,0.582814008601773,0.0,0.07164327416844249,-0.1056789256561046,0.12086368822961467,0.0041080289055332175,6,1,0.03983876126056368,1.0,1788.2279561360676,epoch_56_original,4,C4_motion_blur_9,4,R7_blend_alpha07,"['CAM_FRONT', 'CAM_FRONT_RIGHT', 'CAM_FRONT_LEFT', 'CAM_BACK', 'CAM_BACK_LEFT', 'CAM_BACK_RIGHT']",blend,"[1, 2]",0.7,False,False,False
0.1839406101623777,0.04982629998807691,0.593318640528941,0.06896266985513182,1.6176197656884352,0.4778761061946903,0.3770498877956154,0.5422045680238332,0.4769620253164557,0.6004738315744131,55782,0.1261744577195221,0.0,0.4577954319761668,0.5221238938053097,0.3770498877956154,0.5422045680238332,0.011170409474160287,0.0030535201569908826,-0.005588621935671403,-0.052921102225844244,-0.09038974596914517,0.005132815218652123,-0.005588621935671403,0.5422045680238332,0.4778761061946903,0.4769620253164557,0.593318640528941,0.0,0.06896266985513182,-0.09038974596914517,0.1261744577195221,0.011170409474160287,6,1,0.03983876126056368,1.0,1788.2279561360676,epoch_56_original,4,C4_motion_blur_9,6,R7_blend_alpha07,"['CAM_FRONT', 'CAM_FRONT_RIGHT', 'CAM_FRONT_LEFT', 'CAM_BACK', 'CAM_BACK_LEFT', 'CAM_BACK_RIGHT']",blend,"[1, 2]",0.7,False,False,False
0.21081764033451658,0.07492899973519218,0.5735799689677203,0.05536696363717221,1.449116188505887,0.3539325842696629,0.0,0.21806030463164439,0.3094645080946451,0.5872020476723724,47631,0.12635005628403664,0.0,0.7819396953683556,0.6460674157303371,0.0,0.21806030463164439,0.0,0.0,0.0,0.0,0.0,0.0,0.0,0.21806030463164439,0.3539325842696629,0.3094645080946451,0.0,0.0,0.05536696363717221,0.0,0.12635005628403664,0.0,0,0,0.0,0.0,0.0,epoch_56_original,4,A7_drop_all_rear,0,R0_degraded_native,[],native,[],,False,False,False
0.23327297991494378,0.07954445487019028,0.5142623334112696,0.061129049298099654,1.5680091185410334,0.48863636363636365,0.44987092132548984,0.17813765182186234,0.3827433628318584,0.5217149736086675,53651,0.13113747954173485,0.0,0.8218623481781376,0.5113636363636364,0.44987092132548984,0.17813765182186234,0.0,0.0,0.0,0.0,0.0,0.0,0.0,0.17813765182186234,0.48863636363636365,0.3827433628318584,0.0,0.0,0.061129049298099654,0.0,0.13113747954173485,0.0,0,0,0.0,0.0,0.0,epoch_56_original,4,A7_drop_all_rear,2,R0_degraded_native,[],native,[],,False,False,False
0.24842926265617102,0.08128011627999777,0.49676702068521605,0.05786527703727669,1.5288920097135668,0.45161290322580644,0.41044061302681994,0.25,0.40549273021001614,0.5021354295617727,52256,0.1417537084174493,0.0,0.75,0.5483870967741935,0.41044061302681994,0.25,0.0,0.0,0.0,0.0,0.0,0.0,0.0,0.25,0.45161290322580644,0.40549273021001614,0.49676702068521605,0.0,0.05786527703727669,0.0,0.1417537084174493,0.0,0,0,0.0,0.0,0.0,epoch_56_original,4,A7_drop_all_rear,4,R0_degraded_native,[],native,[],,False,False,False
0.262589658735269,0.08510645147663927,0.4914743069249507,0.053337979508386237,1.445104976220856,0.5929203539823009,0.41701191092698087,0.2785501489572989,0.44050632911392407,0.49460016614873387,49833,0.13562811738777403,0.0,0.7214498510427011,0.4070796460176991,0.41701191092698087,0.2785501489572989,0.0,0.0,0.0,0.0,0.0,0.0,0.0,0.2785501489572989,0.5929203539823009,0.44050632911392407,0.4914743069249507,0.0,0.053337979508386237,0.0,0.13562811738777403,0.0,0,0,0.0,0.0,0.0,epoch_56_original,4,A7_drop_all_rear,6,R0_degraded_native,[],native,[],,False,False,False
0.2549803837757797,0.1410529379329608,0.49810697115384617,0.05311675896624472,1.4702524038461537,0.27586206896551724,0.0,0.2028038872072646,0.2590966122961104,0.5101171122825847,48930,0.09951923076923076,0.0,0.7971961127927354,0.7241379310344828,0.0,0.2028038872072646,0.0,0.0,0.0,0.0,0.0,0.0,0.0,0.2028038872072646,0.27586206896551724,0.2590966122961104,0.0,0.0,0.05311675896624472,0.0,0.09951923076923076,0.0,0,0,0.0,0.0,0.0,epoch_56_original,5,A0_clean,0,R0_degraded_native,[],native,[],,False,False,False
0.2641163102383311,0.11389495398415934,0.4592579336673825,0.05790209605719637,1.588105464089716,0.4195804195804196,0.4128834355828221,0.28288612565445026,0.3969665271966527,0.4629524171095925,53246,0.11879623001670246,0.0,0.7171138743455497,0.5804195804195804,0.4128834355828221,0.28288612565445026,0.0,0.0,0.0,0.0,0.0,0.0,0.0,0.28288612565445026,0.4195804195804196,0.3969665271966527,0.0,0.0,0.05790209605719637,0.0,0.11879623001670246,0.0,0,0,0.0,0.0,0.0,epoch_56_original,5,A0_clean,2,R0_degraded_native,[],native,[],,False,False,False
0.2649187996861537,0.09276605542280175,0.46958918726658366,0.05576961775601968,1.5325745450234158,0.40425531914893614,0.4122161385872004,0.32402327514546964,0.40667025282409897,0.4732019580770679,51706,0.13198766968996384,0.0,0.6759767248545303,0.5957446808510638,0.4122161385872004,0.32402327514546964,0.0,0.0,0.0,0.0,0.0,0.0,0.0,0.32402327514546964,0.40425531914893614,0.40667025282409897,0.46958918726658366,0.0,0.05576961775601968,0.0,0.13198766968996384,0.0,0,0,0.0,0.0,0.0,epoch_56_original,5,A0_clean,4,R0_degraded_native,[],native,[],,False,False,False
0.28029074307683066,0.08334246308449965,0.46496961357642475,0.0523932601352468,1.443871115697741,0.40540540540540543,0.4106791969243913,0.27315112540192926,0.4828646748681898,0.4637774506195559,50368,0.13731223483545466,0.0,0.7268488745980708,0.5945945945945945,0.4106791969243913,0.27315112540192926,0.0,0.0,0.0,0.0,0.0,0.0,0.0,0.27315112540192926,0.40540540540540543,0.4828646748681898,0.46496961357642475,0.0,0.0523932601352468,0.0,0.13731223483545466,0.0,0,0,0.0,0.0,0.0,epoch_56_original,5,A0_clean,6,R0_degraded_native,[],native,[],,False,False,False
0.1803637690857108,0.10793685992435834,0.6436298076923077,0.05352716244725739,1.3322115384615385,0.08620689655172414,0.0,0.49561892623864906,0.2051442910915935,0.6657091448593706,44336,0.09741586538461539,0.0,0.504381073761351,0.9137931034482758,0.0,0.49561892623864906,0.0,0.0,0.0,0.0,0.0,0.0,0.0,0.49561892623864906,0.08620689655172414,0.2051442910915935,0.0,0.0,0.05352716244725739,0.0,0.09741586538461539,0.0,0,0,0.0,0.0,0.0,epoch_56_original,5,A1_drop_cam_front,0,R0_degraded_native,[],native,[],,False,False,False
0.19107672282883795,0.08444476866006854,0.6059413027916964,0.058728185307813055,1.4563648293963254,0.2517482517482518,0.3216257668711656,0.6693390052356021,0.3702928870292887,0.6201594533029613,48829,0.10110952040085898,0.0,0.3306609947643979,0.7482517482517482,0.3216257668711656,0.6693390052356021,0.0,0.0,0.0,0.0,0.0,0.0,0.0,0.6693390052356021,0.2517482517482518,0.3702928870292887,0.0,0.0,0.058728185307813055,0.0,0.10110952040085898,0.0,0,0,0.0,0.0,0.0,epoch_56_original,5,A1_drop_cam_front,2,R0_degraded_native,[],native,[],,False,False,False
0.18804227329835194,0.07596961597943341,0.62291777817298,0.055944459656056295,1.382387811962772,0.14893617021276595,0.3281123777039763,0.7045719035743974,0.3722431414739107,0.6374105685954563,46639,0.10409627126682079,0.0,0.29542809642560264,0.851063829787234,0.3281123777039763,0.7045719035743974,0.0,0.0,0.0,0.0,0.0,0.0,0.0,0.7045719035743974,0.14893617021276595,0.3722431414739107,0.62291777817298,0.0,0.055944459656056295,0.0,0.10409627126682079,0.0,0,0,0.0,0.0,0.0,epoch_56_original,5,A1_drop_cam_front,4,R0_degraded_native,[],native,[],,False,False,False
0.18409364369643041,0.06729132833633301,0.6447368421052632,0.053601292975231196,1.2850590528609105,0.4144144144144144,0.3119179837676207,0.7535369774919615,0.45430579964850615,0.6581094344252238,44828,0.10122119023047815,0.0,0.24646302250803853,0.5855855855855856,0.3119179837676207,0.7535369774919615,0.0,0.0,0.0,0.0,0.0,0.0,0.0,0.7535369774919615,0.4144144144144144,0.45430579964850615,0.6447368421052632,0.0,0.053601292975231196,0.0,0.10122119023047815,0.0,0,0,0.0,0.0,0.0,epoch_56_original,5,A1_drop_cam_front,6,R0_degraded_native,[],native,[],,False,False,False
0.2559612846458425,0.12386562227516545,0.4755408653846154,0.057538897679324894,1.5734375,0.11494252873563218,0.0,0.1986617811056237,0.20200752823086573,0.48928312131064744,52364,0.11051682692307692,0.0,0.8013382188943763,0.8850574712643678,0.0,0.1986617811056237,0.0755975155601317,0.01592876235080712,0.0040117352320675065,0.18107181522915916,0.24122596153846154,0.013100961538461534,0.0040117352320675065,0.1986617811056237,0.11494252873563218,0.20200752823086573,0.0,0.0,0.057538897679324894,0.24122596153846154,0.11051682692307692,0.0755975155601317,1,1,0.04679840261285956,1.0,17668.375343322754,epoch_56_original,5,A1_drop_cam_front,0,R1_replace_tminus1,['CAM_FRONT'],replace,[1],,False,False,False
0.2474791696088123,0.09128048759122802,0.47733237890718205,0.06147357173950323,1.6346337389644476,0.3776223776223776,0.39918200408997956,0.3254253926701571,0.3342050209205021,0.4859212857504429,54806,0.12544738725841087,0.0,0.6745746073298429,0.6223776223776224,0.39918200408997956,0.3254253926701571,0.05640244677997436,0.0068357189311594735,0.002745386431690172,0.12240676647074485,0.17826890956812225,0.02433786685755189,0.002745386431690172,0.3254253926701571,0.3776223776223776,0.3342050209205021,0.0,0.0,0.06147357173950323,0.17826890956812225,0.12544738725841087,0.05640244677997436,1,1,0.04679840261285956,1.0,17668.375343322754,epoch_56_original,5,A1_drop_cam_front,2,R1_replace_tminus1,['CAM_FRONT'],replace,[1],,False,False,False
0.2300323079084141,0.06754814288612433,0.514612602999585,0.061775272077088786,1.5954709822751794,0.2872340425531915,0.3930975675433085,0.41346633416458856,0.3388918773534158,0.5248211371909125,53828,0.1397533937992768,0.0,0.5865336658354114,0.7127659574468085,0.3930975675433085,0.41346633416458856,0.04199003461006218,-0.008421473093309081,0.005830812421032491,0.15414138382040782,0.21308317031240742,0.035657122532455995,0.005830812421032491,0.41346633416458856,0.2872340425531915,0.3388918773534158,0.514612602999585,0.0,0.061775272077088786,0.21308317031240742,0.1397533937992768,0.04199003461006218,1,1,0.04679840261285956,1.0,17668.375343322754,epoch_56_original,5,A1_drop_cam_front,4,R1_replace_tminus1,['CAM_FRONT'],replace,[1],,False,False,False
0.2432524237492039,0.06681430142450877,0.5073099415204678,0.05911428552541992,1.5181171883958262,0.3783783783783784,0.4018368218709953,0.41784565916398714,0.4213532513181019,0.5133112501533554,52958,0.1499828001375989,0.0,0.5821543408360128,0.6216216216216216,0.4018368218709953,0.41784565916398714,0.059158780052773474,-0.0004770269118242465,0.005512992550188722,0.18135986437048274,0.23305813553491572,0.04876160990712075,0.005512992550188722,0.41784565916398714,0.3783783783783784,0.4213532513181019,0.5073099415204678,0.0,0.05911428552541992,0.23305813553491572,0.1499828001375989,0.059158780052773474,1,1,0.04679840261285956,1.0,17668.375343322754,epoch_56_original,5,A1_drop_cam_front,6,R1_replace_tminus1,['CAM_FRONT'],replace,[1],,False,False,False
0.2513255718083216,0.10953418598850108,0.46875,0.06109407964135021,1.6450420673076922,0.1896551724137931,0.0,0.21061016409112635,0.21329987452948557,0.4815808579816282,54747,0.12496995192307692,0.0,0.7893898359088737,0.8103448275862069,0.0,0.21061016409112635,0.0709618027226108,0.0015973260641427428,0.0075669171940928245,0.23482046192710213,0.3128305288461537,0.02755408653846153,0.0075669171940928245,0.21061016409112635,0.1896551724137931,0.21329987452948557,0.0,0.0,0.06109407964135021,0.3128305288461537,0.12496995192307692,0.0709618027226108,1,2,0.04534710537303578,1.0,17053.273963928223,epoch_56_original,5,A1_drop_cam_front,0,R2_replace_tminus2,['CAM_FRONT'],replace,[2],,False,False,False
0.2520848192242278,0.09019271959392365,0.4518313051777619,0.06493292353150681,1.7227093772369364,0.2517482517482518,0.4229038854805726,0.28648560209424084,0.30962343096234307,0.46035813718046065,57759,0.14286566451920782,0.0,0.7135143979057592,0.7482517482517482,0.4229038854805726,0.28648560209424084,0.06100809639538987,0.005747950933855106,0.006204738223693759,0.1828831227344406,0.266344547840611,0.04175614411834884,0.006204738223693759,0.28648560209424084,0.2517482517482518,0.30962343096234307,0.0,0.0,0.06493292353150681,0.266344547840611,0.14286566451920782,0.06100809639538987,1,2,0.04534710537303578,1.0,17053.273963928223,epoch_56_original,5,A1_drop_cam_front,2,R2_replace_tminus2,['CAM_FRONT'],replace,[2],,False,False,False
0.23392542372881356,0.06832907730345934,0.48864781551959213,0.06599786890816182,1.6973146007469322,0.2872340425531915,0.41692846243604703,0.38370739817123856,0.3335126412049489,0.49764654198569097,57264,0.1518762226569447,0.0,0.6162926018287614,0.7127659574468085,0.41692846243604703,0.38370739817123856,0.04588315043046162,-0.007640538675974071,0.01005340925210553,0.2278136323677609,0.31492678878416025,0.047779951390123906,0.01005340925210553,0.38370739817123856,0.2872340425531915,0.3335126412049489,0.48864781551959213,0.0,0.06599786890816182,0.31492678878416025,0.1518762226569447,0.04588315043046162,1,2,0.04534710537303578,1.0,17053.273963928223,epoch_56_original,5,A1_drop_cam_front,4,R2_replace_tminus2,['CAM_FRONT'],replace,[2],,False,False,False
0.240053679630207,0.056670915295062074,0.49234606123151015,0.06426371142062018,1.6224056874211672,0.34234234234234234,0.4270824434002563,0.397588424437299,0.4086115992970123,0.4981904060851429,56596,0.16205137025570462,0.0,0.602411575562701,0.6576576576576576,0.4270824434002563,0.397588424437299,0.055960035933776575,-0.01062041304127094,0.010662418445388983,0.2625144998661551,0.3373466345602567,0.06083018002522647,0.010662418445388983,0.397588424437299,0.34234234234234234,0.4086115992970123,0.49234606123151015,0.0,0.06426371142062018,0.3373466345602567,0.16205137025570462,0.055960035933776575,1,2,0.04534710537303578,1.0,17053.273963928223,epoch_56_original,5,A1_drop_cam_front,6,R2_replace_tminus2,['CAM_FRONT'],replace,[2],,False,False,False
0.25481321943623847,0.12403947385283276,0.4738581730769231,0.0584075026371308,1.5909555288461539,0.10344827586206896,0.0,0.2117253465031066,0.21141781681304894,0.4870418889485148,52947,0.11343149038461539,0.0,0.7882746534968934,0.896551724137931,0.0,0.2117253465031066,0.07444945035052766,0.016102613928474424,0.0048803401898734125,0.19422140021652834,0.2587439903846154,0.016015625000000006,0.0048803401898734125,0.2117253465031066,0.10344827586206896,0.21141781681304894,0.0,0.0,0.0584075026371308,0.2587439903846154,0.11343149038461539,0.07444945035052766,1,1,0.044922505928711456,1.0,16471.035499572754,epoch_56_original,5,A1_drop_cam_front,0,R3_ema_K2,['CAM_FRONT'],ema,"[1, 2]",,False,False,False
0.24981697358788083,0.10075956167268812,0.4707706991171558,0.06183302774076956,1.6476974469100454,0.25874125874125875,0.40010224948875256,0.31331806282722513,0.33577405857740583,0.47886610984560873,55244,0.12777380100214747,0.0,0.6866819371727748,0.7412587412587412,0.40010224948875256,0.31331806282722513,0.05874025075904288,0.01631479301261958,0.0031048424329565075,0.13137684572692457,0.19133261751372,0.02666428060128849,0.0031048424329565075,0.31331806282722513,0.25874125874125875,0.33577405857740583,0.0,0.0,0.06183302774076956,0.19133261751372,0.12777380100214747,0.05874025075904288,1,1,0.044922505928711456,1.0,16471.035499572754,epoch_56_original,5,A1_drop_cam_front,2,R3_ema_K2,['CAM_FRONT'],ema,"[1, 2]",,False,False,False
0.2321593162584141,0.0682897355025,0.5072618412472583,0.062461444062138154,1.615152054063667,0.30851063829787234,0.3966879095233821,0.3980049875311721,0.3243679397525551,0.5178862809087486,54492,0.14236172861461854,0.0,0.6019950124688279,0.6914893617021276,0.3966879095233821,0.3980049875311721,0.044117042960062164,-0.0076798804769334095,0.006516984406081859,0.16837839576320246,0.23276424210089508,0.03826545734779775,0.006516984406081859,0.3980049875311721,0.30851063829787234,0.3243679397525551,0.5072618412472583,0.0,0.062461444062138154,0.23276424210089508,0.14236172861461854,0.044117042960062164,1,1,0.044922505928711456,1.0,16471.035499572754,epoch_56_original,5,A1_drop_cam_front,4,R3_ema_K2,['CAM_FRONT'],ema,"[1, 2]",,False,False,False
0.24417476410782837,0.06736573970762151,0.5022359821121432,0.059871165198077725,1.536320376103658,0.3783783783783784,0.4069201196070055,0.40707395498392285,0.4125659050966608,0.5084958900748374,53593,0.15187478500172,0.0,0.5929260450160772,0.6216216216216216,0.4069201196070055,0.40707395498392285,0.06008112041139796,7.44113712884964e-05,0.006269872222846529,0.19552511822967789,0.2512613232427474,0.050653594771241844,0.006269872222846529,0.40707395498392285,0.3783783783783784,0.4125659050966608,0.5022359821121432,0.0,0.059871165198077725,0.2512613232427474,0.15187478500172,0.06008112041139796,1,1,0.044922505928711456,1.0,16471.035499572754,epoch_56_original,5,A1_drop_cam_front,6,R3_ema_K2,['CAM_FRONT'],ema,"[1, 2]",,False,False,False
0.2571440992348713,0.13582989160199455,0.466796875,0.05888713080168776,1.6067608173076924,0.09195402298850575,0.0,0.19388242791142266,0.20639899623588456,0.4798762587202879,53473,0.11769831730769231,0.0,0.8061175720885774,0.9080459770114943,0.0,0.19388242791142266,0.0767803301491605,0.02789303167763621,0.005359968354430374,0.20608534824972935,0.2745492788461539,0.020282451923076927,0.005359968354430374,0.19388242791142266,0.09195402298850575,0.20639899623588456,0.0,0.0,0.05888713080168776,0.2745492788461539,0.11769831730769231,0.0767803301491605,1,2,0.04383212192492052,1.0,15790.721656799316,epoch_56_original,5,A1_drop_cam_front,0,R4_ema_K3,['CAM_FRONT'],ema,"[1, 2, 3]",,False,False,False
0.2497273413686065,0.10197631993930259,0.4673109043187783,0.06264097930324895,1.665771892149845,0.25874125874125875,0.4039877300613497,0.30971858638743455,0.32112970711297073,0.4760820045558087,55850,0.1305476020042949,0.0,0.6902814136125655,0.7412587412587412,0.4039877300613497,0.30971858638743455,0.05865061853976855,0.017531551279234045,0.003912793995435898,0.14378750332794035,0.2094070627535196,0.02943808160343593,0.003912793995435898,0.30971858638743455,0.25874125874125875,0.32112970711297073,0.0,0.0,0.06264097930324895,0.2094070627535196,0.1305476020042949,0.05865061853976855,1,2,0.04383212192492052,1.0,15790.721656799316,epoch_56_original,5,A1_drop_cam_front,2,R4_ema_K3,['CAM_FRONT'],ema,"[1, 2, 3]",,False,False,False
0.23595302368296553,0.0770700228225431,0.49739166518465827,0.062890301552794,1.6327286738988678,0.26595744680851063,0.40395835203303115,0.3847049044056525,0.3179128563743948,0.507813480607506,55085,0.14405121821091943,0.0,0.6152950955943475,0.7340425531914894,0.40395835203303115,0.3847049044056525,0.04791075038461359,0.0011004068431096914,0.006945841896737706,0.18109307660970433,0.25034086193609584,0.03995494694409864,0.006945841896737706,0.3847049044056525,0.26595744680851063,0.3179128563743948,0.49739166518465827,0.0,0.062890301552794,0.25034086193609584,0.14405121821091943,0.04791075038461359,1,2,0.04383212192492052,1.0,15790.721656799316,epoch_56_original,5,A1_drop_cam_front,4,R4_ema_K3,['CAM_FRONT'],ema,"[1, 2, 3]",,False,False,False
0.2456174823506295,0.06755286272745127,0.49833734663456025,0.06009591549388878,1.5441176470588236,0.34234234234234234,0.40892780862879113,0.40112540192926044,0.413884007029877,0.5042326094957674,53865,0.15345143905515424,0.0,0.5988745980707395,0.6576576576576576,0.40892780862879113,0.40112540192926044,0.06152383865419908,0.0002615343911182566,0.006494622518657581,0.20159275452841974,0.2590585941979131,0.052230248824676084,0.006494622518657581,0.40112540192926044,0.34234234234234234,0.413884007029877,0.49833734663456025,0.0,0.06009591549388878,0.2590585941979131,0.15345143905515424,0.06152383865419908,1,2,0.04383212192492052,1.0,15790.721656799316,epoch_56_original,5,A1_drop_cam_front,6,R4_ema_K3,['CAM_FRONT'],ema,"[1, 2, 3]",,False,False,False
0.11919663968399677,0.07102588095164257,0.7424879807692307,0.06365044831223629,1.4179086538461538,0.7298850574712644,0.0,0.6719770591046679,0.3996235884567127,0.759777770762966,47188,0.08939302884615384,0.0,0.3280229408953321,0.2701149425287356,0.0,0.6719770591046679,0.0,0.0,0.0,0.0,0.0,0.0,0.0,0.6719770591046679,0.7298850574712644,0.3996235884567127,0.0,0.0,0.06365044831223629,0.0,0.08939302884615384,0.0,0,0,0.0,0.0,0.0,epoch_56_original,5,A10_drop_front_triplet,0,R0_degraded_native,[],native,[],,False,False,False
0.1363755641859977,0.06260741829256247,0.6899904557384873,0.07038742101861256,1.5832140300644237,0.6643356643356644,0.22259713701431494,0.8524214659685864,0.5611924686192469,0.6977663882561377,53082,0.09439871152469578,0.0,0.14757853403141363,0.3356643356643356,0.22259713701431494,0.8524214659685864,0.0,0.0,0.0,0.0,0.0,0.0,0.0,0.8524214659685864,0.6643356643356644,0.5611924686192469,0.0,0.0,0.07038742101861256,0.0,0.09439871152469578,0.0,0,0,0.0,0.0,0.0,epoch_56_original,5,A10_drop_front_triplet,2,R0_degraded_native,[],native,[],,False,False,False
0.10977110509475757,0.0370726251895045,0.7488292133499318,0.07168352956312617,1.5393028632402632,0.5957446808510638,0.1896149358226371,0.8315876974231089,0.5696611081226466,0.7593510731768546,51933,0.09431501570928923,0.0,0.1684123025768911,0.4042553191489362,0.1896149358226371,0.8315876974231089,0.0,0.0,0.0,0.0,0.0,0.0,0.0,0.8315876974231089,0.5957446808510638,0.5696611081226466,0.7488292133499318,0.0,0.07168352956312617,0.0,0.09431501570928923,0.0,0,0,0.0,0.0,0.0,epoch_56_original,5,A10_drop_front_triplet,4,R0_degraded_native,[],native,[],,False,False,False
0.09501127467126098,0.02813506186216028,0.7850017199862401,0.07280257008573562,1.4778695103772503,0.6936936936936937,0.17753096967108073,0.8361736334405144,0.5992970123022847,0.7980002453686664,51554,0.08465198945075106,0.05627009646302251,0.16382636655948557,0.3063063063063063,0.17753096967108073,0.8361736334405144,0.0,0.0,0.0,0.0,0.0,0.0,0.0,0.8361736334405144,0.6936936936936937,0.5992970123022847,0.7850017199862401,0.05627009646302251,0.07280257008573562,0.0,0.08465198945075106,0.0,0,0,0.0,0.0,0.0,epoch_56_original,5,A10_drop_front_triplet,6,R0_degraded_native,[],native,[],,False,False,False
0.24064077243800747,0.1128221160929951,0.5057391826923077,0.05781085179324894,1.5481971153846155,0.5459770114942529,0.0,0.2168233232435877,0.27854454203262236,0.5171880425518482,51524,0.10222355769230769,0.0,0.7831766767564123,0.45402298850574707,0.0,0.2168233232435877,0.1214441327540107,0.04179623514135253,-0.005839596518987349,0.09188776807662966,0.13028846153846163,0.01283052884615385,-0.005839596518987349,0.2168233232435877,0.5459770114942529,0.27854454203262236,0.0,0.0,0.05781085179324894,0.13028846153846163,0.10222355769230769,0.1214441327540107,3,1,0.04632803142973871,1.0,17992.343401590984,epoch_56_original,5,A10_drop_front_triplet,0,R1_replace_tminus1,"['CAM_FRONT', 'CAM_FRONT_LEFT', 'CAM_FRONT_RIGHT']",replace,[1],,False,False,False
0.22731818831261608,0.09204629455337822,0.5254712479121928,0.06012148953290507,1.5620376998329755,0.5664335664335665,0.3496932515337423,0.3324607329842932,0.38127615062761505,0.5341369273601619,52372,0.1145311381531854,0.0,0.6675392670157068,0.43356643356643354,0.3496932515337423,0.3324607329842932,0.09094262412661838,0.029438876260815747,-0.010265931485707494,-0.013375532195471157,-0.02117633023144827,0.020132426628489616,-0.010265931485707494,0.3324607329842932,0.5664335664335665,0.38127615062761505,0.0,0.0,0.06012148953290507,-0.02117633023144827,0.1145311381531854,0.09094262412661838,3,1,0.04632803142973871,1.0,17992.343401590984,epoch_56_original,5,A10_drop_front_triplet,2,R1_replace_tminus1,"['CAM_FRONT', 'CAM_FRONT_LEFT', 'CAM_FRONT_RIGHT']",replace,[1],,False,False,False
0.2061316952497429,0.06467037557766728,0.5603770229414903,0.06303545331886214,1.5723516509573774,0.46808510638297873,0.3475451036711247,0.429093931837074,0.3840774610005379,0.5706351198694616,53048,0.129171853696129,0.0,0.570906068162926,0.5319148936170213,0.3475451036711247,0.429093931837074,0.09636059015498533,0.027597750388162777,-0.00864807624426403,0.021469970924075252,0.03304878771711417,0.034856837986839764,-0.00864807624426403,0.429093931837074,0.46808510638297873,0.3840774610005379,0.5603770229414903,0.0,0.06303545331886214,0.03304878771711417,0.129171853696129,0.09636059015498533,3,1,0.04632803142973871,1.0,17992.343401590984,epoch_56_original,5,A10_drop_front_triplet,4,R1_replace_tminus1,"['CAM_FRONT', 'CAM_FRONT_LEFT', 'CAM_FRONT_RIGHT']",replace,[1],,False,False,False
0.22018607273752466,0.06272475066527074,0.5522302488246761,0.05958526960120043,1.481366815732141,0.5045045045045045,0.35143101238786845,0.4184887459807074,0.45738137082601055,0.5587964666912035,51676,0.14000687994496044,0.512540192926045,0.5815112540192926,0.49549549549549554,0.35143101238786845,0.4184887459807074,0.1251747980662637,0.03458968880311046,-0.013217300484535191,0.0023664507118749275,0.0034973053548905675,0.055354890494209386,-0.013217300484535191,0.4184887459807074,0.5045045045045045,0.45738137082601055,0.5522302488246761,0.512540192926045,0.05958526960120043,0.0034973053548905675,0.14000687994496044,0.1251747980662637,3,1,0.04632803142973871,1.0,17992.343401590984,epoch_56_original,5,A10_drop_front_triplet,6,R1_replace_tminus1,"['CAM_FRONT', 'CAM_FRONT_LEFT', 'CAM_FRONT_RIGHT']",replace,[1],,False,False,False
0.24282107920479645,0.1073187263153948,0.4913161057692308,0.06005735759493671,1.6035757211538462,0.6206896551724138,0.0,0.31782698741436993,0.4316185696361355,0.49430221913570505,53367,0.11881009615384615,0.0,0.68217301258563,0.3793103448275862,0.0,0.31782698741436993,0.12362443952079968,0.03629284536375223,-0.003593090717299581,0.13094430787488345,0.18566706730769234,0.029417067307692307,-0.003593090717299581,0.31782698741436993,0.6206896551724138,0.4316185696361355,0.0,0.0,0.06005735759493671,0.18566706730769234,0.11881009615384615,0.12362443952079968,3,2,0.047809029618899025,1.0,18414.828447977703,epoch_56_original,5,A10_drop_front_triplet,0,R2_replace_tminus2,"['CAM_FRONT', 'CAM_FRONT_LEFT', 'CAM_FRONT_RIGHT']",replace,[2],,False,False,False
0.23126623867588633,0.089848850318552,0.49824027678358385,0.06466085820944743,1.6713791457885947,0.6153846153846154,0.35480572597137017,0.3264070680628272,0.4660041841004184,0.5001265502404455,56038,0.12774397518492006,0.0,0.6735929319371727,0.3846153846153846,0.35480572597137017,0.3264070680628272,0.09489067448988864,0.027241432025989526,-0.005726562809165128,0.05568742699973626,0.08816511572417096,0.03334526366022428,-0.005726562809165128,0.3264070680628272,0.6153846153846154,0.4660041841004184,0.0,0.0,0.06466085820944743,0.08816511572417096,0.12774397518492006,0.09489067448988864,3,2,0.047809029618899025,1.0,18414.828447977703,epoch_56_original,5,A10_drop_front_triplet,2,R2_replace_tminus2,"['CAM_FRONT', 'CAM_FRONT_LEFT', 'CAM_FRONT_RIGHT']",replace,[2],,False,False,False
0.21017484699228656,0.06988029773064651,0.5307664947536902,0.06859245672662974,1.701819906337068,0.7553191489361702,0.3802620949645454,0.38753117206982546,0.45400753093060786,0.535207731894063,57416,0.13904202975872904,0.0,0.6124688279301745,0.24468085106382975,0.3802620949645454,0.38753117206982546,0.10040374189752899,0.03280767254114201,-0.003091072836496428,0.10557834132439875,0.16251704309680481,0.04472701404943981,-0.003091072836496428,0.38753117206982546,0.7553191489361702,0.45400753093060786,0.5307664947536902,0.0,0.06859245672662974,0.16251704309680481,0.13904202975872904,0.10040374189752899,3,2,0.047809029618899025,1.0,18414.828447977703,epoch_56_original,5,A10_drop_front_triplet,4,R2_replace_tminus2,"['CAM_FRONT', 'CAM_FRONT_LEFT', 'CAM_FRONT_RIGHT']",replace,[2],,False,False,False
0.20988968582416268,0.05882823111657549,0.5478442839123954,0.06654096074141157,1.6064098153881436,0.7747747747747747,0.37676206749252455,0.4006430868167203,0.5114235500878734,0.5503312476996688,56038,0.14450751060658182,0.5303858520900322,0.5993569131832797,0.22522522522522526,0.37676206749252455,0.4006430868167203,0.11487841115290169,0.030693169254415207,-0.006261609344324057,0.08697676222989487,0.1285403050108933,0.05985552115583076,-0.006261609344324057,0.4006430868167203,0.7747747747747747,0.5114235500878734,0.5478442839123954,0.5303858520900322,0.06654096074141157,0.1285403050108933,0.14450751060658182,0.11487841115290169,3,2,0.047809029618899025,1.0,18414.828447977703,epoch_56_original,5,A10_drop_front_triplet,6,R2_replace_tminus2,"['CAM_FRONT', 'CAM_FRONT_LEFT', 'CAM_FRONT_RIGHT']",replace,[2],,False,False,False
0.24860674321655818,0.12164839716203273,0.4893028846153846,0.05782733386075949,1.5649338942307693,0.5459770114942529,0.0,0.22096542934522861,0.32810539523212046,0.49739575112850787,52081,0.09732572115384615,0.0,0.7790345706547714,0.45402298850574707,0.0,0.22096542934522861,0.1294101035325614,0.050622516210390156,-0.005823114451476798,0.10369161651267271,0.1470252403846155,0.007932692307692307,-0.005823114451476798,0.22096542934522861,0.5459770114942529,0.32810539523212046,0.0,0.0,0.05782733386075949,0.1470252403846155,0.09732572115384615,0.1294101035325614,3,1,0.04349767044186592,1.0,16269.3709081014,epoch_56_original,5,A10_drop_front_triplet,0,R3_ema_K2,"['CAM_FRONT', 'CAM_FRONT_LEFT', 'CAM_FRONT_RIGHT']",ema,"[1, 2]",,False,False,False
0.23585903456445403,0.09569159723506945,0.5011632068718683,0.06164010869421836,1.613815318539728,0.5594405594405595,0.3572597137014315,0.3175719895287958,0.39905857740585776,0.5073082763857252,54108,0.11169768551658316,0.0,0.6824280104712042,0.4405594405594405,0.3572597137014315,0.3175719895287958,0.09948347037845634,0.03308417894250698,-0.0087473123243942,0.019328585961342827,0.03060128847530419,0.017298973991887373,-0.0087473123243942,0.3175719895287958,0.5594405594405595,0.39905857740585776,0.0,0.0,0.06164010869421836,0.03060128847530419,0.11169768551658316,0.09948347037845634,3,1,0.04349767044186592,1.0,16269.3709081014,epoch_56_original,5,A10_drop_front_triplet,2,R3_ema_K2,"['CAM_FRONT', 'CAM_FRONT_LEFT', 'CAM_FRONT_RIGHT']",ema,"[1, 2]",,False,False,False
0.21445166966826598,0.0714965201464587,0.5376430138123185,0.0643302730502654,1.618353192246132,0.43617021276595747,0.3684139664303025,0.4139650872817955,0.38461538461538464,0.5465357098029371,54600,0.1261189163554449,0.0,0.5860349127182045,0.5638297872340425,0.3684139664303025,0.4139650872817955,0.10468056457350841,0.0344238949569542,-0.00735325651286077,0.05135463000404367,0.07905032900586884,0.03180390064615567,-0.00735325651286077,0.4139650872817955,0.43617021276595747,0.38461538461538464,0.5376430138123185,0.0,0.0643302730502654,0.07905032900586884,0.1261189163554449,0.10468056457350841,3,1,0.04349767044186592,1.0,16269.3709081014,epoch_56_original,5,A10_drop_front_triplet,4,R3_ema_K2,"['CAM_FRONT', 'CAM_FRONT_LEFT', 'CAM_FRONT_RIGHT']",ema,"[1, 2]",,False,False,False
0.22108058992101767,0.06389905704505398,0.5466402935443183,0.06056855214537378,1.5040133012269234,0.6126126126126126,0.3659547202050406,0.4141479099678457,0.47847100175746926,0.5513433934486566,52466,0.12739364751748652,0.5233118971061094,0.5858520900321543,0.3873873873873874,0.3659547202050406,0.4141479099678457,0.12606931524975667,0.03576399518289371,-0.012234017940361844,0.01769018892811421,0.02614379084967311,0.042741658066735466,-0.012234017940361844,0.4141479099678457,0.6126126126126126,0.47847100175746926,0.5466402935443183,0.5233118971061094,0.06056855214537378,0.02614379084967311,0.12739364751748652,0.12606931524975667,3,1,0.04349767044186592,1.0,16269.3709081014,epoch_56_original,5,A10_drop_front_triplet,6,R3_ema_K2,"['CAM_FRONT', 'CAM_FRONT_LEFT', 'CAM_FRONT_RIGHT']",ema,"[1, 2]",,False,False,False
0.25333352849050805,0.12105641574334874,0.4799278846153846,0.05775481276371308,1.5729867788461538,0.5287356321839081,0.0,0.23163931814561095,0.3312421580928482,0.4873891221313804,52349,0.10264423076923077,0.0,0.7683606818543891,0.47126436781609193,0.0,0.23163931814561095,0.13413688880651128,0.050030534791706174,-0.005895635548523209,0.1093710265321692,0.15507812499999996,0.013251201923076925,-0.005895635548523209,0.23163931814561095,0.5287356321839081,0.3312421580928482,0.0,0.0,0.05775481276371308,0.15507812499999996,0.10264423076923077,0.13413688880651128,3,2,0.04222518386262836,1.0,15511.317563374838,epoch_56_original,5,A10_drop_front_triplet,0,R4_ema_K3,"['CAM_FRONT', 'CAM_FRONT_LEFT', 'CAM_FRONT_RIGHT']",ema,"[1, 2, 3]",,False,False,False
0.235361992542039,0.09140761689741382,0.5011333810546409,0.06189403632814046,1.6184383202099737,0.5944055944055944,0.36411042944785277,0.31675392670157065,0.40951882845188287,0.5066438876233865,54263,0.1145609639704128,0.0,0.6832460732984293,0.4055944055944056,0.36411042944785277,0.31675392670157065,0.0989864283560413,0.02880019860485135,-0.008493384690472103,0.02224859651105836,0.03522429014554995,0.02016225244571701,-0.008493384690472103,0.31675392670157065,0.5944055944055944,0.40951882845188287,0.0,0.0,0.06189403632814046,0.03522429014554995,0.1145609639704128,0.0989864283560413,3,2,0.04222518386262836,1.0,15511.317563374838,epoch_56_original,5,A10_drop_front_triplet,2,R4_ema_K3,"['CAM_FRONT', 'CAM_FRONT_LEFT', 'CAM_FRONT_RIGHT']",ema,"[1, 2, 3]",,False,False,False
0.21629274965800274,0.07042742055417756,0.5313592981208133,0.06492572518152218,1.6353370087142094,0.6276595744680851,0.38515393591239566,0.4137988362427265,0.3991393222162453,0.539036023597339,55173,0.13178018851147075,0.0,0.5862011637572735,0.37234042553191493,0.38515393591239566,0.4137988362427265,0.10652164456324517,0.033354795364673055,-0.006757804381603991,0.0623880769452949,0.09603414547394618,0.03746517280218152,-0.006757804381603991,0.4137988362427265,0.6276595744680851,0.3991393222162453,0.5313592981208133,0.0,0.06492572518152218,0.09603414547394618,0.13178018851147075,0.10652164456324517,3,2,0.04222518386262836,1.0,15511.317563374838,epoch_56_original,5,A10_drop_front_triplet,4,R4_ema_K3,"['CAM_FRONT', 'CAM_FRONT_LEFT', 'CAM_FRONT_RIGHT']",ema,"[1, 2, 3]",,False,False,False
0.2253414472959577,0.06019025600732963,0.5308164201353056,0.062381427693202623,1.5512842563926155,0.6216216216216216,0.38398120461341306,0.39839228295819934,0.4907732864674868,0.5336768494663231,54115,0.14238619424377938,0.5311897106109325,0.6016077170418006,0.3783783783783784,0.38398120461341306,0.39839228295819934,0.1303301726246967,0.032055194145169344,-0.010421142392533,0.04967606781239089,0.07341474601536513,0.05773420479302832,-0.010421142392533,0.39839228295819934,0.6216216216216216,0.4907732864674868,0.5308164201353056,0.5311897106109325,0.062381427693202623,0.07341474601536513,0.14238619424377938,0.1303301726246967,3,2,0.04222518386262836,1.0,15511.317563374838,epoch_56_original,5,A10_drop_front_triplet,6,R4_ema_K3,"['CAM_FRONT', 'CAM_FRONT_LEFT', 'CAM_FRONT_RIGHT']",ema,"[1, 2, 3]",,False,False,False
0.24064077243800747,0.1128221160929951,0.5057391826923077,0.05781085179324894,1.5481971153846155,0.5459770114942529,0.0,0.2168233232435877,0.27854454203262236,0.5171880425518482,51524,0.10222355769230769,0.0,0.7831766767564123,0.45402298850574707,0.0,0.2168233232435877,0.1214441327540107,0.04179623514135253,-0.005839596518987349,0.09188776807662966,0.13028846153846163,0.01283052884615385,-0.005839596518987349,0.2168233232435877,0.5459770114942529,0.27854454203262236,0.0,0.0,0.05781085179324894,0.13028846153846163,0.10222355769230769,0.1214441327540107,3,1,0.04632803142973871,1.0,17992.343401590984,epoch_56_original,5,A10_drop_front_triplet,0,R8_camera_group_repair_front_triplet,"['CAM_FRONT', 'CAM_FRONT_LEFT', 'CAM_FRONT_RIGHT']",replace,[1],,False,False,False
0.22731818831261608,0.09204629455337822,0.5254712479121928,0.06012148953290507,1.5620376998329755,0.5664335664335665,0.3496932515337423,0.3324607329842932,0.38127615062761505,0.5341369273601619,52372,0.1145311381531854,0.0,0.6675392670157068,0.43356643356643354,0.3496932515337423,0.3324607329842932,0.09094262412661838,0.029438876260815747,-0.010265931485707494,-0.013375532195471157,-0.02117633023144827,0.020132426628489616,-0.010265931485707494,0.3324607329842932,0.5664335664335665,0.38127615062761505,0.0,0.0,0.06012148953290507,-0.02117633023144827,0.1145311381531854,0.09094262412661838,3,1,0.04632803142973871,1.0,17992.343401590984,epoch_56_original,5,A10_drop_front_triplet,2,R8_camera_group_repair_front_triplet,"['CAM_FRONT', 'CAM_FRONT_LEFT', 'CAM_FRONT_RIGHT']",replace,[1],,False,False,False
0.2061316952497429,0.06467037557766728,0.5603770229414903,0.06303545331886214,1.5723516509573774,0.46808510638297873,0.3475451036711247,0.429093931837074,0.3840774610005379,0.5706351198694616,53048,0.129171853696129,0.0,0.570906068162926,0.5319148936170213,0.3475451036711247,0.429093931837074,0.09636059015498533,0.027597750388162777,-0.00864807624426403,0.021469970924075252,0.03304878771711417,0.034856837986839764,-0.00864807624426403,0.429093931837074,0.46808510638297873,0.3840774610005379,0.5603770229414903,0.0,0.06303545331886214,0.03304878771711417,0.129171853696129,0.09636059015498533,3,1,0.04632803142973871,1.0,17992.343401590984,epoch_56_original,5,A10_drop_front_triplet,4,R8_camera_group_repair_front_triplet,"['CAM_FRONT', 'CAM_FRONT_LEFT', 'CAM_FRONT_RIGHT']",replace,[1],,False,False,False
0.22018607273752466,0.06272475066527074,0.5522302488246761,0.05958526960120043,1.481366815732141,0.5045045045045045,0.35143101238786845,0.4184887459807074,0.45738137082601055,0.5587964666912035,51676,0.14000687994496044,0.512540192926045,0.5815112540192926,0.49549549549549554,0.35143101238786845,0.4184887459807074,0.1251747980662637,0.03458968880311046,-0.013217300484535191,0.0023664507118749275,0.0034973053548905675,0.055354890494209386,-0.013217300484535191,0.4184887459807074,0.5045045045045045,0.45738137082601055,0.5522302488246761,0.512540192926045,0.05958526960120043,0.0034973053548905675,0.14000687994496044,0.1251747980662637,3,1,0.04632803142973871,1.0,17992.343401590984,epoch_56_original,5,A10_drop_front_triplet,6,R8_camera_group_repair_front_triplet,"['CAM_FRONT', 'CAM_FRONT_LEFT', 'CAM_FRONT_RIGHT']",replace,[1],,False,False,False
0.14917478056812436,0.05226686758386981,0.6542668269230769,0.07227551424050632,1.6633713942307693,0.603448275862069,0.0,0.4521268121714195,0.3795483061480552,0.6681713437924177,55357,0.10417668269230769,0.0,0.5478731878285805,0.39655172413793105,0.0,0.4521268121714195,0.0,0.0,0.0,0.0,0.0,0.0,0.0,0.4521268121714195,0.603448275862069,0.3795483061480552,0.0,0.0,0.07227551424050632,0.0,0.10417668269230769,0.0,0,0,0.0,0.0,0.0,epoch_56_original,5,C4_motion_blur_9,0,R0_degraded_native,[],native,[],,False,False,False
0.16567436591352508,0.055740761667204056,0.6074325936530661,0.07571165692727777,1.7620794559770938,0.5594405594405595,0.3215235173824131,0.4051047120418848,0.47751046025104604,0.6153821817261452,59079,0.1088940586972083,0.0,0.5948952879581152,0.4405594405594405,0.3215235173824131,0.4051047120418848,0.0,0.0,0.0,0.0,0.0,0.0,0.0,0.4051047120418848,0.5594405594405595,0.47751046025104604,0.0,0.0,0.07571165692727777,0.0,0.1088940586972083,0.0,0,0,0.0,0.0,0.0,epoch_56_original,5,C4_motion_blur_9,2,R0_degraded_native,[],native,[],,False,False,False
0.1507646026573076,0.03938436123817155,0.6434880550121524,0.07594406378760338,1.721204576441994,0.43617021276595747,0.2991652454896329,0.5190357439733998,0.48735879505110274,0.6527551148487512,58070,0.11331436362558539,0.0,0.4809642560266002,0.5638297872340425,0.2991652454896329,0.5190357439733998,0.0,0.0,0.0,0.0,0.0,0.0,0.0,0.5190357439733998,0.43617021276595747,0.48735879505110274,0.6434880550121524,0.0,0.07594406378760338,0.0,0.11331436362558539,0.0,0,0,0.0,0.0,0.0,epoch_56_original,5,C4_motion_blur_9,4,R0_degraded_native,[],native,[],,False,False,False
0.15486742691483768,0.03592730909107685,0.6539101020525169,0.07118139331962797,1.5808393532851737,0.5495495495495496,0.2866296454506621,0.5061093247588424,0.5347100175746925,0.6622500306710833,55146,0.11833505331957345,0.0,0.4938906752411576,0.4504504504504504,0.2866296454506621,0.5061093247588424,0.0,0.0,0.0,0.0,0.0,0.0,0.0,0.5061093247588424,0.5495495495495496,0.5347100175746925,0.6539101020525169,0.0,0.07118139331962797,0.0,0.11833505331957345,0.0,0,0,0.0,0.0,0.0,epoch_56_original,5,C4_motion_blur_9,6,R0_degraded_native,[],native,[],,False,False,False
0.1740470852017937,0.06714112202765939,0.6268028846153846,0.06276371308016877,1.5174278846153846,0.5747126436781609,0.0,0.3993946152620679,0.3199498117942284,0.6422551216894473,50500,0.0954326923076923,0.0,0.6006053847379321,0.4252873563218391,0.0,0.3993946152620679,0.02487230463366935,0.014874254443789578,-0.009511801160337549,-0.08773958126343552,-0.14594350961538471,-0.008743990384615388,-0.009511801160337549,0.3993946152620679,0.5747126436781609,0.3199498117942284,0.0,0.0,0.06276371308016877,-0.14594350961538471,0.0954326923076923,0.02487230463366935,6,1,0.03977626500030359,1.0,1362.876235961914,epoch_56_original,5,C4_motion_blur_9,0,R5_blend_alpha03,"['CAM_FRONT', 'CAM_FRONT_RIGHT', 'CAM_FRONT_LEFT', 'CAM_BACK', 'CAM_BACK_LEFT', 'CAM_BACK_RIGHT']",blend,"[1, 2]",0.3,False,False,False
0.1810244161358811,0.05640779014024404,0.593116201383918,0.06897597910538326,1.6545573848723456,0.5874125874125874,0.3484151329243354,0.47742146596858637,0.40951882845188287,0.6041824854467224,55474,0.10534478644714865,0.0,0.5225785340314136,0.4125874125874126,0.3484151329243354,0.47742146596858637,0.015350050222356026,0.0006670284730399823,-0.006735677821894506,-0.06101999018263681,-0.10752207110474821,-0.0035492722500596596,-0.006735677821894506,0.47742146596858637,0.5874125874125874,0.40951882845188287,0.0,0.0,0.06897597910538326,-0.10752207110474821,0.10534478644714865,0.015350050222356026,6,1,0.03977626500030359,1.0,1362.876235961914,epoch_56_original,5,C4_motion_blur_9,2,R5_blend_alpha03,"['CAM_FRONT', 'CAM_FRONT_RIGHT', 'CAM_FRONT_LEFT', 'CAM_BACK', 'CAM_BACK_LEFT', 'CAM_BACK_RIGHT']",blend,"[1, 2]",0.3,False,False,False
0.1702127659574468,0.05012299327151508,0.6241626652439386,0.06722671056407956,1.5838816764479222,0.4787234042553192,0.3265416030876941,0.5926849542809642,0.4125874125874126,0.6365005648299235,53437,0.11082458948366827,0.0,0.40731504571903576,0.5212765957446808,0.3265416030876941,0.5926849542809642,0.01944816330013921,0.010738632033343527,-0.008717353223523822,-0.07978302049250904,-0.13732289999407188,-0.002489774141917117,-0.008717353223523822,0.5926849542809642,0.4787234042553192,0.4125874125874126,0.6241626652439386,0.0,0.06722671056407956,-0.13732289999407188,0.11082458948366827,0.01944816330013921,6,1,0.03977626500030359,1.0,1362.876235961914,epoch_56_original,5,C4_motion_blur_9,4,R5_blend_alpha03,"['CAM_FRONT', 'CAM_FRONT_RIGHT', 'CAM_FRONT_LEFT', 'CAM_BACK', 'CAM_BACK_LEFT', 'CAM_BACK_RIGHT']",blend,"[1, 2]",0.3,False,False,False
0.19116434374704283,0.05216595257621807,0.5946279096433895,0.06459753171292777,1.525914459350992,0.5495495495495496,0.3418197351559163,0.46286173633440514,0.45562390158172233,0.6043123543123543,53230,0.11652906776745786,0.0,0.5371382636655948,0.4504504504504504,0.3418197351559163,0.46286173633440514,0.03629691683220515,0.016238643485141216,-0.0065838616067002,-0.03474413375403474,-0.05492489393418176,-0.0018059855521155854,-0.0065838616067002,0.46286173633440514,0.5495495495495496,0.45562390158172233,0.5946279096433895,0.0,0.06459753171292777,-0.05492489393418176,0.11652906776745786,0.03629691683220515,6,1,0.03977626500030359,1.0,1362.876235961914,epoch_56_original,5,C4_motion_blur_9,6,R5_blend_alpha03,"['CAM_FRONT', 'CAM_FRONT_RIGHT', 'CAM_FRONT_LEFT', 'CAM_BACK', 'CAM_BACK_LEFT', 'CAM_BACK_RIGHT']",blend,"[1, 2]",0.3,False,False,False
0.17143529802791935,0.0653573798389112,0.6280348557692308,0.06416139240506329,1.5416766826923076,0.5287356321839081,0.0,0.4172375338537518,0.2973651191969887,0.6446857539695066,51307,0.10081129807692307,0.0,0.5827624661462483,0.47126436781609193,0.0,0.4172375338537518,0.022260517459794987,0.01309051225504139,-0.008114121835443036,-0.07316147912639774,-0.12169471153846168,-0.0033653846153846173,-0.008114121835443036,0.4172375338537518,0.5287356321839081,0.2973651191969887,0.0,0.0,0.06416139240506329,-0.12169471153846168,0.10081129807692307,0.022260517459794987,6,1,0.03977626500030359,1.0,1948.7686564127605,epoch_56_original,5,C4_motion_blur_9,0,R6_blend_alpha05,"['CAM_FRONT', 'CAM_FRONT_RIGHT', 'CAM_FRONT_LEFT', 'CAM_BACK', 'CAM_BACK_LEFT', 'CAM_BACK_RIGHT']",blend,"[1, 2]",0.5,False,False,False
0.16799531066822979,0.05486438902912522,0.6153364352183249,0.0713009009484362,1.6743915533285612,0.5664335664335665,0.32893660531697344,0.487238219895288,0.4189330543933054,0.6271829916476841,56139,0.10206394655213553,0.0,0.512761780104712,0.43356643356643354,0.32893660531697344,0.487238219895288,0.002320944754704707,-0.0008763726380788331,-0.004410755978841566,-0.04976387548875235,-0.08768790264853266,-0.0068301121450727725,-0.004410755978841566,0.487238219895288,0.5664335664335665,0.4189330543933054,0.0,0.0,0.0713009009484362,-0.08768790264853266,0.10206394655213553,0.002320944754704707,6,1,0.03977626500030359,1.0,1948.7686564127605,epoch_56_original,5,C4_motion_blur_9,2,R6_blend_alpha05,"['CAM_FRONT', 'CAM_FRONT_RIGHT', 'CAM_FRONT_LEFT', 'CAM_BACK', 'CAM_BACK_LEFT', 'CAM_BACK_RIGHT']",blend,"[1, 2]",0.5,False,False,False
0.1645798945207134,0.046273156193506554,0.6364929752800996,0.0672629985055966,1.5722034501155966,0.48936170212765956,0.3177901445112647,0.5747298420615129,0.4093598708983324,0.6497426885904356,53043,0.10771237180627186,0.0,0.4252701579384871,0.5106382978723405,0.3177901445112647,0.5747298420615129,0.013815291863405799,0.006888794955335002,-0.00868106528200678,-0.08656793525055967,-0.1490011263263975,-0.005601991819313534,-0.00868106528200678,0.5747298420615129,0.48936170212765956,0.4093598708983324,0.6364929752800996,0.0,0.0672629985055966,-0.1490011263263975,0.10771237180627186,0.013815291863405799,6,1,0.03977626500030359,1.0,1948.7686564127605,epoch_56_original,5,C4_motion_blur_9,4,R6_blend_alpha05,"['CAM_FRONT', 'CAM_FRONT_RIGHT', 'CAM_FRONT_LEFT', 'CAM_BACK', 'CAM_BACK_LEFT', 'CAM_BACK_RIGHT']",blend,"[1, 2]",0.5,False,False,False
0.18141371522847444,0.04631690069391334,0.6154397431487215,0.06455456474461095,1.5043572984749456,0.5585585585585585,0.322298163178129,0.4790996784565916,0.47231985940246046,0.6254447307078886,52478,0.11684439857814471,0.0,0.5209003215434084,0.4414414414414415,0.322298163178129,0.4790996784565916,0.026546288313636757,0.010389591602836486,-0.006626828575017021,-0.04838066224204838,-0.07648205481022807,-0.0014906547414287319,-0.006626828575017021,0.4790996784565916,0.5585585585585585,0.47231985940246046,0.6154397431487215,0.0,0.06455456474461095,-0.07648205481022807,0.11684439857814471,0.026546288313636757,6,1,0.03977626500030359,1.0,1948.7686564127605,epoch_56_original,5,C4_motion_blur_9,6,R6_blend_alpha05,"['CAM_FRONT', 'CAM_FRONT_RIGHT', 'CAM_FRONT_LEFT', 'CAM_BACK', 'CAM_BACK_LEFT', 'CAM_BACK_RIGHT']",blend,"[1, 2]",0.5,False,False,False
0.16892114360972396,0.062398191882470394,0.6300180288461539,0.06528876582278481,1.5602463942307692,0.5229885057471264,0.0,0.41325473952525094,0.308030112923463,0.646232519965908,51925,0.1051983173076923,0.0,0.5867452604747491,0.4770114942528736,0.0,0.41325473952525094,0.0197463630415996,0.010131324298600586,-0.006986748417721511,-0.06199757934859187,-0.10312500000000013,0.0010216346153846118,-0.006986748417721511,0.41325473952525094,0.5229885057471264,0.308030112923463,0.0,0.0,0.06528876582278481,-0.10312500000000013,0.1051983173076923,0.0197463630415996,6,1,0.03977626500030359,1.0,1831.8439229329426,epoch_56_original,5,C4_motion_blur_9,0,R7_blend_alpha07,"['CAM_FRONT', 'CAM_FRONT_RIGHT', 'CAM_FRONT_LEFT', 'CAM_BACK', 'CAM_BACK_LEFT', 'CAM_BACK_RIGHT']",blend,"[1, 2]",0.7,False,False,False
0.16816607207486686,0.05762761514995895,0.6119661178716297,0.07228033610785,1.6954784061083275,0.5314685314685315,0.3266871165644172,0.4463350785340314,0.4388075313807531,0.6224373576309795,56846,0.10734311620138391,0.0,0.5536649214659686,0.46853146853146854,0.3266871165644172,0.4463350785340314,0.0024917061613417835,0.0018868534827548925,-0.0034313208194277772,-0.03779684828788571,-0.06660104986876636,-0.001550942495824395,-0.0034313208194277772,0.4463350785340314,0.5314685314685315,0.4388075313807531,0.0,0.0,0.07228033610785,-0.06660104986876636,0.10734311620138391,0.0024917061613417835,6,1,0.03977626500030359,1.0,1831.8439229329426,epoch_56_original,5,C4_motion_blur_9,2,R7_blend_alpha07,"['CAM_FRONT', 'CAM_FRONT_RIGHT', 'CAM_FRONT_LEFT', 'CAM_BACK', 'CAM_BACK_LEFT', 'CAM_BACK_RIGHT']",blend,"[1, 2]",0.7,False,False,False
0.16678805535324107,0.04581212851783736,0.6266820795542118,0.06890915148896022,1.6115952338609283,0.48936170212765956,0.31680280046674447,0.5177057356608479,0.4556213017751479,0.6366574620308774,54372,0.11192127571284605,0.0,0.4822942643391521,0.5106382978723405,0.31680280046674447,0.5177057356608479,0.01602345269593347,0.006427767279665805,-0.007034912298643156,-0.06368176338901325,-0.1096093425810658,-0.0013930879127393436,-0.007034912298643156,0.5177057356608479,0.48936170212765956,0.4556213017751479,0.6266820795542118,0.0,0.06890915148896022,-0.1096093425810658,0.11192127571284605,0.01602345269593347,6,1,0.03977626500030359,1.0,1831.8439229329426,epoch_56_original,5,C4_motion_blur_9,4,R7_blend_alpha07,"['CAM_FRONT', 'CAM_FRONT_RIGHT', 'CAM_FRONT_LEFT', 'CAM_BACK', 'CAM_BACK_LEFT', 'CAM_BACK_RIGHT']",blend,"[1, 2]",0.7,False,False,False
0.17662710872226065,0.04340931310580584,0.6194243779383098,0.06656574937697896,1.5352597179222567,0.5855855855855856,0.31465185818026487,0.49115755627009644,0.5057117750439367,0.627315666789351,53556,0.12246302029583764,0.0,0.5088424437299035,0.4144144144144144,0.31465185818026487,0.49115755627009644,0.021759681807422965,0.007482004014728989,-0.004615643942649017,-0.02883255358502883,-0.04557963536291698,0.004127966976264191,-0.004615643942649017,0.49115755627009644,0.5855855855855856,0.5057117750439367,0.6194243779383098,0.0,0.06656574937697896,-0.04557963536291698,0.12246302029583764,0.021759681807422965,6,1,0.03977626500030359,1.0,1831.8439229329426,epoch_56_original,5,C4_motion_blur_9,6,R7_blend_alpha07,"['CAM_FRONT', 'CAM_FRONT_RIGHT', 'CAM_FRONT_LEFT', 'CAM_BACK', 'CAM_BACK_LEFT', 'CAM_BACK_RIGHT']",blend,"[1, 2]",0.7,False,False,False
0.22844259226098423,0.08652590311233165,0.5783353365384616,0.04639537183544304,1.2674879807692307,0.4482758620689655,0.0,0.16345387924167595,0.3224592220828105,0.591211843808201,42182,0.105078125,0.0,0.836546120758324,0.5517241379310345,0.0,0.16345387924167595,0.0,0.0,0.0,0.0,0.0,0.0,0.0,0.16345387924167595,0.4482758620689655,0.3224592220828105,0.0,0.0,0.04639537183544304,0.0,0.105078125,0.0,0,0,0.0,0.0,0.0,epoch_56_original,5,A7_drop_all_rear,0,R0_degraded_native,[],native,[],,False,False,False
0.2178802361540624,0.06993892694507892,0.5608148413266524,0.056152633592317536,1.4549033643521831,0.4755244755244755,0.35429447852760737,0.34080497382198954,0.40115062761506276,0.5704884839281195,48780,0.1220174182772608,0.0,0.6591950261780104,0.5244755244755245,0.35429447852760737,0.34080497382198954,0.0,0.0,0.0,0.0,0.0,0.0,0.0,0.34080497382198954,0.4755244755244755,0.40115062761506276,0.0,0.0,0.056152633592317536,0.0,0.1220174182772608,0.0,0,0,0.0,0.0,0.0,epoch_56_original,5,A7_drop_all_rear,2,R0_degraded_native,[],native,[],,False,False,False
0.2479545220852858,0.07821037089131454,0.4996739581480823,0.056640528352428485,1.5181397830339676,0.2872340425531915,0.3850192980881429,0.30989193682460514,0.39483593329747174,0.5058993347558679,51219,0.14262849012982393,0.0,0.6901080631753949,0.7127659574468085,0.3850192980881429,0.30989193682460514,0.0,0.0,0.0,0.0,0.0,0.0,0.0,0.30989193682460514,0.2872340425531915,0.39483593329747174,0.4996739581480823,0.0,0.056640528352428485,0.0,0.14262849012982393,0.0,0,0,0.0,0.0,0.0,epoch_56_original,5,A7_drop_all_rear,4,R0_degraded_native,[],native,[],,False,False,False
0.2718892616435458,0.08433680163486236,0.4842334594656576,0.05170909379358669,1.4127393647517485,0.5945945945945946,0.3978214438274242,0.27315112540192926,0.4789103690685413,0.4846337872653662,49282,0.12977296181630546,0.0,0.7268488745980708,0.4054054054054054,0.3978214438274242,0.27315112540192926,0.0,0.0,0.0,0.0,0.0,0.0,0.0,0.27315112540192926,0.5945945945945946,0.4789103690685413,0.4842334594656576,0.0,0.05170909379358669,0.0,0.12977296181630546,0.0,0,0,0.0,0.0,0.0,epoch_56_original,5,A7_drop_all_rear,6,R0_degraded_native,[],native,[],,False,False,False
0.27227062726737156,0.14690900350622094,0.4867313537526303,0.049994717589107666,1.39841010053776,0.3465909090909091,0.0,0.18685767673621925,0.2831858407079646,0.49800907491434393,47848,0.10790273556231003,0.0,0.8131423232637808,0.6534090909090908,0.0,0.18685767673621925,0.0,0.0,0.0,0.0,0.0,0.0,0.0,0.18685767673621925,0.3465909090909091,0.2831858407079646,0.0,0.0,0.049994717589107666,0.0,0.10790273556231003,0.0,0,0,0.0,0.0,0.0,epoch_56_original,6,A0_clean,0,R0_degraded_native,[],native,[],,False,False,False
0.2734767657173089,0.11029612488483101,0.4555428772053015,0.05590265111311757,1.5353287106117792,0.15053763440860216,0.4250127568771165,0.29106200527704484,0.3500269251480883,0.4615313196335727,52476,0.12803183241171479,0.0,0.7089379947229552,0.8494623655913979,0.4250127568771165,0.29106200527704484,0.0,0.0,0.0,0.0,0.0,0.0,0.0,0.29106200527704484,0.15053763440860216,0.3500269251480883,0.0,0.0,0.05590265111311757,0.0,0.12803183241171479,0.0,0,0,0.0,0.0,0.0,epoch_56_original,6,A0_clean,2,R0_degraded_native,[],native,[],,False,False,False
0.28124012816462834,0.10789225227917175,0.45783551792135485,0.052835928365229,1.4699280825890269,0.4336283185840708,0.4399667636061487,0.32538894405825886,0.40151898734177216,0.4611242730992893,50689,0.13838301821134438,0.0,0.6746110559417411,0.5663716814159292,0.4399667636061487,0.32538894405825886,0.0,0.0,0.0,0.0,0.0,0.0,0.0,0.32538894405825886,0.4336283185840708,0.40151898734177216,0.45783551792135485,0.0,0.052835928365229,0.0,0.13838301821134438,0.0,0,0,0.0,0.0,0.0,epoch_56_original,6,A0_clean,4,R0_degraded_native,[],native,[],,False,False,False
0.27638048270193527,0.0831135044836258,0.4802866376282141,0.05183524565075321,1.4001405086412815,0.423728813559322,0.42344983970599737,0.3793935736913562,0.460457647531112,0.4817165306739196,49824,0.14851763383448083,0.0,0.6206064263086438,0.576271186440678,0.42344983970599737,0.3793935736913562,0.0,0.0,0.0,0.0,0.0,0.0,0.0,0.3793935736913562,0.423728813559322,0.460457647531112,0.4802866376282141,0.0,0.05183524565075321,0.0,0.14851763383448083,0.0,0,0,0.0,0.0,0.0,epoch_56_original,6,A0_clean,6,R0_degraded_native,[],native,[],,False,False,False
0.1891324482865082,0.08282045562031112,0.6419219078793547,0.050453627035378944,1.2513444002805705,0.2897727272727273,0.0,0.5233572095920274,0.3368362831858407,0.6589190357131833,42816,0.11193593640402151,0.0,0.47664279040797264,0.7102272727272727,0.0,0.5233572095920274,0.0,0.0,0.0,0.0,0.0,0.0,0.0,0.5233572095920274,0.2897727272727273,0.3368362831858407,0.0,0.0,0.050453627035378944,0.0,0.11193593640402151,0.0,0,0,0.0,0.0,0.0,epoch_56_original,6,A1_drop_cam_front,0,R0_degraded_native,[],native,[],,False,False,False
0.20657192809432018,0.07552897172781971,0.5955411217414202,0.05404566695443044,1.362415518300711,0.2903225806451613,0.3216588579115832,0.5845976253298153,0.39418416801292405,0.6069881158702649,46566,0.11319816261447087,0.0,0.4154023746701847,0.7096774193548387,0.3216588579115832,0.5845976253298153,0.0,0.0,0.0,0.0,0.0,0.0,0.0,0.5845976253298153,0.2903225806451613,0.39418416801292405,0.0,0.0,0.05404566695443044,0.0,0.11319816261447087,0.0,0,0,0.0,0.0,0.0,epoch_56_original,6,A1_drop_cam_front,2,R0_degraded_native,[],native,[],,False,False,False
0.21208095164529583,0.0718128547735351,0.6019023315160654,0.049950785776098405,1.2752000927966594,0.35398230088495575,0.36003323639385126,0.6287653095001655,0.40658227848101264,0.6136734254330636,43974,0.12858137107064146,0.0,0.3712346904998345,0.6460176991150443,0.36003323639385126,0.6287653095001655,0.0,0.0,0.0,0.0,0.0,0.0,0.0,0.6287653095001655,0.35398230088495575,0.40658227848101264,0.6019023315160654,0.0,0.049950785776098405,0.0,0.12858137107064146,0.0,0,0,0.0,0.0,0.0,epoch_56_original,6,A1_drop_cam_front,4,R0_degraded_native,[],native,[],,False,False,False
0.1888885498046875,0.05073730595199993,0.6521287059154138,0.049553700685787086,1.189546157088661,0.6186440677966102,0.3164047228086637,0.6975411072559964,0.5110397430750703,0.6627682079177999,42330,0.13022340873963748,0.0,0.3024588927440036,0.3813559322033898,0.3164047228086637,0.6975411072559964,0.0,0.0,0.0,0.0,0.0,0.0,0.0,0.6975411072559964,0.6186440677966102,0.5110397430750703,0.6521287059154138,0.0,0.049553700685787086,0.0,0.13022340873963748,0.0,0,0,0.0,0.0,0.0,epoch_56_original,6,A1_drop_cam_front,6,R0_degraded_native,[],native,[],,False,False,False
0.26154586032251764,0.12418842924361652,0.49137830254851533,0.053357302272757284,1.4532967032967032,0.36363636363636365,0.0,0.2282777950794145,0.2870575221238938,0.5027008673642621,49726,0.12260346036941781,0.0,0.7717222049205855,0.6363636363636364,0.0,0.2282777950794145,0.07241341203600946,0.041367973623305396,0.0029036752373783406,0.16138826606875933,0.20195230301613276,0.010667523965396303,0.0029036752373783406,0.2282777950794145,0.36363636363636365,0.2870575221238938,0.0,0.0,0.053357302272757284,0.20195230301613276,0.12260346036941781,0.07241341203600946,1,1,0.046413641084324234,1.0,17614.306312561035,epoch_56_original,6,A1_drop_cam_front,0,R1_replace_tminus1,['CAM_FRONT'],replace,[1],,False,False,False
0.2661863361084715,0.10089770720970542,0.4508908979197753,0.05996490712603228,1.6119839667632172,0.16129032258064516,0.4319710534861066,0.34102902374670185,0.3500269251480883,0.4566105471651399,55096,0.1400860177301852,0.0,0.6589709762532981,0.8387096774193549,0.4319710534861066,0.34102902374670185,0.0596144080141513,0.025368735481885715,0.005919240171601843,0.18318086157282137,0.24956844846250625,0.02688785511571433,0.005919240171601843,0.34102902374670185,0.16129032258064516,0.3500269251480883,0.0,0.0,0.05996490712603228,0.24956844846250625,0.1400860177301852,0.0596144080141513,1,1,0.046413641084324234,1.0,17614.306312561035,epoch_56_original,6,A1_drop_cam_front,2,R1_replace_tminus1,['CAM_FRONT'],replace,[1],,False,False,False
0.26391064693936755,0.09314008772476168,0.47239299385222133,0.05690353351521677,1.5267950353787263,0.34513274336283184,0.4188616535105941,0.4018536908308507,0.39746835443037976,0.4769084028183748,52650,0.14818466535204733,0.0,0.5981463091691492,0.6548672566371682,0.4188616535105941,0.4018536908308507,0.05182969529407172,0.02132723295122657,0.006952747739118366,0.19729840360212852,0.25159494258206694,0.019603294281405864,0.006952747739118366,0.4018536908308507,0.34513274336283184,0.39746835443037976,0.47239299385222133,0.0,0.05690353351521677,0.25159494258206694,0.14818466535204733,0.05182969529407172,1,1,0.046413641084324234,1.0,17614.306312561035,epoch_56_original,6,A1_drop_cam_front,4,R1_replace_tminus1,['CAM_FRONT'],replace,[1],,False,False,False
0.2558631433022252,0.07434861068613298,0.4968947590276802,0.05689137430407915,1.4694112687930307,0.3559322033898305,0.3974509343967472,0.4723186000905114,0.47450822962665595,0.49857963130855243,52289,0.1598145285935085,0.0,0.5276813999094886,0.6440677966101696,0.3974509343967472,0.4723186000905114,0.0669745934975377,0.023611304734133053,0.007337673618292066,0.23527049373966455,0.2798651117043698,0.02959111985387103,0.007337673618292066,0.4723186000905114,0.3559322033898305,0.47450822962665595,0.4968947590276802,0.0,0.05689137430407915,0.2798651117043698,0.1598145285935085,0.0669745934975377,1,1,0.046413641084324234,1.0,17614.306312561035,epoch_56_original,6,A1_drop_cam_front,6,R1_replace_tminus1,['CAM_FRONT'],replace,[1],,False,False,False
0.25866475362058916,0.11368009085199182,0.49418400748187985,0.05396808103218309,1.4613046527940146,0.3409090909090909,0.0,0.23154780442229836,0.2848451327433628,0.5057875729234188,50000,0.12719195697919103,0.0,0.7684521955777016,0.6590909090909092,0.0,0.23154780442229836,0.06953230533408097,0.0308596352316807,0.003514453996804147,0.16778774289985052,0.20996025251344408,0.015256020575169518,0.003514453996804147,0.23154780442229836,0.3409090909090909,0.2848451327433628,0.0,0.0,0.05396808103218309,0.20996025251344408,0.12719195697919103,0.06953230533408097,1,2,0.04679840261285956,1.0,17668.375343322754,epoch_56_original,6,A1_drop_cam_front,0,R2_replace_tminus2,['CAM_FRONT'],replace,[2],,False,False,False
0.2602920515986206,0.09575534392771341,0.46335469147722286,0.05989888102261229,1.5983498639515492,0.12903225806451613,0.41629169179384884,0.3321240105540897,0.3462574044157243,0.47001114137162664,54630,0.14737119283770736,0.0,0.6678759894459103,0.8709677419354839,0.41629169179384884,0.3321240105540897,0.05372012350430044,0.020226372199893705,0.0058532140681818515,0.17317356010823348,0.23593434565083826,0.03417303022323649,0.0058532140681818515,0.3321240105540897,0.12903225806451613,0.3462574044157243,0.0,0.0,0.05989888102261229,0.23593434565083826,0.14737119283770736,0.05372012350430044,1,2,0.04679840261285956,1.0,17668.375343322754,epoch_56_original,6,A1_drop_cam_front,2,R2_replace_tminus2,['CAM_FRONT'],replace,[2],,False,False,False
0.2512392714500184,0.08785235678395703,0.48558751884932144,0.05965490589844034,1.561912771140239,0.34513274336283184,0.40589945990859994,0.43330023171135384,0.38329113924050634,0.49170794744777085,53861,0.15468043150446584,0.0,0.5666997682886461,0.6548672566371682,0.40589945990859994,0.43330023171135384,0.03915831980472256,0.016039502010421924,0.009704120122341932,0.22483740392049847,0.2867126783435796,0.026099060433824373,0.009704120122341932,0.43330023171135384,0.34513274336283184,0.38329113924050634,0.48558751884932144,0.0,0.05965490589844034,0.2867126783435796,0.15468043150446584,0.03915831980472256,1,2,0.04679840261285956,1.0,17668.375343322754,epoch_56_original,6,A1_drop_cam_front,4,R2_replace_tminus2,['CAM_FRONT'],replace,[2],,False,False,False
0.2469448668130878,0.06974765483294447,0.5070956863847127,0.058640172729002425,1.4889138682028944,0.4067796610169492,0.38087418875596213,0.4647759843113592,0.4809313528703332,0.5090661831368993,52983,0.16363636363636364,0.0,0.5352240156886408,0.5932203389830508,0.38087418875596213,0.4647759843113592,0.058056317008400304,0.019010348880944543,0.00908647204321534,0.25166548547129697,0.29936771111423344,0.03341295489672616,0.00908647204321534,0.4647759843113592,0.4067796610169492,0.4809313528703332,0.5070956863847127,0.0,0.058640172729002425,0.29936771111423344,0.16363636363636364,0.058056317008400304,1,2,0.04679840261285956,1.0,17668.375343322754,epoch_56_original,6,A1_drop_cam_front,6,R2_replace_tminus2,['CAM_FRONT'],replace,[2],,False,False,False
0.26225123532345074,0.11435972380039933,0.4927811550151976,0.052759729540562315,1.4413140051437925,0.3352272727272727,0.0,0.23139208969168484,0.28982300884955753,0.5040281507546995,49316,0.12178512976385317,0.0,0.7686079103083152,0.6647727272727273,0.0,0.23139208969168484,0.07311878703694255,0.031539268180088204,0.0023061025051833717,0.15181240657698056,0.189969604863222,0.009849193359831657,0.0023061025051833717,0.23139208969168484,0.3352272727272727,0.28982300884955753,0.0,0.0,0.052759729540562315,0.189969604863222,0.12178512976385317,0.07311878703694255,1,1,0.04465348341248253,1.0,16356.475135803223,epoch_56_original,6,A1_drop_cam_front,0,R3_ema_K2,['CAM_FRONT'],ema,"[1, 2]",,False,False,False
0.26314887295374684,0.08911460752147075,0.461014072968782,0.05913793018069694,1.5872026683050997,0.16129032258064516,0.4130444867096535,0.34350263852242746,0.35864297253634897,0.4668234711562268,54249,0.1434213991047134,0.0,0.6564973614775725,0.8387096774193549,0.4130444867096535,0.34350263852242746,0.05657694485942666,0.013585635793651046,0.005092263226266505,0.16499162479061977,0.22478715000438876,0.03022323649024254,0.005092263226266505,0.34350263852242746,0.16129032258064516,0.35864297253634897,0.0,0.0,0.05913793018069694,0.22478715000438876,0.1434213991047134,0.05657694485942666,1,1,0.04465348341248253,1.0,16356.475135803223,epoch_56_original,6,A1_drop_cam_front,2,R3_ema_K2,['CAM_FRONT'],ema,"[1, 2]",,False,False,False
0.2585044882781861,0.08261008221225959,0.48390557939914164,0.05674829401700368,1.5125565479642733,0.36283185840707965,0.4066888242625675,0.42336974511751074,0.38531645569620254,0.48986185040460295,52159,0.14914163090128754,0.0,0.5766302548824893,0.6371681415929203,0.4066888242625675,0.42336974511751074,0.04642353663289028,0.01079722743872448,0.006797508240905276,0.18613271478600993,0.23735645516761394,0.020560259830646077,0.006797508240905276,0.42336974511751074,0.36283185840707965,0.38531645569620254,0.48390557939914164,0.0,0.05674829401700368,0.23735645516761394,0.14914163090128754,0.04642353663289028,1,1,0.04465348341248253,1.0,16356.475135803223,epoch_56_original,6,A1_drop_cam_front,4,R3_ema_K2,['CAM_FRONT'],ema,"[1, 2]",,False,False,False
0.25083044534878707,0.07156659590723531,0.5098215540255726,0.056179942589115094,1.4444007306449347,0.3474576271186441,0.3800140745953554,0.4792578066073314,0.4648735447611401,0.5132064067694168,51399,0.1595897147674582,0.0,0.5207421933926686,0.652542372881356,0.3800140745953554,0.4792578066073314,0.06194189554409957,0.020829289955235385,0.006626241903328008,0.21424521615875267,0.2548545735562737,0.029366306027820727,0.006626241903328008,0.4792578066073314,0.3474576271186441,0.4648735447611401,0.5098215540255726,0.0,0.056179942589115094,0.2548545735562737,0.1595897147674582,0.06194189554409957,1,1,0.04465348341248253,1.0,16356.475135803223,epoch_56_original,6,A1_drop_cam_front,6,R3_ema_K2,['CAM_FRONT'],ema,"[1, 2]",,False,False,False
0.2610719810173157,0.12417490239438682,0.491933598316577,0.05343653843614225,1.4541442599953238,0.3181818181818182,0.0,0.2309249454998443,0.288716814159292,0.5031947402537272,49755,0.12362637362637363,0.0,0.7690750545001557,0.6818181818181819,0.0,0.2309249454998443,0.07193953273080753,0.041354446774075695,0.0029829114007633092,0.16206558295964127,0.20279985971475334,0.01169043722235212,0.0029829114007633092,0.2309249454998443,0.3181818181818182,0.288716814159292,0.0,0.0,0.05343653843614225,0.20279985971475334,0.12362637362637363,0.07193953273080753,1,2,0.04375362463972785,1.0,15778.99454498291,epoch_56_original,6,A1_drop_cam_front,0,R4_ema_K3,['CAM_FRONT'],ema,"[1, 2, 3]",,False,False,False
0.26168999185167185,0.09541659571350027,0.4644079698060212,0.05905044559366546,1.5822581117060184,0.16129032258064516,0.40975089298139816,0.3471306068601583,0.35918147549811524,0.470382520425848,54080,0.1452938939114661,0.0,0.6528693931398417,0.8387096774193549,0.40975089298139816,0.3471306068601583,0.055118063757351676,0.019887623985680558,0.0050047786392350205,0.16136236739251814,0.21984259340530743,0.032095731296995236,0.0050047786392350205,0.3471306068601583,0.16129032258064516,0.35918147549811524,0.0,0.0,0.05905044559366546,0.21984259340530743,0.1452938939114661,0.055118063757351676,1,2,0.04375362463972785,1.0,15778.99454498291,epoch_56_original,6,A1_drop_cam_front,2,R4_ema_K3,['CAM_FRONT'],ema,"[1, 2, 3]",,False,False,False
0.2603223509235979,0.09011946214768879,0.4805706994548196,0.05668388614008548,1.5147604686231295,0.34513274336283184,0.4078105525550478,0.4107911287653095,0.3883544303797468,0.48613888803421434,52235,0.15198352859297065,0.0,0.5892088712346906,0.6548672566371682,0.4078105525550478,0.4107911287653095,0.048241399278302066,0.018306607374153683,0.006733100363987075,0.18786100877791423,0.23956037582647016,0.023402157522329187,0.006733100363987075,0.4107911287653095,0.34513274336283184,0.3883544303797468,0.4805706994548196,0.0,0.05668388614008548,0.23956037582647016,0.15198352859297065,0.048241399278302066,1,2,0.04375362463972785,1.0,15778.99454498291,epoch_56_original,6,A1_drop_cam_front,4,R4_ema_K3,['CAM_FRONT'],ema,"[1, 2, 3]",,False,False,False
0.25479905097418937,0.07088346247561014,0.5020373752985808,0.05618656055855662,1.4522973162849515,0.3389830508474576,0.38482289467511144,0.4625131995776135,0.46688077077478923,0.5046841946207313,51680,0.16453561894056484,0.0,0.5374868004223865,0.6610169491525424,0.38482289467511144,0.4625131995776135,0.06591050116950187,0.020146156523610216,0.006632859872769535,0.22088353413654618,0.26275115919629055,0.03431221020092737,0.006632859872769535,0.4625131995776135,0.3389830508474576,0.46688077077478923,0.5020373752985808,0.0,0.05618656055855662,0.26275115919629055,0.16453561894056484,0.06591050116950187,1,2,0.04375362463972785,1.0,15778.99454498291,epoch_56_original,6,A1_drop_cam_front,6,R4_ema_K3,['CAM_FRONT'],ema,"[1, 2, 3]",,False,False,False
0.11114131912348431,0.06686403034391937,0.7610474631751227,0.06495384493482825,1.388940846387655,0.5965909090909091,0.0,0.7292120834630956,0.40376106194690264,0.7809982405778313,47524,0.09390343698854337,0.0,0.27078791653690437,0.40340909090909094,0.0,0.7292120834630956,0.0,0.0,0.0,0.0,0.0,0.0,0.0,0.7292120834630956,0.5965909090909091,0.40376106194690264,0.0,0.0,0.06495384493482825,0.0,0.09390343698854337,0.0,0,0,0.0,0.0,0.0,epoch_56_original,6,A10_drop_front_triplet,0,R0_degraded_native,[],native,[],,False,False,False
0.12501788385250698,0.05536311459559124,0.7187746862108312,0.07049276931634922,1.5307059890576085,0.6666666666666666,0.2199285614881477,0.862796833773087,0.4345718901453958,0.7351138895766279,52318,0.09037713215717254,0.0,0.13720316622691298,0.33333333333333337,0.2199285614881477,0.862796833773087,0.0,0.0,0.0,0.0,0.0,0.0,0.0,0.862796833773087,0.6666666666666666,0.4345718901453958,0.0,0.0,0.07049276931634922,0.0,0.09037713215717254,0.0,0,0,0.0,0.0,0.0,epoch_56_original,6,A10_drop_front_triplet,2,R0_degraded_native,[],native,[],,False,False,False
0.1061338169570568,0.04424443613886869,0.7624115531840854,0.07053653412956883,1.4761628581371071,0.7699115044247787,0.19646863315330287,0.874875868917577,0.4648101265822785,0.7805298298513892,50904,0.08946177937594246,0.0,0.12512413108242304,0.23008849557522126,0.19646863315330287,0.874875868917577,0.0,0.0,0.0,0.0,0.0,0.0,0.0,0.874875868917577,0.7699115044247787,0.4648101265822785,0.7624115531840854,0.0,0.07053653412956883,0.0,0.08946177937594246,0.0,0,0,0.0,0.0,0.0,epoch_56_original,6,A10_drop_front_triplet,4,R0_degraded_native,[],native,[],,False,False,False
0.09188827436421951,0.03296948936338328,0.795503723478994,0.07215075734387796,1.429984544049459,0.7288135593220338,0.1746031746031746,0.8311962588625735,0.5869128863910076,0.8112722877002115,50886,0.09043136152873402,0.04751847940865892,0.16880374113742647,0.27118644067796616,0.1746031746031746,0.8311962588625735,0.0,0.0,0.0,0.0,0.0,0.0,0.0,0.8311962588625735,0.7288135593220338,0.5869128863910076,0.795503723478994,0.04751847940865892,0.07215075734387796,0.0,0.09043136152873402,0.0,0,0,0.0,0.0,0.0,epoch_56_original,6,A10_drop_front_triplet,6,R0_degraded_native,[],native,[],,False,False,False
0.21576186654437055,0.09086101025791178,0.5600011690437222,0.058700791041031125,1.479278700023381,0.6306818181818182,0.0,0.26814076611647464,0.30586283185840707,0.5741272340031485,50615,0.11377718026654197,0.0,0.7318592338835254,0.36931818181818177,0.0,0.26814076611647464,0.10462054742088624,0.02399697991399241,-0.006253053893797128,0.06504082147967342,0.090337853635726,0.01987374327799861,-0.006253053893797128,0.26814076611647464,0.6306818181818182,0.30586283185840707,0.0,0.0,0.058700791041031125,0.090337853635726,0.11377718026654197,0.10462054742088624,3,1,0.04389402044541909,1.0,17394.36553700765,epoch_56_original,6,A10_drop_front_triplet,0,R1_replace_tminus1,"['CAM_FRONT', 'CAM_FRONT_LEFT', 'CAM_FRONT_RIGHT']",replace,[1],,False,False,False
0.23642159577485716,0.0795871830804354,0.48790192808449634,0.06578510814250414,1.6781356973580268,0.8387096774193549,0.3873915665445099,0.3565303430079156,0.3672590199246096,0.49476974498638276,57357,0.13645805904210187,0.0,0.6434696569920844,0.16129032258064513,0.3873915665445099,0.3565303430079156,0.11140371192235018,0.02422406848484416,-0.004707661173845079,0.09631484383959632,0.14742970830041835,0.04608092688492933,-0.004707661173845079,0.3565303430079156,0.8387096774193549,0.3672590199246096,0.0,0.0,0.06578510814250414,0.14742970830041835,0.13645805904210187,0.11140371192235018,3,1,0.04389402044541909,1.0,17394.36553700765,epoch_56_original,6,A10_drop_front_triplet,2,R1_replace_tminus1,"['CAM_FRONT', 'CAM_FRONT_LEFT', 'CAM_FRONT_RIGHT']",replace,[1],,False,False,False
0.22966925008186878,0.0667182366348223,0.5118895719754089,0.06408418604958416,1.613385918106948,0.8053097345132744,0.3765267968425426,0.41360476663356505,0.3843037974683544,0.519614781083659,55636,0.15064957661524186,0.0,0.586395233366435,0.19469026548672563,0.3765267968425426,0.41360476663356505,0.12353543312481198,0.022473800495953614,-0.006452348079984668,0.09295929592959296,0.13722305996984097,0.0611877972392994,-0.006452348079984668,0.41360476663356505,0.8053097345132744,0.3843037974683544,0.5118895719754089,0.0,0.06408418604958416,0.13722305996984097,0.15064957661524186,0.12353543312481198,3,1,0.04389402044541909,1.0,17394.36553700765,epoch_56_original,6,A10_drop_front_triplet,4,R1_replace_tminus1,"['CAM_FRONT', 'CAM_FRONT_LEFT', 'CAM_FRONT_RIGHT']",replace,[1],,False,False,False
0.21855892255892256,0.055010418847385265,0.5439651538569622,0.0639709471141517,1.5425881691724042,0.7966101694915254,0.34439752912659316,0.47020666767234875,0.4825371336812525,0.5485947416137806,54893,0.15717296613741746,0.44214813697390254,0.5297933323276512,0.2033898305084746,0.34439752912659316,0.47020666767234875,0.12667064819470306,0.022040929484001985,-0.008179810229726261,0.07874464489250481,0.1126036251229452,0.06674160460868345,-0.008179810229726261,0.47020666767234875,0.7966101694915254,0.4825371336812525,0.5439651538569622,0.44214813697390254,0.0639709471141517,0.1126036251229452,0.15717296613741746,0.12667064819470306,3,1,0.04389402044541909,1.0,17394.36553700765,epoch_56_original,6,A10_drop_front_triplet,6,R1_replace_tminus1,"['CAM_FRONT', 'CAM_FRONT_LEFT', 'CAM_FRONT_RIGHT']",replace,[1],,False,False,False
0.22652396053558843,0.1007731727699368,0.549070610240823,0.05595393737701887,1.4415770399812953,0.6931818181818182,0.0,0.24011211460604173,0.38827433628318586,0.5579837639287588,49325,0.11421557166238017,0.0,0.7598878853939582,0.30681818181818177,0.0,0.24011211460604173,0.11538264141210412,0.03390914242601743,-0.008999907557809383,0.03789664169682687,0.05263619359364036,0.0203121346738368,-0.008999907557809383,0.24011211460604173,0.6931818181818182,0.38827433628318586,0.0,0.0,0.05595393737701887,0.05263619359364036,0.11421557166238017,0.11538264141210412,3,2,0.04632803142973871,1.0,17992.343401590984,epoch_56_original,6,A10_drop_front_triplet,0,R2_replace_tminus2,"['CAM_FRONT', 'CAM_FRONT_LEFT', 'CAM_FRONT_RIGHT']",replace,[2],,False,False,False
0.22979847116052815,0.07888338724029352,0.5162526697679862,0.06234679880690831,1.5888411012610082,0.7956989247311828,0.35362063366887786,0.3406992084432718,0.42487883683360256,0.5214471403812825,54305,0.128558471576114,0.0,0.6593007915567282,0.20430107526881724,0.35362063366887786,0.3406992084432718,0.10478058730802117,0.02352027264470228,-0.008145970509440909,0.03797928055353798,0.05813511220339973,0.03818133941894146,-0.008145970509440909,0.3406992084432718,0.7956989247311828,0.42487883683360256,0.0,0.0,0.06234679880690831,0.05813511220339973,0.128558471576114,0.10478058730802117,3,2,0.04632803142973871,1.0,17992.343401590984,epoch_56_original,6,A10_drop_front_triplet,2,R2_replace_tminus2,"['CAM_FRONT', 'CAM_FRONT_LEFT', 'CAM_FRONT_RIGHT']",replace,[2],,False,False,False
0.21779119859266133,0.0680319334468788,0.544049414221088,0.06227581104380396,1.549472219000116,0.7610619469026548,0.34279185708350646,0.4240317775571003,0.41265822784810124,0.5520137841912557,53432,0.1430228511773576,0.0,0.5759682224428997,0.23893805309734517,0.34279185708350646,0.4240317775571003,0.11165738163560453,0.023787497308010108,-0.008260723085764865,0.04966210906804966,0.07330936086300888,0.053561071801415144,-0.008260723085764865,0.4240317775571003,0.7610619469026548,0.41265822784810124,0.544049414221088,0.0,0.06227581104380396,0.07330936086300888,0.1430228511773576,0.11165738163560453,3,2,0.04632803142973871,1.0,17992.343401590984,epoch_56_original,6,A10_drop_front_triplet,4,R2_replace_tminus2,"['CAM_FRONT', 'CAM_FRONT_LEFT', 'CAM_FRONT_RIGHT']",replace,[2],,False,False,False
0.20947959730253127,0.06134352261360495,0.5713924406350991,0.06158682362284192,1.4746662919769566,0.864406779661017,0.31183047931816404,0.4522552421179665,0.5134484142914492,0.5757630704140224,52476,0.14643810594351553,0.46432342736461,0.5477447578820335,0.13559322033898302,0.31183047931816404,0.4522552421179665,0.11759132293831176,0.02837403325022167,-0.010563933721036041,0.0312463152930079,0.044681747927497684,0.05600674441478151,-0.010563933721036041,0.4522552421179665,0.864406779661017,0.5134484142914492,0.5713924406350991,0.46432342736461,0.06158682362284192,0.044681747927497684,0.14643810594351553,0.11759132293831176,3,2,0.04632803142973871,1.0,17992.343401590984,epoch_56_original,6,A10_drop_front_triplet,6,R2_replace_tminus2,"['CAM_FRONT', 'CAM_FRONT_LEFT', 'CAM_FRONT_RIGHT']",replace,[2],,False,False,False
0.22658176438165414,0.09725174183104908,0.543459200374094,0.05732406270221729,1.471446107084405,0.6590909090909091,0.0,0.23544067268763624,0.3174778761061947,0.5560082723708986,50347,0.11667056347907412,0.0,0.7645593273123638,0.34090909090909094,0.0,0.23544067268763624,0.11544044525816984,0.03038771148712971,-0.00762978223261096,0.059401565524787474,0.08250526069675002,0.022767126490530754,-0.00762978223261096,0.23544067268763624,0.6590909090909091,0.3174778761061947,0.0,0.0,0.05732406270221729,0.08250526069675002,0.11667056347907412,0.11544044525816984,3,1,0.04136657669688717,1.0,15668.683469136557,epoch_56_original,6,A10_drop_front_triplet,0,R3_ema_K2,"['CAM_FRONT', 'CAM_FRONT_LEFT', 'CAM_FRONT_RIGHT']",ema,"[1, 2]",,False,False,False
0.23296631418292815,0.07566799101815519,0.4998098247461892,0.06471383461451485,1.6472395330466076,0.8709677419354839,0.3703205455304541,0.36147757255936674,0.37856758212170166,0.5067157712305026,56301,0.13417595599637205,0.0,0.6385224274406333,0.12903225806451613,0.3703205455304541,0.36147757255936674,0.10794843033042117,0.02030487642256395,-0.005778934701834368,0.07613058603157613,0.11653354398899918,0.043798823839199516,-0.005778934701834368,0.36147757255936674,0.8709677419354839,0.37856758212170166,0.0,0.0,0.06471383461451485,0.11653354398899918,0.13417595599637205,0.10794843033042117,3,1,0.04136657669688717,1.0,15668.683469136557,epoch_56_original,6,A10_drop_front_triplet,2,R3_ema_K2,"['CAM_FRONT', 'CAM_FRONT_LEFT', 'CAM_FRONT_RIGHT']",ema,"[1, 2]",,False,False,False
0.2268998777153378,0.06438084103827882,0.5211112399953601,0.06324688364964758,1.5894617793759425,0.8495575221238938,0.36655587868716244,0.4164184045018206,0.39848101265822783,0.5285375834589705,54811,0.15178053590070759,0.0,0.5835815954981793,0.1504424778761062,0.36655587868716244,0.4164184045018206,0.12076606075828099,0.020136404899410126,-0.00728965047992125,0.07675231808895175,0.11329892123883534,0.06231875652476512,-0.00728965047992125,0.4164184045018206,0.8495575221238938,0.39848101265822783,0.5211112399953601,0.0,0.06324688364964758,0.11329892123883534,0.15178053590070759,0.12076606075828099,3,1,0.04136657669688717,1.0,15668.683469136557,epoch_56_original,6,A10_drop_front_triplet,4,R3_ema_K2,"['CAM_FRONT', 'CAM_FRONT_LEFT', 'CAM_FRONT_RIGHT']",ema,"[1, 2]",,False,False,False
0.2229887251359937,0.05622579117499182,0.5403681326401574,0.062480249497447946,1.5208655332302936,0.8135593220338984,0.3468996794119947,0.4714134861970131,0.4825371336812525,0.5447265034753702,54120,0.1580160179851061,0.43943279529340773,0.5285865138029868,0.18644067796610164,0.3468996794119947,0.4714134861970131,0.13110045077177418,0.023256301811608537,-0.009670507846430018,0.06355382619974059,0.09088098918083465,0.06758465645637207,-0.009670507846430018,0.4714134861970131,0.8135593220338984,0.4825371336812525,0.5403681326401574,0.43943279529340773,0.062480249497447946,0.09088098918083465,0.1580160179851061,0.13110045077177418,3,1,0.04136657669688717,1.0,15668.683469136557,epoch_56_original,6,A10_drop_front_triplet,6,R3_ema_K2,"['CAM_FRONT', 'CAM_FRONT_LEFT', 'CAM_FRONT_RIGHT']",ema,"[1, 2]",,False,False,False
0.2318920089511297,0.10881905625950182,0.5305704933364508,0.057857256051661976,1.4937748421790975,0.6647727272727273,0.0,0.22500778573653069,0.32798672566371684,0.5418094267987776,51111,0.11816109422492402,0.0,0.7749922142634693,0.3352272727272727,0.0,0.22500778573653069,0.1207506898276454,0.04195502591558245,-0.007096588883166277,0.07547765339617878,0.10483399579144259,0.024257657236380653,-0.007096588883166277,0.22500778573653069,0.6647727272727273,0.32798672566371684,0.0,0.0,0.057857256051661976,0.10483399579144259,0.11816109422492402,0.1207506898276454,3,2,0.0403414624884273,1.0,14993.930946350098,epoch_56_original,6,A10_drop_front_triplet,0,R4_ema_K3,"['CAM_FRONT', 'CAM_FRONT_LEFT', 'CAM_FRONT_RIGHT']",ema,"[1, 2, 3]",,False,False,False
0.23278528406316132,0.08185146120210723,0.4979373299394365,0.06526185127290074,1.6588255946633899,0.8817204301075269,0.3702277682423343,0.34102902374670185,0.3963381798599892,0.5037137905422134,56697,0.13446853330992714,0.0,0.6589709762532981,0.11827956989247312,0.3702277682423343,0.34102902374670185,0.10776740021065434,0.026488346606515993,-0.005230918043448482,0.0836996827095837,0.1281196056057814,0.0440914011527546,-0.005230918043448482,0.34102902374670185,0.8817204301075269,0.3963381798599892,0.0,0.0,0.06526185127290074,0.1281196056057814,0.13446853330992714,0.10776740021065434,3,2,0.0403414624884273,1.0,14993.930946350098,epoch_56_original,6,A10_drop_front_triplet,2,R4_ema_K3,"['CAM_FRONT', 'CAM_FRONT_LEFT', 'CAM_FRONT_RIGHT']",ema,"[1, 2, 3]",,False,False,False
0.22623462280545711,0.07119980256107532,0.5205602598306461,0.06373902588866355,1.5986544484398562,0.7610619469026548,0.36888242625675116,0.41112214498510424,0.40050632911392403,0.5278299129257561,55128,0.1495476162858137,0.0,0.5888778550148958,0.23893805309734517,0.36888242625675116,0.41112214498510424,0.12010080584840031,0.026955366422206625,-0.006797508240905276,0.08297972654408298,0.12249159030274903,0.06008583690987124,-0.006797508240905276,0.41112214498510424,0.7610619469026548,0.40050632911392403,0.5205602598306461,0.0,0.06373902588866355,0.12249159030274903,0.1495476162858137,0.12010080584840031,3,2,0.0403414624884273,1.0,14993.930946350098,epoch_56_original,6,A10_drop_front_triplet,4,R4_ema_K3,"['CAM_FRONT', 'CAM_FRONT_LEFT', 'CAM_FRONT_RIGHT']",ema,"[1, 2, 3]",,False,False,False
0.22059003051881995,0.055833121740929186,0.5429815933679921,0.0631023386249514,1.528818322326823,0.8559322033898306,0.34557041207287514,0.4723186000905114,0.48615014050582095,0.547265034753702,54403,0.1577631024307995,0.4398853522401569,0.5276813999094886,0.14406779661016944,0.34557041207287514,0.4723186000905114,0.12870175615460044,0.022863632377545906,-0.00904841871892656,0.0691152772864835,0.09883377827736406,0.06733174090206548,-0.00904841871892656,0.4723186000905114,0.8559322033898306,0.48615014050582095,0.5429815933679921,0.4398853522401569,0.0631023386249514,0.09883377827736406,0.1577631024307995,0.12870175615460044,3,2,0.0403414624884273,1.0,14993.930946350098,epoch_56_original,6,A10_drop_front_triplet,6,R4_ema_K3,"['CAM_FRONT', 'CAM_FRONT_LEFT', 'CAM_FRONT_RIGHT']",ema,"[1, 2, 3]",,False,False,False
0.21576186654437055,0.09086101025791178,0.5600011690437222,0.058700791041031125,1.479278700023381,0.6306818181818182,0.0,0.26814076611647464,0.30586283185840707,0.5741272340031485,50615,0.11377718026654197,0.0,0.7318592338835254,0.36931818181818177,0.0,0.26814076611647464,0.10462054742088624,0.02399697991399241,-0.006253053893797128,0.06504082147967342,0.090337853635726,0.01987374327799861,-0.006253053893797128,0.26814076611647464,0.6306818181818182,0.30586283185840707,0.0,0.0,0.058700791041031125,0.090337853635726,0.11377718026654197,0.10462054742088624,3,1,0.04389402044541909,1.0,17394.36553700765,epoch_56_original,6,A10_drop_front_triplet,0,R8_camera_group_repair_front_triplet,"['CAM_FRONT', 'CAM_FRONT_LEFT', 'CAM_FRONT_RIGHT']",replace,[1],,False,False,False
0.23642159577485716,0.0795871830804354,0.48790192808449634,0.06578510814250414,1.6781356973580268,0.8387096774193549,0.3873915665445099,0.3565303430079156,0.3672590199246096,0.49476974498638276,57357,0.13645805904210187,0.0,0.6434696569920844,0.16129032258064513,0.3873915665445099,0.3565303430079156,0.11140371192235018,0.02422406848484416,-0.004707661173845079,0.09631484383959632,0.14742970830041835,0.04608092688492933,-0.004707661173845079,0.3565303430079156,0.8387096774193549,0.3672590199246096,0.0,0.0,0.06578510814250414,0.14742970830041835,0.13645805904210187,0.11140371192235018,3,1,0.04389402044541909,1.0,17394.36553700765,epoch_56_original,6,A10_drop_front_triplet,2,R8_camera_group_repair_front_triplet,"['CAM_FRONT', 'CAM_FRONT_LEFT', 'CAM_FRONT_RIGHT']",replace,[1],,False,False,False
0.22966925008186878,0.0667182366348223,0.5118895719754089,0.06408418604958416,1.613385918106948,0.8053097345132744,0.3765267968425426,0.41360476663356505,0.3843037974683544,0.519614781083659,55636,0.15064957661524186,0.0,0.586395233366435,0.19469026548672563,0.3765267968425426,0.41360476663356505,0.12353543312481198,0.022473800495953614,-0.006452348079984668,0.09295929592959296,0.13722305996984097,0.0611877972392994,-0.006452348079984668,0.41360476663356505,0.8053097345132744,0.3843037974683544,0.5118895719754089,0.0,0.06408418604958416,0.13722305996984097,0.15064957661524186,0.12353543312481198,3,1,0.04389402044541909,1.0,17394.36553700765,epoch_56_original,6,A10_drop_front_triplet,4,R8_camera_group_repair_front_triplet,"['CAM_FRONT', 'CAM_FRONT_LEFT', 'CAM_FRONT_RIGHT']",replace,[1],,False,False,False
0.21855892255892256,0.055010418847385265,0.5439651538569622,0.0639709471141517,1.5425881691724042,0.7966101694915254,0.34439752912659316,0.47020666767234875,0.4825371336812525,0.5485947416137806,54893,0.15717296613741746,0.44214813697390254,0.5297933323276512,0.2033898305084746,0.34439752912659316,0.47020666767234875,0.12667064819470306,0.022040929484001985,-0.008179810229726261,0.07874464489250481,0.1126036251229452,0.06674160460868345,-0.008179810229726261,0.47020666767234875,0.7966101694915254,0.4825371336812525,0.5439651538569622,0.44214813697390254,0.0639709471141517,0.1126036251229452,0.15717296613741746,0.12667064819470306,3,1,0.04389402044541909,1.0,17394.36553700765,epoch_56_original,6,A10_drop_front_triplet,6,R8_camera_group_repair_front_triplet,"['CAM_FRONT', 'CAM_FRONT_LEFT', 'CAM_FRONT_RIGHT']",replace,[1],,False,False,False
0.13712536466032627,0.04036236966605285,0.6936520925882628,0.06970306247771482,1.5404196866962825,0.7045454545454546,0.0,0.5524758642167549,0.45298672566371684,0.707071642436028,52707,0.10910100537760112,0.0,0.4475241357832451,0.2954545454545454,0.0,0.5524758642167549,0.0,0.0,0.0,0.0,0.0,0.0,0.0,0.5524758642167549,0.7045454545454546,0.45298672566371684,0.0,0.0,0.06970306247771482,0.0,0.10910100537760112,0.0,0,0,0.0,0.0,0.0,epoch_56_original,6,C4_motion_blur_9,0,R0_degraded_native,[],native,[],,False,False,False
0.17692518212503094,0.05841307112233293,0.6027970391175869,0.07024187012335327,1.6422364609848152,0.6559139784946236,0.2903929118151876,0.38984168865435354,0.4254173397953689,0.6129611289923248,56130,0.11729424500424238,0.0,0.6101583113456465,0.34408602150537637,0.2903929118151876,0.38984168865435354,0.0,0.0,0.0,0.0,0.0,0.0,0.0,0.38984168865435354,0.6559139784946236,0.4254173397953689,0.0,0.0,0.07024187012335327,0.0,0.11729424500424238,0.0,0,0,0.0,0.0,0.0,epoch_56_original,6,C4_motion_blur_9,2,R0_degraded_native,[],native,[],,False,False,False
0.15452433199948368,0.043672607387305,0.6528534972740981,0.0709906922360433,1.5936956269574296,0.7256637168141593,0.2664312422102202,0.5110890433631248,0.5007594936708861,0.6621027045321682,54957,0.10929706530564899,0.0,0.4889109566368752,0.2743362831858407,0.2664312422102202,0.5110890433631248,0.0,0.0,0.0,0.0,0.0,0.0,0.0,0.5110890433631248,0.7256637168141593,0.5007594936708861,0.6528534972740981,0.0,0.0709906922360433,0.0,0.10929706530564899,0.0,0,0,0.0,0.0,0.0,epoch_56_original,6,C4_motion_blur_9,4,R0_degraded_native,[],native,[],,False,False,False
0.15026877552075257,0.036796806281469994,0.6732050021076296,0.06916274414102892,1.5015315441899677,0.7203389830508474,0.24892485729924155,0.5604163523910092,0.5772782015254918,0.68047748564521,53432,0.1143740340030912,0.0,0.4395836476089908,0.2796610169491526,0.24892485729924155,0.5604163523910092,0.0,0.0,0.0,0.0,0.0,0.0,0.0,0.5604163523910092,0.7203389830508474,0.5772782015254918,0.6732050021076296,0.0,0.06916274414102892,0.0,0.1143740340030912,0.0,0,0,0.0,0.0,0.0,epoch_56_original,6,C4_motion_blur_9,6,R0_degraded_native,[],native,[],,False,False,False
0.1428071450685835,0.053348444240544926,0.689940378770166,0.06615064115262205,1.4812368482581248,0.6136363636363636,0.0,0.6256617876051075,0.4081858407079646,0.705651757878816,50682,0.10229132569558101,0.0,0.3743382123948925,0.38636363636363635,0.0,0.6256617876051075,0.005681780408257231,0.01298607457449208,-0.003552421325092772,-0.03841994421993283,-0.05918283843815764,-0.006809679682020106,-0.003552421325092772,0.6256617876051075,0.6136363636363636,0.4081858407079646,0.0,0.0,0.06615064115262205,-0.05918283843815764,0.10229132569558101,0.005681780408257231,6,1,0.038549736142158515,1.0,1801.0634256998699,epoch_56_original,6,C4_motion_blur_9,0,R5_blend_alpha03,"['CAM_FRONT', 'CAM_FRONT_RIGHT', 'CAM_FRONT_LEFT', 'CAM_BACK', 'CAM_BACK_LEFT', 'CAM_BACK_RIGHT']",blend,"[1, 2]",0.3,False,False,False
0.1850875314524332,0.05149182625968333,0.5953948330846426,0.06691250385840042,1.5906258228736945,0.4731182795698925,0.29883564503409565,0.48515831134564646,0.43726440495422725,0.6044503589997524,54366,0.11147195646449574,0.0,0.5148416886543535,0.5268817204301075,0.29883564503409565,0.48515831134564646,0.008162349327402257,-0.0069212448626496045,-0.0033293662649528516,-0.03142704436130411,-0.051610638111120766,-0.005822288539746631,-0.0033293662649528516,0.48515831134564646,0.4731182795698925,0.43726440495422725,0.0,0.0,0.06691250385840042,-0.051610638111120766,0.11147195646449574,0.008162349327402257,6,1,0.038549736142158515,1.0,1801.0634256998699,epoch_56_original,6,C4_motion_blur_9,2,R5_blend_alpha03,"['CAM_FRONT', 'CAM_FRONT_RIGHT', 'CAM_FRONT_LEFT', 'CAM_BACK', 'CAM_BACK_LEFT', 'CAM_BACK_RIGHT']",blend,"[1, 2]",0.3,False,False,False
0.17751729020312584,0.05131252952160925,0.6218826122259599,0.06435502942944529,1.5081487066465606,0.5663716814159292,0.2905276277523889,0.5427010923535254,0.4668354430379747,0.6313959570474754,52007,0.11608282101844333,0.0,0.45729890764647463,0.4336283185840708,0.2905276277523889,0.5427010923535254,0.022992958203642166,0.007639922134304249,-0.006635662806598011,-0.05367833033098604,-0.08554692031086897,0.006785755712794342,-0.006635662806598011,0.5427010923535254,0.5663716814159292,0.4668354430379747,0.6218826122259599,0.0,0.06435502942944529,-0.08554692031086897,0.11608282101844333,0.022992958203642166,6,1,0.038549736142158515,1.0,1801.0634256998699,epoch_56_original,6,C4_motion_blur_9,4,R5_blend_alpha03,"['CAM_FRONT', 'CAM_FRONT_RIGHT', 'CAM_FRONT_LEFT', 'CAM_BACK', 'CAM_BACK_LEFT', 'CAM_BACK_RIGHT']",blend,"[1, 2]",0.3,False,False,False
0.18130943476867187,0.04811538587058759,0.6185190389208937,0.06500004136230901,1.4855135590838837,0.6779661016949152,0.2881382438032684,0.5316035601146477,0.5299076676033722,0.6252342097310366,52862,0.11965715891527329,0.0,0.4683964398853523,0.3220338983050848,0.2881382438032684,0.5316035601146477,0.031040659247919294,0.011318579589117597,-0.004162702778719912,-0.010667764635424465,-0.016017985106083987,0.005283124912182094,-0.004162702778719912,0.5316035601146477,0.6779661016949152,0.5299076676033722,0.6185190389208937,0.0,0.06500004136230901,-0.016017985106083987,0.11965715891527329,0.031040659247919294,6,1,0.038549736142158515,1.0,1801.0634256998699,epoch_56_original,6,C4_motion_blur_9,6,R5_blend_alpha03,"['CAM_FRONT', 'CAM_FRONT_RIGHT', 'CAM_FRONT_LEFT', 'CAM_BACK', 'CAM_BACK_LEFT', 'CAM_BACK_RIGHT']",blend,"[1, 2]",0.3,False,False,False
0.14312124687942784,0.05310803172068255,0.6900280570493337,0.065846902526313,1.4757715688566753,0.5852272727272727,0.0,0.6082217377763937,0.3711283185840708,0.7078124517702257,50495,0.10974397942483048,0.0,0.39177826222360634,0.4147727272727273,0.0,0.6082217377763937,0.005995882219101578,0.012745662054629701,-0.0038561599514018163,-0.04196786005653898,-0.06464811783960722,0.0006429740472293638,-0.0038561599514018163,0.6082217377763937,0.5852272727272727,0.3711283185840708,0.0,0.0,0.065846902526313,-0.06464811783960722,0.10974397942483048,0.005995882219101578,6,1,0.038549736142158515,1.0,2248.0473429361978,epoch_56_original,6,C4_motion_blur_9,0,R6_blend_alpha05,"['CAM_FRONT', 'CAM_FRONT_RIGHT', 'CAM_FRONT_LEFT', 'CAM_BACK', 'CAM_BACK_LEFT', 'CAM_BACK_RIGHT']",blend,"[1, 2]",0.5,False,False,False
0.17902634793229802,0.04814946132158602,0.6097603791801983,0.06656091485768899,1.5700283799994148,0.4946236559139785,0.2885837546968502,0.470811345646438,0.4410339256865913,0.6194293141866799,53662,0.11401737909242517,0.0,0.529188654353562,0.5053763440860215,0.2885837546968502,0.470811345646438,0.0021011658072670747,-0.010263609800746913,-0.003680955265664282,-0.04396935685016925,-0.07220808098540044,-0.003276865911817209,-0.003680955265664282,0.470811345646438,0.4946236559139785,0.4410339256865913,0.0,0.0,0.06656091485768899,-0.07220808098540044,0.11401737909242517,0.0021011658072670747,6,1,0.038549736142158515,1.0,2248.0473429361978,epoch_56_original,6,C4_motion_blur_9,2,R6_blend_alpha05,"['CAM_FRONT', 'CAM_FRONT_RIGHT', 'CAM_FRONT_LEFT', 'CAM_BACK', 'CAM_BACK_LEFT', 'CAM_BACK_RIGHT']",blend,"[1, 2]",0.5,False,False,False
0.17239210968791438,0.04832191313321414,0.6342941654100452,0.06386123570640577,1.487066465607238,0.6194690265486725,0.2793934358122144,0.5334326381992718,0.4779746835443038,0.6437955755207532,51280,0.11701078761164597,0.0,0.4665673618007282,0.38053097345132747,0.2793934358122144,0.5334326381992718,0.017867777688430703,0.004649305745909139,-0.0071294565296375345,-0.06690685444984261,-0.10662916135019151,0.007713722305996984,-0.0071294565296375345,0.5334326381992718,0.6194690265486725,0.4779746835443038,0.6342941654100452,0.0,0.06386123570640577,-0.10662916135019151,0.11701078761164597,0.017867777688430703,6,1,0.038549736142158515,1.0,2248.0473429361978,epoch_56_original,6,C4_motion_blur_9,4,R6_blend_alpha05,"['CAM_FRONT', 'CAM_FRONT_RIGHT', 'CAM_FRONT_LEFT', 'CAM_BACK', 'CAM_BACK_LEFT', 'CAM_BACK_RIGHT']",blend,"[1, 2]",0.5,False,False,False
0.1717809465207737,0.04312708874943339,0.6391176057327526,0.06481142923322551,1.4617113952508078,0.6440677966101694,0.272108843537415,0.5466887916729521,0.527900441589723,0.647537020247809,52015,0.12333848531684699,0.0,0.45331120832704785,0.35593220338983056,0.272108843537415,0.5466887916729521,0.02151217100002112,0.006330282467963397,-0.004351314907803411,-0.02651968857613415,-0.03982014893915986,0.008964451313755797,-0.004351314907803411,0.5466887916729521,0.6440677966101694,0.527900441589723,0.6391176057327526,0.0,0.06481142923322551,-0.03982014893915986,0.12333848531684699,0.02151217100002112,6,1,0.038549736142158515,1.0,2248.0473429361978,epoch_56_original,6,C4_motion_blur_9,6,R6_blend_alpha05,"['CAM_FRONT', 'CAM_FRONT_RIGHT', 'CAM_FRONT_LEFT', 'CAM_BACK', 'CAM_BACK_LEFT', 'CAM_BACK_RIGHT']",blend,"[1, 2]",0.5,False,False,False
0.14396472682163852,0.049719156343064945,0.6879530044423662,0.06594429697714037,1.4795709609539396,0.6136363636363636,0.0,0.5654001868576768,0.39767699115044247,0.7041392721548292,50625,0.10965630114566285,0.0,0.4345998131423232,0.38636363636363635,0.0,0.5654001868576768,0.006839362161312257,0.009356786677012098,-0.003758765500574454,-0.039501394501679096,-0.0608487257423429,0.0005552957680617365,-0.003758765500574454,0.5654001868576768,0.6136363636363636,0.39767699115044247,0.0,0.0,0.06594429697714037,-0.0608487257423429,0.10965630114566285,0.006839362161312257,6,1,0.038549736142158515,1.0,1960.9158986409504,epoch_56_original,6,C4_motion_blur_9,0,R7_blend_alpha07,"['CAM_FRONT', 'CAM_FRONT_RIGHT', 'CAM_FRONT_LEFT', 'CAM_BACK', 'CAM_BACK_LEFT', 'CAM_BACK_RIGHT']",blend,"[1, 2]",0.7,False,False,False
0.18162001685010096,0.0492790978454081,0.6026507504608093,0.0670131936661159,1.585154627110214,0.4946236559139785,0.2907176323236072,0.38967678100263853,0.44749596122778673,0.6115375092844764,54179,0.11442698733140232,0.0,0.6103232189973615,0.5053763440860215,0.2907176323236072,0.38967678100263853,0.004694834725070013,-0.009133973276924834,-0.0032286764572373727,-0.03475859611615892,-0.05708183387460131,-0.0028672576728400595,-0.0032286764572373727,0.38967678100263853,0.4946236559139785,0.44749596122778673,0.0,0.0,0.0670131936661159,-0.05708183387460131,0.11442698733140232,0.004694834725070013,6,1,0.038549736142158515,1.0,1960.9158986409504,epoch_56_original,6,C4_motion_blur_9,2,R7_blend_alpha07,"['CAM_FRONT', 'CAM_FRONT_RIGHT', 'CAM_FRONT_LEFT', 'CAM_BACK', 'CAM_BACK_LEFT', 'CAM_BACK_RIGHT']",blend,"[1, 2]",0.7,False,False,False
0.16764575407654358,0.046513915077802045,0.6383540192553068,0.0659024699595056,1.5188493214244287,0.6017699115044248,0.2741171582883257,0.5105925190334326,0.4982278481012658,0.6469954770622443,52376,0.11486486486486487,0.0,0.4894074809665674,0.3982300884955752,0.2741171582883257,0.5105925190334326,0.013121422077059908,0.0028413076904970427,-0.005088222276537699,-0.04696399002856779,-0.07484630553300087,0.00556779955921588,-0.005088222276537699,0.5105925190334326,0.6017699115044248,0.4982278481012658,0.6383540192553068,0.0,0.0659024699595056,-0.07484630553300087,0.11486486486486487,0.013121422077059908,6,1,0.038549736142158515,1.0,1960.9158986409504,epoch_56_original,6,C4_motion_blur_9,4,R7_blend_alpha07,"['CAM_FRONT', 'CAM_FRONT_RIGHT', 'CAM_FRONT_LEFT', 'CAM_BACK', 'CAM_BACK_LEFT', 'CAM_BACK_RIGHT']",blend,"[1, 2]",0.7,False,False,False
0.16539165031174483,0.04015808858533609,0.6518757903611072,0.06504802164076007,1.4529717577631025,0.6779661016949152,0.260340917976386,0.5429174837833761,0.548775592131674,0.6596857056512542,51704,0.12080932977378109,0.0,0.4570825162166239,0.3220338983050848,0.260340917976386,0.5429174837833761,0.015122874790992252,0.003361282303866092,-0.004114722500268855,-0.032340170684234164,-0.048559786426865204,0.0064352957706898944,-0.004114722500268855,0.5429174837833761,0.6779661016949152,0.548775592131674,0.6518757903611072,0.0,0.06504802164076007,-0.048559786426865204,0.12080932977378109,0.015122874790992252,6,1,0.038549736142158515,1.0,1960.9158986409504,epoch_56_original,6,C4_motion_blur_9,6,R7_blend_alpha07,"['CAM_FRONT', 'CAM_FRONT_RIGHT', 'CAM_FRONT_LEFT', 'CAM_BACK', 'CAM_BACK_LEFT', 'CAM_BACK_RIGHT']",blend,"[1, 2]",0.7,False,False,False
0.24357551155662333,0.09813560159631379,0.5703472059855038,0.043149043223327126,1.193593640402151,0.4772727272727273,0.0,0.16957334163811896,0.353429203539823,0.58243047195728,40840,0.11143909282207154,0.0,0.830426658361881,0.5227272727272727,0.0,0.16957334163811896,0.0,0.0,0.0,0.0,0.0,0.0,0.0,0.16957334163811896,0.4772727272727273,0.353429203539823,0.0,0.0,0.043149043223327126,0.0,0.11143909282207154,0.0,0,0,0.0,0.0,0.0,epoch_56_original,6,A7_drop_all_rear,0,R0_degraded_native,[],native,[],,False,False,False
0.2386550315745053,0.08001423775973601,0.5367038239854882,0.05310479498069562,1.4045759091840018,0.3655913978494624,0.35227536299113976,0.3157981530343008,0.35487345180398494,0.5471960881406289,48007,0.13555106937008105,0.0,0.6842018469656992,0.6344086021505376,0.35227536299113976,0.3157981530343008,0.0,0.0,0.0,0.0,0.0,0.0,0.0,0.3157981530343008,0.3655913978494624,0.35487345180398494,0.0,0.0,0.05310479498069562,0.0,0.13555106937008105,0.0,0,0,0.0,0.0,0.0,epoch_56_original,6,A7_drop_all_rear,2,R0_degraded_native,[],native,[],,False,False,False
0.27775950237746344,0.09464056480515648,0.46131539264586474,0.05349817345866996,1.4780767892355875,0.5575221238938053,0.43585375986705444,0.24975173783515392,0.43493670886075947,0.4629703701424572,50970,0.1520705254610834,0.0,0.7502482621648461,0.4424778761061947,0.43585375986705444,0.24975173783515392,0.0,0.0,0.0,0.0,0.0,0.0,0.0,0.24975173783515392,0.5575221238938053,0.43493670886075947,0.46131539264586474,0.0,0.05349817345866996,0.0,0.1520705254610834,0.0,0,0,0.0,0.0,0.0,epoch_56_original,6,A7_drop_all_rear,4,R0_degraded_native,[],native,[],,False,False,False
0.2765077097100673,0.08145429261849636,0.477926092454686,0.05228692206513737,1.4101728256287762,0.5338983050847458,0.4397138165611072,0.26323729069241214,0.472099558410277,0.47842248413417954,50181,0.14893915975832514,0.0,0.7367627093075879,0.4661016949152542,0.4397138165611072,0.26323729069241214,0.0,0.0,0.0,0.0,0.0,0.0,0.0,0.26323729069241214,0.5338983050847458,0.472099558410277,0.477926092454686,0.0,0.05228692206513737,0.0,0.14893915975832514,0.0,0,0,0.0,0.0,0.0,epoch_56_original,6,A7_drop_all_rear,6,R0_degraded_native,[],native,[],,False,False,False
0.2537208520521989,0.13046384961735732,0.5047721307563827,0.052622379928504534,1.4470890002386065,0.5314685314685315,0.0,0.38841623036649214,0.34048117154811713,0.5146481903315616,48518,0.10352541159627773,0.0,0.6115837696335078,0.46853146853146854,0.0,0.38841623036649214,0.0,0.0,0.0,0.0,0.0,0.0,0.0,0.38841623036649214,0.5314685314685315,0.34048117154811713,0.0,0.0,0.052622379928504534,0.0,0.10352541159627773,0.0,0,0,0.0,0.0,0.0,epoch_56_original,7,A0_clean,0,R0_degraded_native,[],native,[],,False,False,False
0.2666646314471937,0.11816518634546602,0.4821862588179501,0.0524113337138069,1.4596300906989153,0.48936170212765956,0.39410760034158837,0.41629260182876143,0.2990855298547606,0.4927513493159282,49245,0.12985357756832058,0.0,0.5837073981712386,0.5106382978723405,0.39410760034158837,0.41629260182876143,0.0,0.0,0.0,0.0,0.0,0.0,0.0,0.41629260182876143,0.48936170212765956,0.2990855298547606,0.0,0.0,0.0524113337138069,0.0,0.12985357756832058,0.0,0,0,0.0,0.0,0.0,epoch_56_original,7,A0_clean,2,R0_degraded_native,[],native,[],,False,False,False
0.2994506799221137,0.11444850554041458,0.4577456713679624,0.046743103801585154,1.353084508657264,0.7027027027027027,0.4275697722377526,0.31157556270096465,0.38181019332161686,0.46298000245368665,47201,0.13212360967778924,0.0,0.6884244372990354,0.29729729729729726,0.4275697722377526,0.31157556270096465,0.0,0.0,0.0,0.0,0.0,0.0,0.0,0.31157556270096465,0.7027027027027027,0.38181019332161686,0.4577456713679624,0.0,0.046743103801585154,0.0,0.13212360967778924,0.0,0,0,0.0,0.0,0.0,epoch_56_original,7,A0_clean,4,R0_degraded_native,[],native,[],,False,False,False
0.27494257155274104,0.09575122883957003,0.5062024363727594,0.047266551569454765,1.2898001282301452,0.7723577235772358,0.4014111284802907,0.40919282511210764,0.39287113200156676,0.5147840182511332,46269,0.1383770523792267,0.0,0.5908071748878924,0.22764227642276424,0.4014111284802907,0.40919282511210764,0.0,0.0,0.0,0.0,0.0,0.0,0.0,0.40919282511210764,0.7723577235772358,0.39287113200156676,0.5062024363727594,0.0,0.047266551569454765,0.0,0.1383770523792267,0.0,0,0,0.0,0.0,0.0,epoch_56_original,7,A0_clean,6,R0_degraded_native,[],native,[],,False,False,False
0.1982359966924938,0.08766969202344214,0.6138749701741828,0.052398132147898006,1.333929849677881,0.6293706293706294,0.0,0.5294502617801047,0.41736401673640167,0.6257276638825614,44724,0.10316750178954903,0.0,0.4705497382198953,0.3706293706293706,0.0,0.5294502617801047,0.0,0.0,0.0,0.0,0.0,0.0,0.0,0.5294502617801047,0.6293706293706294,0.41736401673640167,0.0,0.0,0.052398132147898006,0.0,0.10316750178954903,0.0,0,0,0.0,0.0,0.0,epoch_56_original,7,A1_drop_cam_front,0,R0_degraded_native,[],native,[],,False,False,False
0.21786974555810065,0.09159609093027163,0.5827553500503883,0.05092517756349565,1.3323552077775802,0.6063829787234043,0.3182643040136635,0.5880299251870325,0.4109736417428725,0.5926321074432032,44951,0.1069417274290118,0.0,0.41197007481296755,0.3936170212765957,0.3182643040136635,0.5880299251870325,0.0,0.0,0.0,0.0,0.0,0.0,0.0,0.5880299251870325,0.6063829787234043,0.4109736417428725,0.0,0.0,0.05092517756349565,0.0,0.1069417274290118,0.0,0,0,0.0,0.0,0.0,epoch_56_original,7,A1_drop_cam_front,2,R0_degraded_native,[],native,[],,False,False,False
0.19441559045596193,0.07547214081661054,0.6405228758169934,0.048944334639969854,1.2084909987386767,0.6396396396396397,0.29132487053755557,0.6755627009646302,0.5065905096660809,0.6498282419335051,42157,0.09058594197913084,0.0,0.3244372990353698,0.36036036036036034,0.29132487053755557,0.6755627009646302,0.0,0.0,0.0,0.0,0.0,0.0,0.0,0.6755627009646302,0.6396396396396397,0.5065905096660809,0.6405228758169934,0.0,0.048944334639969854,0.0,0.09058594197913084,0.0,0,0,0.0,0.0,0.0,epoch_56_original,7,A1_drop_cam_front,4,R0_degraded_native,[],native,[],,False,False,False
0.1655601030771563,0.06006215724610053,0.6955370334234661,0.04981899501263807,1.1434505059515514,0.6747967479674797,0.2658751954032701,0.7213324791800129,0.49862906384645517,0.7105634437006574,41019,0.090820394168316,0.0,0.27866752081998714,0.3252032520325203,0.2658751954032701,0.7213324791800129,0.0,0.0,0.0,0.0,0.0,0.0,0.0,0.7213324791800129,0.6747967479674797,0.49862906384645517,0.6955370334234661,0.0,0.04981899501263807,0.0,0.090820394168316,0.0,0,0,0.0,0.0,0.0,epoch_56_original,7,A1_drop_cam_front,6,R0_degraded_native,[],native,[],,False,False,False
0.28136121336164105,0.11835333178497853,0.4505786208542114,0.052670197469957394,1.5021474588403723,0.5804195804195804,0.0,0.2642342931937173,0.40324267782426776,0.4533029612756264,50364,0.11814006203769983,0.0,0.7357657068062827,0.4195804195804196,0.0,0.2642342931937173,0.08312521666914724,0.030683639761536388,0.000272065322059388,0.12610678830158303,0.16821760916249118,0.014972560248150801,0.000272065322059388,0.2642342931937173,0.5804195804195804,0.40324267782426776,0.0,0.0,0.052670197469957394,0.16821760916249118,0.11814006203769983,0.08312521666914724,1,1,0.0468126694587144,1.0,17988.25009918213,epoch_56_original,7,A1_drop_cam_front,0,R1_replace_tminus1,['CAM_FRONT'],replace,[1],,False,False,False
0.25998706605132427,0.09972749016079989,0.47569506194795186,0.05657619972883011,1.540962712668208,0.5957446808510638,0.36368488471391974,0.3531172069825436,0.3743948359332975,0.4814233714070541,51989,0.14301381231845398,0.0,0.6468827930174563,0.4042553191489362,0.36368488471391974,0.3531172069825436,0.042117320493223614,0.00813139923052826,0.00565102216533446,0.15657048786456362,0.20860750489062774,0.03607208488944218,0.00565102216533446,0.3531172069825436,0.5957446808510638,0.3743948359332975,0.0,0.0,0.05657619972883011,0.20860750489062774,0.14301381231845398,0.042117320493223614,1,1,0.0468126694587144,1.0,17988.25009918213,epoch_56_original,7,A1_drop_cam_front,2,R1_replace_tminus1,['CAM_FRONT'],replace,[1],,False,False,False
0.26960578423136927,0.09090714946265364,0.48477812177502577,0.05251885588878827,1.4262412567366127,0.6486486486486487,0.37766371843636865,0.38762057877813505,0.43233743409490333,0.48837565942829103,49753,0.14198486412108702,0.0,0.612379421221865,0.3513513513513513,0.37766371843636865,0.38762057877813505,0.07519019377540734,0.015435008646043108,0.0035745212488184144,0.1801835994022345,0.21775025799793601,0.05139892214195618,0.0035745212488184144,0.38762057877813505,0.6486486486486487,0.43233743409490333,0.48477812177502577,0.0,0.05251885588878827,0.21775025799793601,0.14198486412108702,0.07519019377540734,1,1,0.0468126694587144,1.0,17988.25009918213,epoch_56_original,7,A1_drop_cam_front,4,R1_replace_tminus1,['CAM_FRONT'],replace,[1],,False,False,False
0.25332818830792975,0.08040234832707649,0.5241825328241295,0.052151286070644086,1.3540824575586095,0.5934959349593496,0.3565845620854282,0.41303651505445227,0.45397571484528004,0.5295530273466815,48575,0.1436456387812561,0.0,0.5869634849455477,0.4065040650406504,0.3565845620854282,0.41303651505445227,0.08776808523077345,0.020340191080975963,0.002332291058006017,0.18420731855969186,0.21063195160705805,0.05282524461294011,0.002332291058006017,0.41303651505445227,0.5934959349593496,0.45397571484528004,0.5241825328241295,0.0,0.052151286070644086,0.21063195160705805,0.1436456387812561,0.08776808523077345,1,1,0.0468126694587144,1.0,17988.25009918213,epoch_56_original,7,A1_drop_cam_front,6,R1_replace_tminus1,['CAM_FRONT'],replace,[1],,False,False,False
0.2640658174097665,0.11757500353275264,0.46581961345740874,0.05655001385059821,1.5570866141732282,0.5664335664335665,0.0,0.32084424083769636,0.4053347280334728,0.4694064793723108,52206,0.12437365783822477,0.0,0.6791557591623036,0.43356643356643354,0.0,0.32084424083769636,0.06582982071727267,0.0299053115093105,0.004151881702700207,0.16729272873624898,0.22315676449534716,0.021206156048675734,0.004151881702700207,0.32084424083769636,0.5664335664335665,0.4053347280334728,0.0,0.0,0.05655001385059821,0.22315676449534716,0.12437365783822477,0.06582982071727267,1,2,0.046413641084324234,1.0,17614.306312561035,epoch_56_original,7,A1_drop_cam_front,0,R2_replace_tminus2,['CAM_FRONT'],replace,[2],,False,False,False
0.25848277455312024,0.10072195803451457,0.4693817060880906,0.058588531031138355,1.5834370739225798,0.5106382978723404,0.363097779675491,0.3512884455527847,0.36955352339967723,0.47502196560813353,53422,0.14612602999585037,0.0,0.6487115544472153,0.4893617021276596,0.363097779675491,0.3512884455527847,0.04061302899501959,0.009125867104242943,0.007663353467642707,0.18844964516918422,0.2510818661449996,0.039184302566838566,0.007663353467642707,0.3512884455527847,0.5106382978723404,0.36955352339967723,0.0,0.0,0.058588531031138355,0.2510818661449996,0.14612602999585037,0.04061302899501959,1,2,0.046413641084324234,1.0,17614.306312561035,epoch_56_original,7,A1_drop_cam_front,2,R2_replace_tminus2,['CAM_FRONT'],replace,[2],,False,False,False
0.2680482069370958,0.09298780889979467,0.4771815158812063,0.054792800058170665,1.4732828804036235,0.6846846846846847,0.3704688144448009,0.3712218649517685,0.44991212653778556,0.479020979020979,51394,0.14485150785460382,0.0,0.6287781350482315,0.3153153153153153,0.3704688144448009,0.3712218649517685,0.07363261648113387,0.017515668083184138,0.005848465418200811,0.21910951917830965,0.2647918816649468,0.05426556587547299,0.005848465418200811,0.3712218649517685,0.6846846846846847,0.44991212653778556,0.4771815158812063,0.0,0.054792800058170665,0.2647918816649468,0.14485150785460382,0.07363261648113387,1,2,0.046413641084324234,1.0,17614.306312561035,epoch_56_original,7,A1_drop_cam_front,4,R2_replace_tminus2,['CAM_FRONT'],replace,[2],,False,False,False
0.25403318077803205,0.0813352555767307,0.5048643826833552,0.056357355324294395,1.4442338248822233,0.6504065040650406,0.3740335459884237,0.39878283151825755,0.4618096357226792,0.5081499714826044,51809,0.15407130711119785,0.0,0.6012171684817424,0.34959349593495936,0.3740335459884237,0.39878283151825755,0.08847307770087576,0.021273098330630173,0.006538360311656326,0.2630488310295229,0.3007833189306719,0.06325091294288185,0.006538360311656326,0.39878283151825755,0.6504065040650406,0.4618096357226792,0.5048643826833552,0.0,0.056357355324294395,0.3007833189306719,0.15407130711119785,0.08847307770087576,1,2,0.046413641084324234,1.0,17614.306312561035,epoch_56_original,7,A1_drop_cam_front,6,R2_replace_tminus2,['CAM_FRONT'],replace,[2],,False,False,False
0.2766553583328285,0.11539295374301906,0.4551717967072298,0.053588624042000294,1.5141672631830112,0.5524475524475524,0.0,0.26652486910994766,0.3865062761506276,0.4592508225765629,50767,0.12133142448103078,0.0,0.7334751308900523,0.4475524475524476,0.0,0.26652486910994766,0.0784193616403347,0.02772326171957691,0.0011904918941022871,0.13511761023164295,0.18023741350513012,0.018163922691481746,0.0011904918941022871,0.26652486910994766,0.5524475524475524,0.3865062761506276,0.0,0.0,0.053588624042000294,0.18023741350513012,0.12133142448103078,0.0784193616403347,1,1,0.045174651186574585,1.0,16821.461708068848,epoch_56_original,7,A1_drop_cam_front,0,R3_ema_K2,['CAM_FRONT'],ema,"[1, 2]",,False,False,False
0.2555641727271397,0.09781918388986564,0.4823344596597309,0.05707268474685862,1.543245005631632,0.5957446808510638,0.35530529461998295,0.35295095594347464,0.385691231845078,0.48779339776578384,52066,0.14182820558420772,0.0,0.6470490440565253,0.4042553191489362,0.35530529461998295,0.35295095594347464,0.03769442716903906,0.006223092959594015,0.006147507183362974,0.1582834642165914,0.21088979785405182,0.034886478155195924,0.006147507183362974,0.35295095594347464,0.5957446808510638,0.385691231845078,0.0,0.0,0.05707268474685862,0.21088979785405182,0.14182820558420772,0.03769442716903906,1,1,0.045174651186574585,1.0,16821.461708068848,epoch_56_original,7,A1_drop_cam_front,2,R3_ema_K2,['CAM_FRONT'],ema,"[1, 2]",,False,False,False
0.26724829820754437,0.09082965319133691,0.48454879027634445,0.053540147674164956,1.444186446508428,0.6036036036036037,0.37408918014756426,0.39614147909967845,0.4367311072056239,0.48782357992884307,50379,0.14476550854259831,0.0,0.6038585209003215,0.39639639639639634,0.37408918014756426,0.39614147909967845,0.07283270775158243,0.015357512374726379,0.004595813034195102,0.1950328533814076,0.23569544776975127,0.05417956656346748,0.004595813034195102,0.39614147909967845,0.6036036036036037,0.4367311072056239,0.48454879027634445,0.0,0.053540147674164956,0.23569544776975127,0.14476550854259831,0.07283270775158243,1,1,0.045174651186574585,1.0,16821.461708068848,epoch_56_original,7,A1_drop_cam_front,4,R3_ema_K2,['CAM_FRONT'],ema,"[1, 2]",,False,False,False
0.2510675764913053,0.0774848401701091,0.5230674880829593,0.05341923138677795,1.3765506090931898,0.5121951219512195,0.3597110144070303,0.4098334401024984,0.45593419506462984,0.5282022033440399,49381,0.14735316254564715,0.0,0.5901665598975017,0.4878048780487805,0.3597110144070303,0.4098334401024984,0.085507473414149,0.01742268292400858,0.0036002363741398785,0.20385674931129477,0.23310010314163843,0.05653276837733115,0.0036002363741398785,0.4098334401024984,0.5121951219512195,0.45593419506462984,0.5230674880829593,0.0,0.05341923138677795,0.23310010314163843,0.14735316254564715,0.085507473414149,1,1,0.045174651186574585,1.0,16821.461708068848,epoch_56_original,7,A1_drop_cam_front,6,R3_ema_K2,['CAM_FRONT'],ema,"[1, 2]",,False,False,False
0.2773342642059252,0.1260384335984506,0.4549928418038654,0.05335778073843475,1.5101706036745406,0.5524475524475524,0.0,0.2663612565445026,0.39905857740585776,0.458301695773222,50633,0.1227332378907182,0.0,0.7336387434554974,0.4475524475524476,0.0,0.2663612565445026,0.07909826751343141,0.038368741575008455,0.000959648590536745,0.13212145604149897,0.1762407539966595,0.01956573610116917,0.000959648590536745,0.2663612565445026,0.5524475524475524,0.39905857740585776,0.0,0.0,0.05335778073843475,0.1762407539966595,0.1227332378907182,0.07909826751343141,1,2,0.044248681176792495,1.0,16203.085975646973,epoch_56_original,7,A1_drop_cam_front,0,R4_ema_K3,['CAM_FRONT'],ema,"[1, 2, 3]",,False,False,False
0.25707072930885183,0.0982273103929392,0.48085245124192305,0.05673289765810821,1.5386211393680715,0.5957446808510638,0.3548783091374893,0.34979218620116376,0.385691231845078,0.4862244257562445,51910,0.14218388760448158,0.0,0.6502078137988363,0.4042553191489362,0.3548783091374893,0.34979218620116376,0.03920098375075118,0.006631219462667565,0.005807720094612563,0.1548130186202754,0.20626593159049134,0.035242160175469786,0.005807720094612563,0.34979218620116376,0.5957446808510638,0.385691231845078,0.0,0.0,0.05673289765810821,0.20626593159049134,0.14218388760448158,0.03920098375075118,1,2,0.044248681176792495,1.0,16203.085975646973,epoch_56_original,7,A1_drop_cam_front,2,R4_ema_K3,['CAM_FRONT'],ema,"[1, 2, 3]",,False,False,False
0.2687070785147308,0.09045827490970082,0.4817968122921683,0.05352692706852901,1.4467090929939228,0.6126126126126126,0.37230191100316207,0.37909967845659165,0.44420035149384884,0.48435774751564226,50467,0.14453617704391697,0.0,0.6209003215434084,0.3873873873873874,0.37230191100316207,0.37909967845659165,0.07429148805876887,0.014986134093090284,0.004582592428559157,0.1971202884455725,0.2382180942552461,0.053950235064786134,0.004582592428559157,0.37909967845659165,0.6126126126126126,0.44420035149384884,0.4817968122921683,0.0,0.05352692706852901,0.2382180942552461,0.14453617704391697,0.07429148805876887,1,2,0.044248681176792495,1.0,16203.085975646973,epoch_56_original,7,A1_drop_cam_front,4,R4_ema_K3,['CAM_FRONT'],ema,"[1, 2, 3]",,False,False,False
0.2521980835344891,0.07712079201094531,0.5194435926741561,0.05376684041600525,1.386028489393137,0.5121951219512195,0.36114749250073935,0.40887251761691223,0.45397571484528004,0.5244499144478132,49721,0.15167396091768182,0.0,0.5911274823830878,0.4878048780487805,0.36114749250073935,0.40887251761691223,0.08663798045733279,0.01705863476484478,0.003947845403367178,0.21214559106755407,0.24257798344158554,0.06085356674936582,0.003947845403367178,0.40887251761691223,0.5121951219512195,0.45397571484528004,0.5194435926741561,0.0,0.05376684041600525,0.24257798344158554,0.15167396091768182,0.08663798045733279,1,2,0.044248681176792495,1.0,16203.085975646973,epoch_56_original,7,A1_drop_cam_front,6,R4_ema_K3,['CAM_FRONT'],ema,"[1, 2, 3]",,False,False,False
0.12971226996472437,0.07197352516548255,0.7269148174659986,0.06110587133453812,1.3784001431639228,0.7902097902097902,0.0,0.7428010471204188,0.42782426778242677,0.7450012655024044,46215,0.08425793366738249,0.0,0.25719895287958117,0.2097902097902098,0.0,0.7428010471204188,0.0,0.0,0.0,0.0,0.0,0.0,0.0,0.7428010471204188,0.7902097902097902,0.42782426778242677,0.0,0.0,0.06110587133453812,0.0,0.08425793366738249,0.0,0,0,0.0,0.0,0.0,epoch_56_original,7,A10_drop_front_triplet,0,R0_degraded_native,[],native,[],,False,False,False
0.14420889061546147,0.07642440711127789,0.6919200901061118,0.06323668644909297,1.444424684332207,0.723404255319149,0.23953885567890693,0.826766417290108,0.4437869822485207,0.7063825781348061,48732,0.0853933250340862,0.0,0.17323358270989198,0.276595744680851,0.23953885567890693,0.826766417290108,0.0,0.0,0.0,0.0,0.0,0.0,0.0,0.826766417290108,0.723404255319149,0.4437869822485207,0.0,0.0,0.06323668644909297,0.0,0.0853933250340862,0.0,0,0,0.0,0.0,0.0,epoch_56_original,7,A10_drop_front_triplet,2,R0_degraded_native,[],native,[],,False,False,False
0.12658555174478742,0.061354557588141824,0.7333734663456025,0.06377620158779473,1.3729216832932003,0.8648648648648649,0.20709408368085788,0.8699356913183279,0.5149384885764499,0.7485891301680775,47893,0.08413599357871804,0.0,0.13006430868167207,0.1351351351351351,0.20709408368085788,0.8699356913183279,0.0,0.0,0.0,0.0,0.0,0.0,0.0,0.8699356913183279,0.8648648648648649,0.5149384885764499,0.7333734663456025,0.0,0.06377620158779473,0.0,0.08413599357871804,0.0,0,0,0.0,0.0,0.0,epoch_56_original,7,A10_drop_front_triplet,4,R0_degraded_native,[],native,[],,False,False,False
0.11219381966228392,0.050787190383294045,0.7657012237616034,0.06462548437662942,1.3226381958576088,0.8617886178861789,0.20068443956229667,0.8444907110826393,0.5534665099882491,0.7820070242848137,47447,0.08332171828394615,0.06566303651505445,0.1555092889173607,0.1382113821138211,0.20068443956229667,0.8444907110826393,0.0,0.0,0.0,0.0,0.0,0.0,0.0,0.8444907110826393,0.8617886178861789,0.5534665099882491,0.7657012237616034,0.06566303651505445,0.06462548437662942,0.0,0.08332171828394615,0.0,0,0,0.0,0.0,0.0,epoch_56_original,7,A10_drop_front_triplet,6,R0_degraded_native,[],native,[],,False,False,False
0.2554860749232818,0.10314894958069544,0.47357432593653065,0.05862760358268807,1.5869124314006204,0.7832167832167832,0.0,0.2693062827225131,0.41631799163179917,0.47693621867881547,53206,0.12968265330470055,0.0,0.7306937172774869,0.21678321678321677,0.0,0.2693062827225131,0.12577380495855742,0.031175424415212885,-0.0024782677518500468,0.1512712322838905,0.20851228823669765,0.04542471963731806,-0.0024782677518500468,0.2693062827225131,0.7832167832167832,0.41631799163179917,0.0,0.0,0.05862760358268807,0.20851228823669765,0.12968265330470055,0.12577380495855742,3,1,0.0448751040931904,1.0,17585.033383687336,epoch_56_original,7,A10_drop_front_triplet,0,R1_replace_tminus1,"['CAM_FRONT', 'CAM_FRONT_LEFT', 'CAM_FRONT_RIGHT']",replace,[1],,False,False,False
0.2296712019719526,0.0858007672581928,0.5111743434702709,0.06279298389145287,1.6171972256802418,0.8085106382978723,0.32915243381725023,0.35328345802161265,0.3808499193114578,0.5186707669135182,54561,0.14769695891872667,0.0,0.6467165419783873,0.19148936170212771,0.32915243381725023,0.35328345802161265,0.08546231135649113,0.009376360146914911,-0.0004437025576401049,0.11961339571534105,0.17277254134803477,0.06230363388464047,-0.0004437025576401049,0.35328345802161265,0.8085106382978723,0.3808499193114578,0.0,0.0,0.06279298389145287,0.17277254134803477,0.14769695891872667,0.08546231135649113,3,1,0.0448751040931904,1.0,17585.033383687336,epoch_56_original,7,A10_drop_front_triplet,2,R1_replace_tminus1,"['CAM_FRONT', 'CAM_FRONT_LEFT', 'CAM_FRONT_RIGHT']",replace,[1],,False,False,False
0.24032483187412765,0.07662753857330427,0.5113519091847265,0.05956709126845101,1.5219298245614035,0.7837837837837838,0.3515879198936804,0.3692926045016077,0.4024604569420035,0.5188933873144399,53091,0.155458089668616,0.0,0.6307073954983923,0.21621621621621623,0.3515879198936804,0.3692926045016077,0.11373928012934023,0.01527298098516245,-0.004209110319343727,0.10853360616374,0.14900814126820316,0.07132209608989795,-0.004209110319343727,0.3692926045016077,0.7837837837837838,0.4024604569420035,0.5113519091847265,0.0,0.05956709126845101,0.14900814126820316,0.155458089668616,0.11373928012934023,3,1,0.0448751040931904,1.0,17585.033383687336,epoch_56_original,7,A10_drop_front_triplet,4,R1_replace_tminus1,"['CAM_FRONT', 'CAM_FRONT_LEFT', 'CAM_FRONT_RIGHT']",replace,[1],,False,False,False
0.2277511026743342,0.06882433382611469,0.5451453739581301,0.059211059926141354,1.452011261951886,0.5203252032520326,0.34069880434323374,0.41319666880204997,0.43869956913435176,0.5533575481043437,52088,0.15384829816296378,0.4910313901345291,0.58680333119795,0.4796747967479674,0.34069880434323374,0.41319666880204997,0.11555728301205029,0.018037143442820647,-0.0054144244504880645,0.09781440343962737,0.12937306609427712,0.07052657987901763,-0.0054144244504880645,0.41319666880204997,0.5203252032520326,0.43869956913435176,0.5451453739581301,0.4910313901345291,0.059211059926141354,0.12937306609427712,0.15384829816296378,0.11555728301205029,3,1,0.0448751040931904,1.0,17585.033383687336,epoch_56_original,7,A10_drop_front_triplet,6,R1_replace_tminus1,"['CAM_FRONT', 'CAM_FRONT_LEFT', 'CAM_FRONT_RIGHT']",replace,[1],,False,False,False
0.23551732861118138,0.09266854515586258,0.5001789549033644,0.06204078671397855,1.6220472440944882,0.7342657342657343,0.0,0.3367146596858639,0.4089958158995816,0.5056314856998229,54384,0.1332319255547602,0.0,0.6632853403141361,0.26573426573426573,0.0,0.3367146596858639,0.105805058646457,0.020695019990380023,0.0009349153794404319,0.17676079195066538,0.2436471009305654,0.04897399188737772,0.0009349153794404319,0.3367146596858639,0.7342657342657343,0.4089958158995816,0.0,0.0,0.06204078671397855,0.2436471009305654,0.1332319255547602,0.105805058646457,3,2,0.04389402044541909,1.0,17394.36553700765,epoch_56_original,7,A10_drop_front_triplet,0,R2_replace_tminus2,"['CAM_FRONT', 'CAM_FRONT_LEFT', 'CAM_FRONT_RIGHT']",replace,[2],,False,False,False
0.22968702772511196,0.08463677796336194,0.5044756654217796,0.06440779728896087,1.6529136285494102,0.851063829787234,0.3242954739538856,0.3574397339983375,0.3986013986013986,0.5104807330237229,55766,0.15217262434050624,0.0,0.6425602660016625,0.14893617021276595,0.3242954739538856,0.3574397339983375,0.08547813710965049,0.008212370852084053,0.0011711108398679004,0.144340474431585,0.2084889442172031,0.06677929930642004,0.0011711108398679004,0.3574397339983375,0.851063829787234,0.3986013986013986,0.0,0.0,0.06440779728896087,0.2084889442172031,0.15217262434050624,0.08547813710965049,3,2,0.04389402044541909,1.0,17394.36553700765,epoch_56_original,7,A10_drop_front_triplet,2,R2_replace_tminus2,"['CAM_FRONT', 'CAM_FRONT_LEFT', 'CAM_FRONT_RIGHT']",replace,[2],,False,False,False
0.2386632872334564,0.0804356394416519,0.5033253067308795,0.06232193496784088,1.5777433780529755,0.8198198198198198,0.33948948260849643,0.3803858520900322,0.4507908611599297,0.5069316648264016,55038,0.15270611168443987,0.0,0.6196141479099678,0.18018018018018023,0.33948948260849643,0.3803858520900322,0.11207773548866898,0.019081081853510075,-0.0014542666199538548,0.14918672874950412,0.20482169475977519,0.06857011810572183,-0.0014542666199538548,0.3803858520900322,0.8198198198198198,0.4507908611599297,0.5033253067308795,0.0,0.06232193496784088,0.20482169475977519,0.15270611168443987,0.11207773548866898,3,2,0.04389402044541909,1.0,17394.36553700765,epoch_56_original,7,A10_drop_front_triplet,4,R2_replace_tminus2,"['CAM_FRONT', 'CAM_FRONT_LEFT', 'CAM_FRONT_RIGHT']",replace,[2],,False,False,False
0.22534455944655976,0.06841951114496458,0.5314581997602654,0.06408420745968976,1.54776572909988,0.7235772357723578,0.34116354725590436,0.40935297885970534,0.46337641989815903,0.5366673670939273,55523,0.15908900844646393,0.4892696989109545,0.5906470211402947,0.2764227642276422,0.34116354725590436,0.40935297885970534,0.11315073978427584,0.01763232076167054,-0.0005412769169396564,0.17021097224271292,0.2251275332422713,0.07576729016251778,-0.0005412769169396564,0.40935297885970534,0.7235772357723578,0.46337641989815903,0.5314581997602654,0.4892696989109545,0.06408420745968976,0.2251275332422713,0.15908900844646393,0.11315073978427584,3,2,0.04389402044541909,1.0,17394.36553700765,epoch_56_original,7,A10_drop_front_triplet,6,R2_replace_tminus2,"['CAM_FRONT', 'CAM_FRONT_LEFT', 'CAM_FRONT_RIGHT']",replace,[2],,False,False,False
0.2539464853666365,0.10123730599913229,0.4808518253400143,0.05773391022174148,1.5634693390598902,0.7132867132867133,0.0,0.2905759162303665,0.41631799163179917,0.48468742090609973,52420,0.13344070627535196,0.0,0.7094240837696335,0.28671328671328666,0.0,0.2905759162303665,0.12423421540191212,0.029263780833649736,-0.00337196111279664,0.1342637671751596,0.18506919589596738,0.049182772607969466,-0.00337196111279664,0.2905759162303665,0.7132867132867133,0.41631799163179917,0.0,0.0,0.05773391022174148,0.18506919589596738,0.13344070627535196,0.12423421540191212,3,1,0.04166154597293247,1.0,15824.492510477701,epoch_56_original,7,A10_drop_front_triplet,0,R3_ema_K2,"['CAM_FRONT', 'CAM_FRONT_LEFT', 'CAM_FRONT_RIGHT']",ema,"[1, 2]",,False,False,False
0.2286526987650895,0.08480734747922963,0.511559665658901,0.06322678973777014,1.6246072677692809,0.7978723404255319,0.32819171648163964,0.3632585203657523,0.3851533082302313,0.5187649052340906,54811,0.15134269962653388,0.0,0.6367414796342477,0.2021276595744681,0.32819171648163964,0.3632585203657523,0.08444380814962804,0.008382940367951744,-9.896711322829321e-06,0.12474349503406386,0.18018258343707383,0.06594937459244768,-9.896711322829321e-06,0.3632585203657523,0.7978723404255319,0.3851533082302313,0.0,0.0,0.06322678973777014,0.18018258343707383,0.15134269962653388,0.08444380814962804,3,1,0.04166154597293247,1.0,15824.492510477701,epoch_56_original,7,A10_drop_front_triplet,2,R3_ema_K2,"['CAM_FRONT', 'CAM_FRONT_LEFT', 'CAM_FRONT_RIGHT']",ema,"[1, 2]",,False,False,False
0.24527392112092805,0.07911452466288758,0.5042139662882696,0.05887961977538191,1.5171425295264305,0.7657657657657657,0.352504468172861,0.38810289389067526,0.42926186291739893,0.5093853514906147,52924,0.15904139433551198,0.0,0.6118971061093248,0.23423423423423428,0.352504468172861,0.38810289389067526,0.11868836937614063,0.01775996707474576,-0.004896581812412822,0.10504666652746748,0.14422084623323017,0.07490540075679394,-0.004896581812412822,0.38810289389067526,0.7657657657657657,0.42926186291739893,0.5042139662882696,0.0,0.05887961977538191,0.14422084623323017,0.15904139433551198,0.11868836937614063,3,1,0.04166154597293247,1.0,15824.492510477701,epoch_56_original,7,A10_drop_front_triplet,4,R3_ema_K2,"['CAM_FRONT', 'CAM_FRONT_LEFT', 'CAM_FRONT_RIGHT']",ema,"[1, 2]",,False,False,False
0.22943524274410002,0.06817063298232816,0.5400997965043347,0.05964639885322126,1.4643882585788754,0.6504065040650406,0.34167053952427223,0.4072709801409353,0.46102624363493927,0.5462732266682676,52532,0.1609845845064533,0.49151185137732223,0.5927290198590647,0.34959349593495936,0.34167053952427223,0.4072709801409353,0.11724142308181609,0.017383442599034113,-0.004979085523408158,0.10717221320631441,0.14175006272126667,0.07766286622250716,-0.004979085523408158,0.4072709801409353,0.6504065040650406,0.46102624363493927,0.5400997965043347,0.49151185137732223,0.05964639885322126,0.14175006272126667,0.1609845845064533,0.11724142308181609,3,1,0.04166154597293247,1.0,15824.492510477701,epoch_56_original,7,A10_drop_front_triplet,6,R3_ema_K2,"['CAM_FRONT', 'CAM_FRONT_LEFT', 'CAM_FRONT_RIGHT']",ema,"[1, 2]",,False,False,False
0.25386342430604153,0.10124212426997868,0.4806430446194226,0.05781635425872918,1.5651694106418517,0.7062937062937062,0.0,0.2904123036649215,0.4273012552301255,0.48376993166287013,52477,0.1335898353614889,0.0,0.7095876963350785,0.29370629370629375,0.0,0.2904123036649215,0.12415115434131715,0.029268599104496126,-0.003289517075808941,0.1354971329654874,0.18676926747792888,0.04933190169410642,-0.003289517075808941,0.2904123036649215,0.7062937062937062,0.4273012552301255,0.0,0.0,0.05781635425872918,0.18676926747792888,0.1335898353614889,0.12415115434131715,3,2,0.040317850243864646,1.0,15056.398577372232,epoch_56_original,7,A10_drop_front_triplet,0,R4_ema_K3,"['CAM_FRONT', 'CAM_FRONT_LEFT', 'CAM_FRONT_RIGHT']",ema,"[1, 2, 3]",,False,False,False
0.2297896674849364,0.08312921738644487,0.5116782263323255,0.06260989473198056,1.6134032841306538,0.8404255319148937,0.323334756618275,0.3745635910224439,0.38784292630446476,0.5187335257938999,54433,0.1569446914458474,0.0,0.6254364089775561,0.15957446808510634,0.323334756618275,0.3745635910224439,0.08558077686947493,0.006704810275166978,-0.0006267917171124127,0.11698678486415497,0.16897859979844676,0.07155136641176121,-0.0006267917171124127,0.3745635910224439,0.8404255319148937,0.38784292630446476,0.0,0.0,0.06260989473198056,0.16897859979844676,0.1569446914458474,0.08558077686947493,3,2,0.040317850243864646,1.0,15056.398577372232,epoch_56_original,7,A10_drop_front_triplet,2,R4_ema_K3,"['CAM_FRONT', 'CAM_FRONT_LEFT', 'CAM_FRONT_RIGHT']",ema,"[1, 2, 3]",,False,False,False
0.24422207692526365,0.0775004448754882,0.5074532737071437,0.05861686023836752,1.5093452585712648,0.7477477477477478,0.3432931579670959,0.37829581993569134,0.4266256590509666,0.5130352104036314,52652,0.15998738676757251,0.0,0.6217041800643086,0.25225225225225223,0.3432931579670959,0.37829581993569134,0.11763652518047624,0.016145887287346374,-0.005159341349427214,0.09936733969473618,0.13642357527806448,0.07585139318885448,-0.005159341349427214,0.37829581993569134,0.7477477477477478,0.4266256590509666,0.5074532737071437,0.0,0.05861686023836752,0.13642357527806448,0.15998738676757251,0.11763652518047624,3,2,0.040317850243864646,1.0,15056.398577372232,epoch_56_original,7,A10_drop_front_triplet,4,R4_ema_K3,"['CAM_FRONT', 'CAM_FRONT_LEFT', 'CAM_FRONT_RIGHT']",ema,"[1, 2, 3]",,False,False,False
0.22861272881426606,0.06628450142064855,0.5414936024307976,0.059712610096883605,1.4641094973935829,0.6097560975609756,0.3376568507330263,0.40903267136450994,0.4500587544065805,0.5486146549395131,52522,0.16538901123407576,0.4913516976297245,0.5909673286354901,0.3902439024390244,0.3376568507330263,0.40903267136450994,0.11641890915198214,0.015497311037354508,-0.004912874279745814,0.10696145172508273,0.1414713015359741,0.08206729295012961,-0.004912874279745814,0.40903267136450994,0.6097560975609756,0.4500587544065805,0.5414936024307976,0.4913516976297245,0.059712610096883605,0.1414713015359741,0.16538901123407576,0.11641890915198214,3,2,0.040317850243864646,1.0,15056.398577372232,epoch_56_original,7,A10_drop_front_triplet,6,R4_ema_K3,"['CAM_FRONT', 'CAM_FRONT_LEFT', 'CAM_FRONT_RIGHT']",ema,"[1, 2, 3]",,False,False,False
0.2554860749232818,0.10314894958069544,0.47357432593653065,0.05862760358268807,1.5869124314006204,0.7832167832167832,0.0,0.2693062827225131,0.41631799163179917,0.47693621867881547,53206,0.12968265330470055,0.0,0.7306937172774869,0.21678321678321677,0.0,0.2693062827225131,0.12577380495855742,0.031175424415212885,-0.0024782677518500468,0.1512712322838905,0.20851228823669765,0.04542471963731806,-0.0024782677518500468,0.2693062827225131,0.7832167832167832,0.41631799163179917,0.0,0.0,0.05862760358268807,0.20851228823669765,0.12968265330470055,0.12577380495855742,3,1,0.0448751040931904,1.0,17585.033383687336,epoch_56_original,7,A10_drop_front_triplet,0,R8_camera_group_repair_front_triplet,"['CAM_FRONT', 'CAM_FRONT_LEFT', 'CAM_FRONT_RIGHT']",replace,[1],,False,False,False
0.2296712019719526,0.0858007672581928,0.5111743434702709,0.06279298389145287,1.6171972256802418,0.8085106382978723,0.32915243381725023,0.35328345802161265,0.3808499193114578,0.5186707669135182,54561,0.14769695891872667,0.0,0.6467165419783873,0.19148936170212771,0.32915243381725023,0.35328345802161265,0.08546231135649113,0.009376360146914911,-0.0004437025576401049,0.11961339571534105,0.17277254134803477,0.06230363388464047,-0.0004437025576401049,0.35328345802161265,0.8085106382978723,0.3808499193114578,0.0,0.0,0.06279298389145287,0.17277254134803477,0.14769695891872667,0.08546231135649113,3,1,0.0448751040931904,1.0,17585.033383687336,epoch_56_original,7,A10_drop_front_triplet,2,R8_camera_group_repair_front_triplet,"['CAM_FRONT', 'CAM_FRONT_LEFT', 'CAM_FRONT_RIGHT']",replace,[1],,False,False,False
0.24032483187412765,0.07662753857330427,0.5113519091847265,0.05956709126845101,1.5219298245614035,0.7837837837837838,0.3515879198936804,0.3692926045016077,0.4024604569420035,0.5188933873144399,53091,0.155458089668616,0.0,0.6307073954983923,0.21621621621621623,0.3515879198936804,0.3692926045016077,0.11373928012934023,0.01527298098516245,-0.004209110319343727,0.10853360616374,0.14900814126820316,0.07132209608989795,-0.004209110319343727,0.3692926045016077,0.7837837837837838,0.4024604569420035,0.5113519091847265,0.0,0.05956709126845101,0.14900814126820316,0.155458089668616,0.11373928012934023,3,1,0.0448751040931904,1.0,17585.033383687336,epoch_56_original,7,A10_drop_front_triplet,4,R8_camera_group_repair_front_triplet,"['CAM_FRONT', 'CAM_FRONT_LEFT', 'CAM_FRONT_RIGHT']",replace,[1],,False,False,False
0.2277511026743342,0.06882433382611469,0.5451453739581301,0.059211059926141354,1.452011261951886,0.5203252032520326,0.34069880434323374,0.41319666880204997,0.43869956913435176,0.5533575481043437,52088,0.15384829816296378,0.4910313901345291,0.58680333119795,0.4796747967479674,0.34069880434323374,0.41319666880204997,0.11555728301205029,0.018037143442820647,-0.0054144244504880645,0.09781440343962737,0.12937306609427712,0.07052657987901763,-0.0054144244504880645,0.41319666880204997,0.5203252032520326,0.43869956913435176,0.5451453739581301,0.4910313901345291,0.059211059926141354,0.12937306609427712,0.15384829816296378,0.11555728301205029,3,1,0.0448751040931904,1.0,17585.033383687336,epoch_56_original,7,A10_drop_front_triplet,6,R8_camera_group_repair_front_triplet,"['CAM_FRONT', 'CAM_FRONT_LEFT', 'CAM_FRONT_RIGHT']",replace,[1],,False,False,False
0.15839973757227013,0.04413292712531537,0.6543486041517538,0.06535338812014405,1.5277976616559295,0.958041958041958,0.0,0.43226439790575916,0.4246861924686193,0.6682169071121236,51224,0.1171259842519685,0.0,0.5677356020942408,0.04195804195804198,0.0,0.43226439790575916,0.0,0.0,0.0,0.0,0.0,0.0,0.0,0.43226439790575916,0.958041958041958,0.4246861924686193,0.0,0.0,0.06535338812014405,0.0,0.1171259842519685,0.0,0,0,0.0,0.0,0.0,epoch_56_original,7,C4_motion_blur_9,0,R0_degraded_native,[],native,[],,False,False,False
0.18613607188703465,0.05394301997309384,0.5874088564823048,0.06770340215946241,1.6292014938644852,0.9042553191489362,0.2972886421861657,0.458187863674148,0.40882194728348575,0.5979038533952554,54966,0.1369672179737981,0.0,0.541812136325852,0.0957446808510638,0.2972886421861657,0.458187863674148,0.0,0.0,0.0,0.0,0.0,0.0,0.0,0.458187863674148,0.9042553191489362,0.40882194728348575,0.0,0.0,0.06770340215946241,0.0,0.1369672179737981,0.0,0,0,0.0,0.0,0.0,epoch_56_original,7,C4_motion_blur_9,2,R0_degraded_native,[],native,[],,False,False,False
0.18208634658256756,0.04552068066850476,0.6160130718954249,0.06392162824979013,1.492804724228873,1.0,0.28770450483479215,0.5127009646302251,0.5228471001757469,0.6224696356275303,52075,0.11985437449833734,0.0,0.4872990353697749,0.0,0.28770450483479215,0.5127009646302251,0.0,0.0,0.0,0.0,0.0,0.0,0.0,0.5127009646302251,1.0,0.5228471001757469,0.6160130718954249,0.0,0.06392162824979013,0.0,0.11985437449833734,0.0,0,0,0.0,0.0,0.0,epoch_56_original,7,C4_motion_blur_9,4,R0_degraded_native,[],native,[],,False,False,False
0.166540119857906,0.04033602537109646,0.6575976361051488,0.06270370302932993,1.3983776099015972,0.967479674796748,0.27571929528074696,0.5770339525944908,0.5471993732863298,0.6661063248581635,50164,0.1134279262955426,0.0,0.42296604740550925,0.03252032520325199,0.27571929528074696,0.5770339525944908,0.0,0.0,0.0,0.0,0.0,0.0,0.0,0.5770339525944908,0.967479674796748,0.5471993732863298,0.6575976361051488,0.0,0.06270370302932993,0.0,0.1134279262955426,0.0,0,0,0.0,0.0,0.0,epoch_56_original,7,C4_motion_blur_9,6,R0_degraded_native,[],native,[],,False,False,False
0.17160624126422683,0.05253368909871881,0.6411357671200191,0.060325950744634545,1.4500715819613457,0.9020979020979021,0.0,0.47153141361256545,0.44926778242677823,0.652714502657555,48618,0.10600095442615128,0.0,0.5284685863874345,0.09790209790209792,0.0,0.47153141361256545,0.013206503691956695,0.00840076197340344,-0.005027437375509501,-0.05087459003592066,-0.07772607969458378,-0.011125029825817229,-0.005027437375509501,0.47153141361256545,0.9020979020979021,0.44926778242677823,0.0,0.0,0.060325950744634545,-0.07772607969458378,0.10600095442615128,0.013206503691956695,6,1,0.040791626285874474,1.0,2521.392349243164,epoch_56_original,7,C4_motion_blur_9,0,R5_blend_alpha03,"['CAM_FRONT', 'CAM_FRONT_RIGHT', 'CAM_FRONT_LEFT', 'CAM_BACK', 'CAM_BACK_LEFT', 'CAM_BACK_RIGHT']",blend,"[1, 2]",0.3,False,False,False
0.1762434858530463,0.04655124247116394,0.6170786650068172,0.06525891446272404,1.555604955836149,0.851063829787234,0.295100341588386,0.5812136325852036,0.48735879505110274,0.624639136437806,52483,0.11752326753215958,0.0,0.41878636741479636,0.14893617021276595,0.295100341588386,0.5812136325852036,-0.009892586033988349,-0.007391777501929903,-0.0024444876967383705,-0.045173379907579234,-0.0735965380283361,-0.01944395044163852,-0.0024444876967383705,0.5812136325852036,0.851063829787234,0.48735879505110274,0.0,0.0,0.06525891446272404,-0.0735965380283361,0.11752326753215958,-0.009892586033988349,6,1,0.040791626285874474,1.0,2521.392349243164,epoch_56_original,7,C4_motion_blur_9,2,R5_blend_alpha03,"['CAM_FRONT', 'CAM_FRONT_RIGHT', 'CAM_FRONT_LEFT', 'CAM_BACK', 'CAM_BACK_LEFT', 'CAM_BACK_RIGHT']",blend,"[1, 2]",0.3,False,False,False
0.201598981180133,0.0553166487869086,0.5915892672858617,0.059139074160987314,1.4342678591904598,0.9009009009009009,0.32386233444846707,0.48118971061093246,0.5338312829525483,0.5956937799043063,50033,0.12145969498910675,0.0,0.5188102893890676,0.09909909909909909,0.32386233444846707,0.48118971061093246,0.019512634597565442,0.009795968118403837,-0.004782554088802814,-0.03921267402784445,-0.058536865038413044,0.0016053204907694046,-0.004782554088802814,0.48118971061093246,0.9009009009009009,0.5338312829525483,0.5915892672858617,0.0,0.059139074160987314,-0.058536865038413044,0.12145969498910675,0.019512634597565442,6,1,0.040791626285874474,1.0,2521.392349243164,epoch_56_original,7,C4_motion_blur_9,4,R5_blend_alpha03,"['CAM_FRONT', 'CAM_FRONT_RIGHT', 'CAM_FRONT_LEFT', 'CAM_BACK', 'CAM_BACK_LEFT', 'CAM_BACK_RIGHT']",blend,"[1, 2]",0.3,False,False,False
0.1906366154831345,0.05192472811239113,0.6182644328603685,0.05952390805244592,1.3841607894516768,0.8861788617886179,0.2995479318940386,0.5190582959641256,0.5503329416372895,0.6235403596193678,49654,0.11788810526022357,0.0,0.48094170403587444,0.11382113821138207,0.2995479318940386,0.5190582959641256,0.024096495625228476,0.01158870274129467,-0.003179794976884004,-0.01016665337692369,-0.014216820449920453,0.004460178964680969,-0.003179794976884004,0.5190582959641256,0.8861788617886179,0.5503329416372895,0.6182644328603685,0.0,0.05952390805244592,-0.014216820449920453,0.11788810526022357,0.024096495625228476,6,1,0.040791626285874474,1.0,2521.392349243164,epoch_56_original,7,C4_motion_blur_9,6,R5_blend_alpha03,"['CAM_FRONT', 'CAM_FRONT_RIGHT', 'CAM_FRONT_LEFT', 'CAM_BACK', 'CAM_BACK_LEFT', 'CAM_BACK_RIGHT']",blend,"[1, 2]",0.3,False,False,False
0.1642320238264076,0.052217169986428946,0.6546170365068003,0.06097890751757707,1.4484013361966117,0.916083916083916,0.0,0.4666230366492147,0.46705020920502094,0.6659390027841053,48562,0.10379384395132427,0.0,0.5333769633507853,0.08391608391608396,0.0,0.4666230366492147,0.005832286254137481,0.008084242861113575,-0.0043744806025669755,-0.05196782758082149,-0.07939632545931774,-0.013332140300644238,-0.0043744806025669755,0.4666230366492147,0.916083916083916,0.46705020920502094,0.0,0.0,0.06097890751757707,-0.07939632545931774,0.10379384395132427,0.005832286254137481,6,1,0.040791626285874474,1.0,2896.4283345540366,epoch_56_original,7,C4_motion_blur_9,0,R6_blend_alpha05,"['CAM_FRONT', 'CAM_FRONT_RIGHT', 'CAM_FRONT_LEFT', 'CAM_BACK', 'CAM_BACK_LEFT', 'CAM_BACK_RIGHT']",blend,"[1, 2]",0.5,False,False,False
0.17045608703909704,0.04474441328219351,0.6275712846048965,0.06593848864022485,1.5573240856008062,0.9468085106382979,0.2797288642186166,0.5549459684123026,0.507799892415277,0.6345864189782854,52541,0.11301796194202383,0.0,0.4450540315876974,0.05319148936170215,0.2797288642186166,0.5549459684123026,-0.015679984847937617,-0.009198606690900335,-0.0017649135192375626,-0.04411818214896481,-0.07187740826367905,-0.023949256031774266,-0.0017649135192375626,0.5549459684123026,0.9468085106382979,0.507799892415277,0.0,0.0,0.06593848864022485,-0.07187740826367905,0.11301796194202383,-0.015679984847937617,6,1,0.040791626285874474,1.0,2896.4283345540366,epoch_56_original,7,C4_motion_blur_9,2,R6_blend_alpha05,"['CAM_FRONT', 'CAM_FRONT_RIGHT', 'CAM_FRONT_LEFT', 'CAM_BACK', 'CAM_BACK_LEFT', 'CAM_BACK_RIGHT']",blend,"[1, 2]",0.5,False,False,False
0.1914117316867808,0.047619673516470486,0.6089897947483087,0.060114093826638196,1.433780529755762,0.918918918918919,0.30337748040878054,0.47845659163987136,0.5474516695957821,0.6132989817200344,50016,0.11489508083935329,0.0,0.5215434083601287,0.08108108108108103,0.30337748040878054,0.47845659163987136,0.00932538510421324,0.0020989928479657263,-0.0038075344231519315,-0.03953912626020163,-0.059024194473110914,-0.004959293658984051,-0.0038075344231519315,0.47845659163987136,0.918918918918919,0.5474516695957821,0.6089897947483087,0.0,0.060114093826638196,-0.059024194473110914,0.11489508083935329,0.00932538510421324,6,1,0.040791626285874474,1.0,2896.4283345540366,epoch_56_original,7,C4_motion_blur_9,4,R6_blend_alpha05,"['CAM_FRONT', 'CAM_FRONT_RIGHT', 'CAM_FRONT_LEFT', 'CAM_BACK', 'CAM_BACK_LEFT', 'CAM_BACK_RIGHT']",blend,"[1, 2]",0.5,False,False,False
0.17832969583114622,0.04428693991145384,0.6401193097873052,0.06045252074481028,1.3779444150196527,0.9349593495934959,0.28526764966834256,0.5398782831518257,0.5468076772424598,0.64734488037703,49431,0.11030580102026594,0.0,0.46012171684817427,0.06504065040650409,0.28526764966834256,0.5398782831518257,0.011789575973240207,0.003950914540357384,-0.0022511822845196483,-0.014612072402519735,-0.020433194881944505,-0.003122125275276666,-0.0022511822845196483,0.5398782831518257,0.9349593495934959,0.5468076772424598,0.6401193097873052,0.0,0.06045252074481028,-0.020433194881944505,0.11030580102026594,0.011789575973240207,6,1,0.040791626285874474,1.0,2896.4283345540366,epoch_56_original,7,C4_motion_blur_9,6,R6_blend_alpha05,"['CAM_FRONT', 'CAM_FRONT_RIGHT', 'CAM_FRONT_LEFT', 'CAM_BACK', 'CAM_BACK_LEFT', 'CAM_BACK_RIGHT']",blend,"[1, 2]",0.5,False,False,False
0.16173840715325433,0.05024005545357896,0.6520221904080172,0.06365833871967708,1.499463135289907,0.9440559440559441,0.0,0.450261780104712,0.4341004184100418,0.6651797013414326,50274,0.10823789071820568,0.0,0.549738219895288,0.05594405594405594,0.0,0.450261780104712,0.0033386695809841938,0.006107128328263586,-0.0016950494004669692,-0.018545994065281898,-0.028334526366022406,-0.008888093533762825,-0.0016950494004669692,0.450261780104712,0.9440559440559441,0.4341004184100418,0.0,0.0,0.06365833871967708,-0.028334526366022406,0.10823789071820568,0.0033386695809841938,6,1,0.040791626285874474,1.0,2391.314971923828,epoch_56_original,7,C4_motion_blur_9,0,R7_blend_alpha07,"['CAM_FRONT', 'CAM_FRONT_RIGHT', 'CAM_FRONT_LEFT', 'CAM_BACK', 'CAM_BACK_LEFT', 'CAM_BACK_RIGHT']",blend,"[1, 2]",0.7,False,False,False
0.17213610636839063,0.045386159582541385,0.6204872843677752,0.06704197195272012,1.5842373584681961,0.9468085106382979,0.27337745516652434,0.5281795511221945,0.5018827326519634,0.6274005271745952,53449,0.11850139308791274,0.0,0.4718204488778055,0.05319148936170215,0.27337745516652434,0.5281795511221945,-0.01399996551864402,-0.008556860390552458,-0.0006614302067422945,-0.027598879307208092,-0.04496413539628907,-0.018465824885885357,-0.0006614302067422945,0.5281795511221945,0.9468085106382979,0.5018827326519634,0.0,0.0,0.06704197195272012,-0.04496413539628907,0.11850139308791274,-0.01399996551864402,6,1,0.040791626285874474,1.0,2391.314971923828,epoch_56_original,7,C4_motion_blur_9,2,R7_blend_alpha07,"['CAM_FRONT', 'CAM_FRONT_RIGHT', 'CAM_FRONT_LEFT', 'CAM_BACK', 'CAM_BACK_LEFT', 'CAM_BACK_RIGHT']",blend,"[1, 2]",0.7,False,False,False
0.18501219360972182,0.045401050042815555,0.6150670794633643,0.06229384118086449,1.4655142758857929,1.0,0.2856422712066358,0.4715434083601286,0.5562390158172232,0.6191264875475402,51123,0.11687306501547988,0.0,0.5284565916398714,0.0,0.2856422712066358,0.4715434083601286,0.0029258470271542603,-0.00011963062568920435,-0.0016277870689256346,-0.01828132501200192,-0.02729044834308003,-0.0029813094828574638,-0.0016277870689256346,0.4715434083601286,1.0,0.5562390158172232,0.6150670794633643,0.0,0.06229384118086449,-0.02729044834308003,0.11687306501547988,0.0029258470271542603,6,1,0.040791626285874474,1.0,2391.314971923828,epoch_56_original,7,C4_motion_blur_9,4,R7_blend_alpha07,"['CAM_FRONT', 'CAM_FRONT_RIGHT', 'CAM_FRONT_LEFT', 'CAM_BACK', 'CAM_BACK_LEFT', 'CAM_BACK_RIGHT']",blend,"[1, 2]",0.7,False,False,False
0.17088096378944487,0.0418018378820471,0.6520502885178268,0.0615301087354149,1.3841607894516768,0.943089430894309,0.2744518146098272,0.5384368994234465,0.5648256952604779,0.6588118752438987,49654,0.11030580102026594,0.0,0.4615631005765535,0.05691056910569103,0.2744518146098272,0.5384368994234465,0.004340843931538857,0.0014658125109506467,-0.0011735942939150243,-0.01016665337692369,-0.014216820449920453,-0.003122125275276666,-0.0011735942939150243,0.5384368994234465,0.943089430894309,0.5648256952604779,0.6520502885178268,0.0,0.0615301087354149,-0.014216820449920453,0.11030580102026594,0.004340843931538857,6,1,0.040791626285874474,1.0,2391.314971923828,epoch_56_original,7,C4_motion_blur_9,6,R7_blend_alpha07,"['CAM_FRONT', 'CAM_FRONT_RIGHT', 'CAM_FRONT_LEFT', 'CAM_BACK', 'CAM_BACK_LEFT', 'CAM_BACK_RIGHT']",blend,"[1, 2]",0.7,False,False,False
0.22234458726453862,0.08701679694228259,0.596546170365068,0.045030933002677784,1.2179968981150084,0.6153846153846154,0.0,0.2787958115183246,0.33943514644351463,0.6120602379144521,40837,0.11438200906704844,0.0,0.7212041884816753,0.3846153846153846,0.0,0.2787958115183246,0.0,0.0,0.0,0.0,0.0,0.0,0.0,0.2787958115183246,0.6153846153846154,0.33943514644351463,0.0,0.0,0.045030933002677784,0.0,0.11438200906704844,0.0,0,0,0.0,0.0,0.0,epoch_56_original,7,A7_drop_all_rear,0,R0_degraded_native,[],native,[],,False,False,False
0.20544599514563106,0.0789561966056216,0.5985831999525757,0.05308266063187203,1.3552966980852452,0.3829787234042553,0.30993808710503845,0.4876142975893599,0.2883270575578268,0.616668758629346,45725,0.13332147726599086,0.0,0.5123857024106401,0.6170212765957447,0.30993808710503845,0.4876142975893599,0.0,0.0,0.0,0.0,0.0,0.0,0.0,0.4876142975893599,0.3829787234042553,0.2883270575578268,0.0,0.0,0.05308266063187203,0.0,0.13332147726599086,0.0,0,0,0.0,0.0,0.0,epoch_56_original,7,A7_drop_all_rear,2,R0_degraded_native,[],native,[],,False,False,False
0.2777676537585421,0.09229210374746148,0.47566219470244236,0.05117365926533095,1.4120227038183695,0.5675675675675675,0.40126483662526924,0.27347266881028937,0.37434094903339193,0.48267083793399584,49257,0.15557275541795665,0.0,0.7265273311897107,0.43243243243243246,0.40126483662526924,0.27347266881028937,0.0,0.0,0.0,0.0,0.0,0.0,0.0,0.27347266881028937,0.5675675675675675,0.37434094903339193,0.47566219470244236,0.0,0.05117365926533095,0.0,0.15557275541795665,0.0,0,0,0.0,0.0,0.0,epoch_56_original,7,A7_drop_all_rear,4,R0_degraded_native,[],native,[],,False,False,False
0.2803703482824427,0.09091304054982897,0.4757895910573412,0.051643114775535605,1.3939174309369164,0.5772357723577236,0.41074823608939964,0.26521460602178093,0.3932628280454367,0.4820940773872062,50004,0.15178546539179885,0.0,0.7347853939782191,0.4227642276422764,0.41074823608939964,0.26521460602178093,0.0,0.0,0.0,0.0,0.0,0.0,0.0,0.26521460602178093,0.5772357723577236,0.3932628280454367,0.4757895910573412,0.0,0.051643114775535605,0.0,0.15178546539179885,0.0,0,0,0.0,0.0,0.0,epoch_56_original,7,A7_drop_all_rear,6,R0_degraded_native,[],native,[],,False,False,False
0.23893292682926828,0.1085406269772571,0.5414143187337254,0.05186515488898536,1.377892858187776,0.8064516129032258,0.0,0.39215039577836414,0.32579429186860526,0.5537571180985392,47095,0.1097164925831651,0.0,0.6078496042216359,0.19354838709677424,0.0,0.39215039577836414,0.0,0.0,0.0,0.0,0.0,0.0,0.0,0.39215039577836414,0.8064516129032258,0.32579429186860526,0.0,0.0,0.05186515488898536,0.0,0.1097164925831651,0.0,0,0,0.0,0.0,0.0,epoch_56_original,8,A0_clean,0,R0_degraded_native,[],native,[],,False,False,False
0.2717465312977561,0.11003163508955537,0.47917874956501566,0.05219845553214118,1.437391253914859,0.8584070796460177,0.3780351734764359,0.3310162197947699,0.4091139240506329,0.48330820590135687,49567,0.13864400881568265,0.0,0.6689837802052301,0.1415929203539823,0.3780351734764359,0.3310162197947699,0.0,0.0,0.0,0.0,0.0,0.0,0.0,0.3310162197947699,0.8584070796460177,0.4091139240506329,0.0,0.0,0.05219845553214118,0.0,0.13864400881568265,0.0,0,0,0.0,0.0,0.0,epoch_56_original,8,A0_clean,2,R0_degraded_native,[],native,[],,False,False,False
0.2771802982376864,0.0949473694315102,0.4828719966277926,0.050966637161552905,1.382801742307152,0.7966101694915254,0.40468375765102454,0.38346658621209834,0.472099558410277,0.4836204291326685,49207,0.14685963186735984,0.0,0.6165334137879017,0.2033898305084746,0.40468375765102454,0.38346658621209834,0.0,0.0,0.0,0.0,0.0,0.0,0.0,0.38346658621209834,0.7966101694915254,0.472099558410277,0.4828719966277926,0.0,0.050966637161552905,0.0,0.14685963186735984,0.0,0,0,0.0,0.0,0.0,epoch_56_original,8,A0_clean,4,R0_degraded_native,[],native,[],,False,False,False
0.2706993478749719,0.09297871530654479,0.49168144582383244,0.05158508925897925,1.386116037496833,0.7941176470588235,0.42253638253638254,0.3973868706182282,0.5005811700891127,0.4909841539675794,49239,0.15116966472426316,0.0,0.6026131293817718,0.20588235294117652,0.42253638253638254,0.3973868706182282,0.0,0.0,0.0,0.0,0.0,0.0,0.0,0.3973868706182282,0.7941176470588235,0.5005811700891127,0.49168144582383244,0.0,0.05158508925897925,0.0,0.15116966472426316,0.0,0,0,0.0,0.0,0.0,epoch_56_original,8,A0_clean,6,R0_degraded_native,[],native,[],,False,False,False
0.18475218178824304,0.07774286415730078,0.638901079610287,0.05385088994934147,1.315603148131894,0.8279569892473119,0.0,0.5367744063324539,0.42218632202477113,0.6513369645951969,44966,0.10857544106030019,0.0,0.4632255936675461,0.17204301075268813,0.0,0.5367744063324539,0.0,0.0,0.0,0.0,0.0,0.0,0.0,0.5367744063324539,0.8279569892473119,0.42218632202477113,0.0,0.0,0.05385088994934147,0.0,0.10857544106030019,0.0,0,0,0.0,0.0,0.0,epoch_56_original,8,A1_drop_cam_front,0,R0_degraded_native,[],native,[],,False,False,False
0.20114203484277884,0.08441284592351227,0.6189827166222016,0.05092846431803619,1.2752870896647721,0.8495575221238938,0.27904999734339303,0.6405163853028798,0.509873417721519,0.625519214793391,43977,0.10555619997680084,0.0,0.3594836146971202,0.1504424778761062,0.27904999734339303,0.6405163853028798,0.0,0.0,0.0,0.0,0.0,0.0,0.0,0.6405163853028798,0.8495575221238938,0.509873417721519,0.0,0.0,0.05092846431803619,0.0,0.10555619997680084,0.0,0,0,0.0,0.0,0.0,epoch_56_original,8,A1_drop_cam_front,2,R0_degraded_native,[],native,[],,False,False,False
0.1704990358207211,0.06398335695613473,0.6720247295208656,0.054378200408659615,1.2515947730785444,0.847457627118644,0.2687394659806618,0.6875848544275155,0.6146126053793657,0.6763070414022363,44538,0.09585499508219755,0.0,0.3124151455724845,0.15254237288135597,0.2687394659806618,0.6875848544275155,0.0,0.0,0.0,0.0,0.0,0.0,0.0,0.6875848544275155,0.847457627118644,0.6146126053793657,0.6720247295208656,0.0,0.054378200408659615,0.0,0.09585499508219755,0.0,0,0,0.0,0.0,0.0,epoch_56_original,8,A1_drop_cam_front,4,R0_degraded_native,[],native,[],,False,False,False
0.17108943607878374,0.06369555642338583,0.6676800945866058,0.0553801054465265,1.2746952678546295,0.9191176470588235,0.29492723492723494,0.6967813894200128,0.5397132894227044,0.6777062716289236,45281,0.10995692931340259,0.0,0.3032186105799872,0.08088235294117652,0.29492723492723494,0.6967813894200128,0.0,0.0,0.0,0.0,0.0,0.0,0.0,0.6967813894200128,0.9191176470588235,0.5397132894227044,0.6676800945866058,0.0,0.0553801054465265,0.0,0.10995692931340259,0.0,0,0,0.0,0.0,0.0,epoch_56_original,8,A1_drop_cam_front,6,R0_degraded_native,[],native,[],,False,False,False
0.2526388016993445,0.10723397758156805,0.49369495889288745,0.056647095429177924,1.5103718657655285,0.7956989247311828,0.0,0.3029353562005277,0.4227248249865374,0.49770982916563505,51623,0.12048333772199303,0.0,0.6970646437994723,0.20430107526881724,0.0,0.3029353562005277,0.06788661991110145,0.029491113424267273,0.0027962054798364513,0.1480451896988836,0.19476871763363457,0.01190789666169284,0.0027962054798364513,0.3029353562005277,0.7956989247311828,0.4227248249865374,0.0,0.0,0.056647095429177924,0.19476871763363457,0.12048333772199303,0.06788661991110145,1,1,0.04687017744237726,1.0,18377.88272857666,epoch_56_original,8,A1_drop_cam_front,0,R1_replace_tminus1,['CAM_FRONT'],replace,[1],,False,False,False
0.25615735380305044,0.10180869814605592,0.48033870780651894,0.05858309276716057,1.5483412597146502,0.8761061946902655,0.3552414855746241,0.3478980470043032,0.48050632911392405,0.48020060921202423,53393,0.14061593782623827,0.0,0.6521019529956968,0.12389380530973448,0.3552414855746241,0.3478980470043032,0.05501531896027159,0.017395852222543653,0.00765462844912438,0.2141119221411192,0.2730541700498781,0.03505973784943743,0.00765462844912438,0.3478980470043032,0.8761061946902655,0.48050632911392405,0.0,0.0,0.05858309276716057,0.2730541700498781,0.14061593782623827,0.05501531896027159,1,1,0.04687017744237726,1.0,18377.88272857666,epoch_56_original,8,A1_drop_cam_front,2,R1_replace_tminus1,['CAM_FRONT'],replace,[1],,False,False,False
0.2566877449108065,0.0854573109518,0.49009414078965857,0.058079299818833086,1.496388927919067,0.8050847457627118,0.37066441940920786,0.34997737215266256,0.48936170212765956,0.4900876397703234,53249,0.14947309259519462,0.0,0.6500226278473374,0.19491525423728817,0.37066441940920786,0.34997737215266256,0.08618870909008539,0.021473953995665263,0.003701099410173471,0.1955857919080336,0.24479415484052258,0.053618097512997065,0.003701099410173471,0.34997737215266256,0.8050847457627118,0.48936170212765956,0.49009414078965857,0.0,0.058079299818833086,0.24479415484052258,0.14947309259519462,0.08618870909008539,1,1,0.04687017744237726,1.0,18377.88272857666,epoch_56_original,8,A1_drop_cam_front,4,R1_replace_tminus1,['CAM_FRONT'],replace,[1],,False,False,False
0.2470464725643897,0.08562978372036144,0.50316696224981,0.05941830706544666,1.5079244433184134,0.7132352941176471,0.3856964656964657,0.37683237731038877,0.49941882991088726,0.50346062777002,53566,0.15080370464206289,0.0,0.6231676226896112,0.2867647058823529,0.3856964656964657,0.37683237731038877,0.07595703648560595,0.02193422729697561,0.004038201618920156,0.18296857401559152,0.23322917546378386,0.040846775328660295,0.004038201618920156,0.37683237731038877,0.7132352941176471,0.49941882991088726,0.50316696224981,0.0,0.05941830706544666,0.23322917546378386,0.15080370464206289,0.07595703648560595,1,1,0.04687017744237726,1.0,18377.88272857666,epoch_56_original,8,A1_drop_cam_front,6,R1_replace_tminus1,['CAM_FRONT'],replace,[1],,False,False,False
0.2572707269978596,0.1032493177539818,0.4971181134614822,0.05386079386485447,1.4575616606688317,0.7956989247311828,0.0,0.2857849604221636,0.436725901992461,0.5004332755632582,49818,0.12209251294654612,0.0,0.7142150395778364,0.20430107526881724,0.0,0.2857849604221636,0.07251854520961654,0.025506453596681022,9.903915512997352e-06,0.10790374949962193,0.1419585125369378,0.01351707188624593,9.903915512997352e-06,0.2857849604221636,0.7956989247311828,0.436725901992461,0.0,0.0,0.05386079386485447,0.1419585125369378,0.12209251294654612,0.07251854520961654,1,2,0.0468126694587144,1.0,17988.25009918213,epoch_56_original,8,A1_drop_cam_front,0,R2_replace_tminus2,['CAM_FRONT'],replace,[2],,False,False,False
0.24539059925791154,0.08867604374123328,0.5032768820322469,0.058328764227534864,1.5209372462591346,0.7610619469026548,0.3474841931884597,0.33002317113538565,0.43341772151898733,0.507399772314698,52448,0.1524185129335344,0.0,0.6699768288646144,0.23893805309734517,0.3474841931884597,0.33002317113538565,0.044248564415132696,0.004263197817721012,0.007400299909498677,0.19262341678604725,0.2456501565943625,0.04686231295673356,0.007400299909498677,0.33002317113538565,0.7610619469026548,0.43341772151898733,0.0,0.0,0.058328764227534864,0.2456501565943625,0.1524185129335344,0.044248564415132696,1,2,0.0468126694587144,1.0,17988.25009918213,epoch_56_original,8,A1_drop_cam_front,2,R2_replace_tminus2,['CAM_FRONT'],replace,[2],,False,False,False
0.2434112095753251,0.07590672022558166,0.524518757903611,0.05613196231066403,1.4288885766474637,0.7711864406779662,0.34875365918566487,0.39855181777040277,0.5262946607788037,0.5243880326382593,50847,0.1519741464100042,0.0,0.6014481822295972,0.22881355932203384,0.34875365918566487,0.39855181777040277,0.07291217375460401,0.01192336326944693,0.0017537619020044151,0.14165431766132291,0.17729380356891933,0.05611915132780665,0.0017537619020044151,0.39855181777040277,0.7711864406779662,0.5262946607788037,0.524518757903611,0.0,0.05613196231066403,0.17729380356891933,0.1519741464100042,0.07291217375460401,1,2,0.0468126694587144,1.0,17988.25009918213,epoch_56_original,8,A1_drop_cam_front,4,R2_replace_tminus2,['CAM_FRONT'],replace,[2],,False,False,False
0.23803741290080088,0.07620288753512784,0.536469329730034,0.055669611912446626,1.4108324184331278,0.8014705882352942,0.3653638253638254,0.384321223709369,0.5001937233630376,0.5393115172120697,50117,0.15505447175069673,0.0,0.6156787762906311,0.19852941176470584,0.3653638253638254,0.384321223709369,0.06694797682201714,0.012507331111742015,0.0002895064659201238,0.1067997614893664,0.1361371505784983,0.045097542437294136,0.0002895064659201238,0.384321223709369,0.8014705882352942,0.5001937233630376,0.536469329730034,0.0,0.055669611912446626,0.1361371505784983,0.15505447175069673,0.06694797682201714,1,2,0.0468126694587144,1.0,17988.25009918213,epoch_56_original,8,A1_drop_cam_front,6,R2_replace_tminus2,['CAM_FRONT'],replace,[2],,False,False,False
0.2589540646497522,0.10746662222567976,0.4878726703531408,0.05515820679705721,1.4898036806226045,0.8279569892473119,0.0,0.2590699208443272,0.4340333871836295,0.4908083684080218,50920,0.11943005939319465,0.0,0.7409300791556728,0.17204301075268813,0.0,0.2590699208443272,0.07420188286150914,0.029723758068378986,0.0013073168477157407,0.13241115509496063,0.17420053249071055,0.010854618332894458,0.0013073168477157407,0.2590699208443272,0.8279569892473119,0.4340333871836295,0.0,0.0,0.05515820679705721,0.17420053249071055,0.11943005939319465,0.07420188286150914,1,1,0.04494653100317175,1.0,16966.604652404785,epoch_56_original,8,A1_drop_cam_front,0,R3_ema_K2,['CAM_FRONT'],ema,"[1, 2]",,False,False,False
0.25379799546250825,0.09847415867769461,0.4874434520357267,0.05806287529974435,1.532101844333604,0.8672566371681416,0.350778385845598,0.34723601456471365,0.47341772151898737,0.488169594781699,52833,0.14360283029810927,0.0,0.6527639854352864,0.1327433628318584,0.350778385845598,0.34723601456471365,0.05265596061972941,0.014061312754182348,0.00713441098170816,0.2013779930418173,0.25681475466883197,0.038046630321308436,0.00713441098170816,0.34723601456471365,0.8672566371681416,0.47341772151898737,0.0,0.0,0.05806287529974435,0.25681475466883197,0.14360283029810927,0.05265596061972941,1,1,0.04494653100317175,1.0,16966.604652404785,epoch_56_original,8,A1_drop_cam_front,2,R3_ema_K2,['CAM_FRONT'],ema,"[1, 2]",,False,False,False
0.25047977823583767,0.08071349584523423,0.5048475481242096,0.05751015444686184,1.471968526064353,0.8135593220338984,0.3590880865785505,0.37697993664202745,0.5122440786832597,0.5042308854638864,52380,0.146972038780385,0.0,0.6230200633579726,0.18644067796610164,0.3590880865785505,0.37697993664202745,0.07998074241511657,0.016730138889099494,0.0031319540382022254,0.17607436346490637,0.22037375298580852,0.05111704369818745,0.0031319540382022254,0.37697993664202745,0.8135593220338984,0.5122440786832597,0.5048475481242096,0.0,0.05751015444686184,0.22037375298580852,0.146972038780385,0.07998074241511657,1,1,0.04494653100317175,1.0,16966.604652404785,epoch_56_original,8,A1_drop_cam_front,4,R3_ema_K2,['CAM_FRONT'],ema,"[1, 2]",,False,False,False
0.23960876744809675,0.08013047144104458,0.5220842834220083,0.058447219662617435,1.4724826168960954,0.7647058823529411,0.37176715176715175,0.3867112810707457,0.48895776830685783,0.5246797401493534,52307,0.1512822678264786,0.0,0.6132887189292543,0.23529411764705888,0.37176715176715175,0.3867112810707457,0.06851933136931301,0.016434915017658758,0.0030671142160909326,0.15516441774695788,0.1977873490414659,0.041325338513076015,0.0030671142160909326,0.3867112810707457,0.7647058823529411,0.48895776830685783,0.5220842834220083,0.0,0.058447219662617435,0.1977873490414659,0.1512822678264786,0.06851933136931301,1,1,0.04494653100317175,1.0,16966.604652404785,epoch_56_original,8,A1_drop_cam_front,6,R3_ema_K2,['CAM_FRONT'],ema,"[1, 2]",,False,False,False
0.26004153070305547,0.10590872131769383,0.4870534538751865,0.05486934259459477,1.4855027941133445,0.8064516129032258,0.0,0.25923482849604224,0.4324178782983306,0.49003466204506063,50773,0.12095146142368121,0.0,0.7407651715039578,0.19354838709677424,0.0,0.25923482849604224,0.07528934891481243,0.02816585716039305,0.0010184526452532983,0.12914201841391273,0.16989964598145058,0.012376020363381021,0.0010184526452532983,0.25923482849604224,0.8064516129032258,0.4324178782983306,0.0,0.0,0.05486934259459477,0.16989964598145058,0.12095146142368121,0.07528934891481243,1,2,0.04419539293104952,1.0,16425.986976623535,epoch_56_original,8,A1_drop_cam_front,0,R4_ema_K3,['CAM_FRONT'],ema,"[1, 2, 3]",,False,False,False
0.25194098266723963,0.09586143308285325,0.4899663612109964,0.05834032461569967,1.5344507597726482,0.8849557522123894,0.3488656288188725,0.3447533929162529,0.47746835443037977,0.4906002892218701,52914,0.14226887832038046,0.0,0.655246607083747,0.11504424778761058,0.3488656288188725,0.3447533929162529,0.05079894782446079,0.011448587159340981,0.007411860297663483,0.20321986492939492,0.2591636701078761,0.03671267834357962,0.007411860297663483,0.3447533929162529,0.8849557522123894,0.47746835443037977,0.0,0.0,0.05834032461569967,0.2591636701078761,0.14226887832038046,0.05079894782446079,1,2,0.04419539293104952,1.0,16425.986976623535,epoch_56_original,8,A1_drop_cam_front,2,R4_ema_K3,['CAM_FRONT'],ema,"[1, 2, 3]",,False,False,False
0.2519427751495262,0.08133443776927457,0.5016439511029929,0.05758295211071863,1.4764085991288465,0.8050847457627118,0.36090659096957334,0.3646100467642178,0.5142513046969088,0.500634632819583,52538,0.14969790642124492,0.0,0.6353899532357822,0.19491525423728817,0.36090659096957334,0.3646100467642178,0.08144373932880508,0.017351080813139838,0.003204751702059014,0.17962189590911132,0.2248138260503021,0.05384291133904737,0.003204751702059014,0.3646100467642178,0.8050847457627118,0.5142513046969088,0.5016439511029929,0.0,0.05758295211071863,0.2248138260503021,0.14969790642124492,0.08144373932880508,1,2,0.04419539293104952,1.0,16425.986976623535,epoch_56_original,8,A1_drop_cam_front,4,R4_ema_K3,['CAM_FRONT'],ema,"[1, 2, 3]",,False,False,False
0.24101360332588592,0.07977486585228512,0.5201981814598993,0.05822388610319334,1.4705683641584326,0.8014705882352942,0.37775467775467775,0.3932441045251753,0.5001937233630376,0.5217655272903892,52239,0.15395659150409594,0.0,0.6067558954748247,0.19852941176470584,0.37775467775467775,0.3932441045251753,0.06992416724710218,0.01607930942889929,0.002843780656666836,0.15366268412800071,0.19587309630380312,0.043999662190693345,0.002843780656666836,0.3932441045251753,0.8014705882352942,0.5001937233630376,0.5201981814598993,0.0,0.05822388610319334,0.19587309630380312,0.15395659150409594,0.06992416724710218,1,2,0.04419539293104952,1.0,16425.986976623535,epoch_56_original,8,A1_drop_cam_front,6,R4_ema_K3,['CAM_FRONT'],ema,"[1, 2, 3]",,False,False,False
0.12638224185653318,0.0693279023479058,0.7288100880657714,0.06464285655333836,1.4169811872787383,0.8924731182795699,0.0,0.7635224274406333,0.4286483575659666,0.7460695716761575,48431,0.09040638988852805,0.0,0.23647757255936674,0.10752688172043012,0.0,0.7635224274406333,0.0,0.0,0.0,0.0,0.0,0.0,0.0,0.7635224274406333,0.8924731182795699,0.4286483575659666,0.0,0.0,0.06464285655333836,0.0,0.09040638988852805,0.0,0,0,0.0,0.0,0.0,epoch_56_original,8,A10_drop_front_triplet,0,R0_degraded_native,[],native,[],,False,False,False
0.13318203057205794,0.07411975211722724,0.7107064145690755,0.06675463571565408,1.4614603874260526,0.8407079646017699,0.22884012539184953,0.8992055610724925,0.4820253164556962,0.7245315528752961,50397,0.08166106020183274,0.0,0.1007944389275075,0.15929203539823011,0.22884012539184953,0.8992055610724925,0.0,0.0,0.0,0.0,0.0,0.0,0.0,0.8992055610724925,0.8407079646017699,0.4820253164556962,0.0,0.0,0.06675463571565408,0.0,0.08166106020183274,0.0,0,0,0.0,0.0,0.0,epoch_56_original,8,A10_drop_front_triplet,2,R0_degraded_native,[],native,[],,False,False,False
0.1110252447192169,0.05035941117197479,0.7577631024307995,0.06957967621584507,1.4240550793873823,0.8389830508474576,0.21147875454626097,0.9036053703424347,0.6170212765957447,0.7683288002417649,50675,0.08298440354081776,0.0,0.09639462965756529,0.1610169491525424,0.21147875454626097,0.9036053703424347,0.0,0.0,0.0,0.0,0.0,0.0,0.0,0.9036053703424347,0.8389830508474576,0.6170212765957447,0.7577631024307995,0.0,0.06957967621584507,0.0,0.08298440354081776,0.0,0,0,0.0,0.0,0.0,epoch_56_original,8,A10_drop_front_triplet,4,R0_degraded_native,[],native,[],,False,False,False
0.10274364285623515,0.04894273795000578,0.7724009796469893,0.07141380069051428,1.4428116994623201,0.9117647058823529,0.21713097713097712,0.8897386870618228,0.5908562572646261,0.7866249772327121,51253,0.08034231343073502,0.04079031230082855,0.1102613129381772,0.08823529411764708,0.21713097713097712,0.8897386870618228,0.0,0.0,0.0,0.0,0.0,0.0,0.0,0.8897386870618228,0.9117647058823529,0.5908562572646261,0.7724009796469893,0.04079031230082855,0.07141380069051428,0.0,0.08034231343073502,0.0,0,0,0.0,0.0,0.0,epoch_56_original,8,A10_drop_front_triplet,6,R0_degraded_native,[],native,[],,False,False,False
0.23311506872512772,0.0976594104018293,0.5166915357383188,0.060550888793884663,1.55656982357588,0.6559139784946236,0.0,0.34465699208443273,0.4081852450188476,0.522870760089131,53202,0.12326282220076655,0.0,0.6553430079155673,0.34408602150537637,0.0,0.34465699208443273,0.10673282686859453,0.028331508053923496,-0.004091967759453696,0.0985112840948979,0.1395886362971417,0.032856432312238504,-0.004091967759453696,0.34465699208443273,0.6559139784946236,0.4081852450188476,0.0,0.0,0.060550888793884663,0.1395886362971417,0.12326282220076655,0.10673282686859453,3,1,0.047508128890485474,1.0,18674.058876037598,epoch_56_original,8,A10_drop_front_triplet,0,R1_replace_tminus1,"['CAM_FRONT', 'CAM_FRONT_LEFT', 'CAM_FRONT_RIGHT']",replace,[1],,False,False,False
0.2437878703652232,0.09695427314059478,0.4913003131887252,0.06188440933022414,1.5953485674515717,0.6902654867256637,0.34068327931565806,0.3248924197285667,0.44151898734177214,0.4942001784560475,55014,0.14925762672543788,0.0,0.6751075802714332,0.3097345132743363,0.34068327931565806,0.3248924197285667,0.11060583979316527,0.02283452102336754,-0.004870226385429943,0.09161259598785643,0.13388818002551917,0.06759656652360514,-0.004870226385429943,0.3248924197285667,0.6902654867256637,0.44151898734177214,0.0,0.0,0.06188440933022414,0.13388818002551917,0.14925762672543788,0.11060583979316527,3,1,0.047508128890485474,1.0,18674.058876037598,epoch_56_original,8,A10_drop_front_triplet,2,R1_replace_tminus1,"['CAM_FRONT', 'CAM_FRONT_LEFT', 'CAM_FRONT_RIGHT']",replace,[1],,False,False,False
0.23959918301325547,0.07591826156681668,0.5088098918083462,0.0618217615380161,1.5412392862161024,0.711864406779661,0.35039474851414887,0.35917936340322826,0.4644720995584103,0.5120882441825325,54845,0.15857805255023183,0.0,0.6408206365967717,0.288135593220339,0.35039474851414887,0.35917936340322826,0.12857393829403857,0.02555885039484189,-0.007757914677828971,0.08228909718796251,0.1171842068287201,0.07559364900941407,-0.007757914677828971,0.35917936340322826,0.711864406779661,0.4644720995584103,0.5088098918083462,0.0,0.0618217615380161,0.1171842068287201,0.15857805255023183,0.12857393829403857,3,1,0.047508128890485474,1.0,18674.058876037598,epoch_56_original,8,A10_drop_front_triplet,4,R1_replace_tminus1,"['CAM_FRONT', 'CAM_FRONT_LEFT', 'CAM_FRONT_RIGHT']",replace,[1],,False,False,False
0.22968461621973726,0.07812720637545213,0.5235481237508093,0.06313722441052348,1.550826225262506,0.6691176470588235,0.3747609147609148,0.37810707456978965,0.4769469197985277,0.5271993200169995,55090,0.15702502603946739,0.5195984703632888,0.6218929254302104,0.3308823529411765,0.3747609147609148,0.37810707456978965,0.12694097336350213,0.02918446842544635,-0.008276576279990802,0.07486391040524457,0.10801452580018589,0.07668271260873237,-0.008276576279990802,0.37810707456978965,0.6691176470588235,0.4769469197985277,0.5235481237508093,0.5195984703632888,0.06313722441052348,0.10801452580018589,0.15702502603946739,0.12694097336350213,3,1,0.047508128890485474,1.0,18674.058876037598,epoch_56_original,8,A10_drop_front_triplet,6,R1_replace_tminus1,"['CAM_FRONT', 'CAM_FRONT_LEFT', 'CAM_FRONT_RIGHT']",replace,[1],,False,False,False
0.24126298937979732,0.09059481834891615,0.506158752450335,0.05906365081434945,1.5407413909125487,0.7526881720430108,0.0,0.31893139841688656,0.43134087237479807,0.5103057687546423,52661,0.12990432721846748,0.0,0.6810686015831134,0.24731182795698925,0.0,0.31893139841688656,0.11488074752326413,0.021266916001010355,-0.0055792057389889085,0.08734075282360472,0.12376020363381035,0.039497937329939434,-0.0055792057389889085,0.31893139841688656,0.7526881720430108,0.43134087237479807,0.0,0.0,0.05906365081434945,0.12376020363381035,0.12990432721846748,0.11488074752326413,3,2,0.0448751040931904,1.0,17585.033383687336,epoch_56_original,8,A10_drop_front_triplet,0,R2_replace_tminus2,"['CAM_FRONT', 'CAM_FRONT_LEFT', 'CAM_FRONT_RIGHT']",replace,[2],,False,False,False
0.22743345851265043,0.07910363060896257,0.5187913235123536,0.06354580225790896,1.5970305069017516,0.8141592920353983,0.33319164762764997,0.3311817279046673,0.42430379746835445,0.5244146333958956,55072,0.16280013919498898,0.0,0.6688182720953326,0.18584070796460173,0.33319164762764997,0.3311817279046673,0.09425142794059249,0.00498387849173533,-0.0032088334577451277,0.09276345814234974,0.13557011947569908,0.08113907899315624,-0.0032088334577451277,0.3311817279046673,0.8141592920353983,0.42430379746835445,0.0,0.0,0.06354580225790896,0.13557011947569908,0.16280013919498898,0.09425142794059249,3,2,0.0448751040931904,1.0,17585.033383687336,epoch_56_original,8,A10_drop_front_triplet,2,R2_replace_tminus2,"['CAM_FRONT', 'CAM_FRONT_LEFT', 'CAM_FRONT_RIGHT']",replace,[2],,False,False,False
0.22427664852862567,0.06306007527555359,0.5401714205423633,0.06183499747689915,1.5101025713081355,0.7627118644067796,0.33367337886986603,0.3973449992457384,0.5130469690887194,0.5422181928074947,53737,0.16726148658142476,0.0,0.6026550007542616,0.23728813559322037,0.33367337886986603,0.3973449992457384,0.11325140380940876,0.012700664103578799,-0.007744678738945923,0.060424272323630984,0.08604749192075323,0.08427708304060699,-0.007744678738945923,0.3973449992457384,0.7627118644067796,0.5130469690887194,0.5401714205423633,0.0,0.06183499747689915,0.08604749192075323,0.16726148658142476,0.11325140380940876,3,2,0.0448751040931904,1.0,17585.033383687336,epoch_56_original,8,A10_drop_front_triplet,4,R2_replace_tminus2,"['CAM_FRONT', 'CAM_FRONT_LEFT', 'CAM_FRONT_RIGHT']",replace,[2],,False,False,False
0.2206752905064679,0.06356518530764298,0.5466599104805338,0.06195934667489417,1.5076710863384286,0.7352941176470589,0.3624948024948025,0.3881453154875717,0.4990313831848121,0.5503915973529233,53557,0.1740843960251105,0.48852772466539196,0.6118546845124283,0.2647058823529411,0.3624948024948025,0.3881453154875717,0.11793164765023274,0.014622447357637194,-0.009454454015620117,0.044953466138567495,0.06485938687610848,0.09374208259437548,-0.009454454015620117,0.3881453154875717,0.7352941176470589,0.4990313831848121,0.5466599104805338,0.48852772466539196,0.06195934667489417,0.06485938687610848,0.1740843960251105,0.11793164765023274,3,2,0.0448751040931904,1.0,17585.033383687336,epoch_56_original,8,A10_drop_front_triplet,6,R2_replace_tminus2,"['CAM_FRONT', 'CAM_FRONT_LEFT', 'CAM_FRONT_RIGHT']",replace,[2],,False,False,False
0.24318003565062388,0.09035612805790393,0.5010679071944761,0.0593343578383714,1.5506305041107113,0.8064516129032258,0.0,0.2631926121372032,0.4243403338718363,0.5053230997771726,52999,0.128558471576114,0.0,0.7368073878627968,0.19354838709677424,0.0,0.2631926121372032,0.11679779379409069,0.021028225709998127,-0.005308498714966962,0.09431975387664926,0.133649316831973,0.03815208168758595,-0.005308498714966962,0.2631926121372032,0.8064516129032258,0.4243403338718363,0.0,0.0,0.0593343578383714,0.133649316831973,0.128558471576114,0.11679779379409069,3,1,0.0433574253411004,1.0,16295.982948303223,epoch_56_original,8,A10_drop_front_triplet,0,R3_ema_K2,"['CAM_FRONT', 'CAM_FRONT_LEFT', 'CAM_FRONT_RIGHT']",ema,"[1, 2]",,False,False,False
0.24160337669911,0.09237652930376393,0.49538916599002436,0.06199505875980156,1.5932026447047907,0.7433628318584071,0.3355825939110568,0.32919563058589874,0.4450632911392405,0.49832312851912247,54940,0.15485442524069135,0.0,0.6708043694141013,0.2566371681415929,0.3355825939110568,0.32919563058589874,0.10842134612705207,0.01825677718653669,-0.004759576955852524,0.09014425461833045,0.13174225727873812,0.07319336503885861,-0.004759576955852524,0.32919563058589874,0.7433628318584071,0.4450632911392405,0.0,0.0,0.06199505875980156,0.13174225727873812,0.15485442524069135,0.10842134612705207,3,1,0.0433574253411004,1.0,16295.982948303223,epoch_56_original,8,A10_drop_front_triplet,2,R3_ema_K2,"['CAM_FRONT', 'CAM_FRONT_LEFT', 'CAM_FRONT_RIGHT']",ema,"[1, 2]",,False,False,False
0.23678486867463244,0.0720956411513314,0.5166221722635942,0.06131383238337897,1.524799775186174,0.7627118644067796,0.34671338596646856,0.38105294916276966,0.4921718185467684,0.5184043517679057,54260,0.1607699873542223,0.0,0.6189470508372303,0.23728813559322037,0.34671338596646856,0.38105294916276966,0.12575962395541554,0.021736229979356606,-0.008265843832466098,0.07074494326591022,0.10074469579879164,0.07778558381340453,-0.008265843832466098,0.38105294916276966,0.7627118644067796,0.4921718185467684,0.5166221722635942,0.0,0.06131383238337897,0.10074469579879164,0.1607699873542223,0.12575962395541554,3,1,0.0433574253411004,1.0,16295.982948303223,epoch_56_original,8,A10_drop_front_triplet,4,R3_ema_K2,"['CAM_FRONT', 'CAM_FRONT_LEFT', 'CAM_FRONT_RIGHT']",ema,"[1, 2]",,False,False,False
0.22417244243521833,0.06884957338653444,0.5365537820566957,0.0627252980675857,1.530811023843707,0.6985294117647058,0.364989604989605,0.39611217335882726,0.48314606741573035,0.5407382672576043,54379,0.16670889282999746,0.4980879541108987,0.6038878266411727,0.30147058823529416,0.364989604989605,0.39611217335882726,0.12142879957898318,0.019906835436528658,-0.008688502622928584,0.06099155171404601,0.0879993243813868,0.08636657939926244,-0.008688502622928584,0.39611217335882726,0.6985294117647058,0.48314606741573035,0.5365537820566957,0.4980879541108987,0.0627252980675857,0.0879993243813868,0.16670889282999746,0.12142879957898318,3,1,0.0433574253411004,1.0,16295.982948303223,epoch_56_original,8,A10_drop_front_triplet,6,R3_ema_K2,"['CAM_FRONT', 'CAM_FRONT_LEFT', 'CAM_FRONT_RIGHT']",ema,"[1, 2]",,False,False,False
0.24186146257773966,0.0899504913914202,0.5050469586588255,0.059037240372981456,1.5413850610023698,0.7849462365591398,0.0,0.26797493403693934,0.41733979536887456,0.5099343897004209,52683,0.1291728839345797,0.0,0.7320250659630607,0.21505376344086025,0.0,0.26797493403693934,0.11547922072120648,0.020622589043514397,-0.005605616180356904,0.0877950073300159,0.12440387372363149,0.03876649404605166,-0.005605616180356904,0.26797493403693934,0.7849462365591398,0.41733979536887456,0.0,0.0,0.059037240372981456,0.12440387372363149,0.1291728839345797,0.11547922072120648,3,2,0.041677874484748544,1.0,15422.970314025879,epoch_56_original,8,A10_drop_front_triplet,0,R4_ema_K3,"['CAM_FRONT', 'CAM_FRONT_LEFT', 'CAM_FRONT_RIGHT']",ema,"[1, 2, 3]",,False,False,False
0.23885799651423353,0.08900370756800932,0.49924602714302285,0.062442610930181865,1.5972045006379771,0.7787610619469026,0.3313320227405558,0.3234028467394902,0.4460759493670886,0.5023845420140919,55078,0.1592622665584039,0.0,0.6765971532605097,0.22123893805309736,0.3313320227405558,0.3234028467394902,0.1056759659421756,0.014883955450782083,-0.00431202478547222,0.09288251284798699,0.1357441132119246,0.07760120635657115,-0.00431202478547222,0.3234028467394902,0.7787610619469026,0.4460759493670886,0.0,0.0,0.062442610930181865,0.1357441132119246,0.1592622665584039,0.1056759659421756,3,2,0.041677874484748544,1.0,15422.970314025879,epoch_56_original,8,A10_drop_front_triplet,2,R4_ema_K3,"['CAM_FRONT', 'CAM_FRONT_LEFT', 'CAM_FRONT_RIGHT']",ema,"[1, 2, 3]",,False,False,False
0.23761207145112792,0.06940016350674456,0.513671490796684,0.06162653143949108,1.5330616832935227,0.7372881355932204,0.34835447529495256,0.3802986875848544,0.4997992773986351,0.5146569960713206,54554,0.16858226780947028,0.0,0.6197013124151456,0.2627118644067796,0.34835447529495256,0.3802986875848544,0.12658682673191102,0.019040752334769775,-0.00795314477635399,0.07654662062160829,0.10900660390614036,0.08559786426865251,-0.00795314477635399,0.3802986875848544,0.7372881355932204,0.4997992773986351,0.513671490796684,0.0,0.06162653143949108,0.10900660390614036,0.16858226780947028,0.12658682673191102,3,2,0.041677874484748544,1.0,15422.970314025879,epoch_56_original,8,A10_drop_front_triplet,4,R4_ema_K3,"['CAM_FRONT', 'CAM_FRONT_LEFT', 'CAM_FRONT_RIGHT']",ema,"[1, 2, 3]",,False,False,False
0.22392396469789544,0.06767010852816152,0.5357374095656335,0.06307436014935225,1.5375672099766349,0.7352941176470589,0.3694802494802495,0.40137029955385595,0.484695854320031,0.5397365065873353,54619,0.17236719871632464,0.49012109623964306,0.598629700446144,0.2647058823529411,0.3694802494802495,0.40137029955385595,0.12118032184166029,0.01872737057815574,-0.008339440541162035,0.06567420443681346,0.09475551051431474,0.09202488528558962,-0.008339440541162035,0.40137029955385595,0.7352941176470589,0.484695854320031,0.5357374095656335,0.49012109623964306,0.06307436014935225,0.09475551051431474,0.17236719871632464,0.12118032184166029,3,2,0.041677874484748544,1.0,15422.970314025879,epoch_56_original,8,A10_drop_front_triplet,6,R4_ema_K3,"['CAM_FRONT', 'CAM_FRONT_LEFT', 'CAM_FRONT_RIGHT']",ema,"[1, 2, 3]",,False,False,False
0.23311506872512772,0.0976594104018293,0.5166915357383188,0.060550888793884663,1.55656982357588,0.6559139784946236,0.0,0.34465699208443273,0.4081852450188476,0.522870760089131,53202,0.12326282220076655,0.0,0.6553430079155673,0.34408602150537637,0.0,0.34465699208443273,0.10673282686859453,0.028331508053923496,-0.004091967759453696,0.0985112840948979,0.1395886362971417,0.032856432312238504,-0.004091967759453696,0.34465699208443273,0.6559139784946236,0.4081852450188476,0.0,0.0,0.060550888793884663,0.1395886362971417,0.12326282220076655,0.10673282686859453,3,1,0.047508128890485474,1.0,18674.058876037598,epoch_56_original,8,A10_drop_front_triplet,0,R8_camera_group_repair_front_triplet,"['CAM_FRONT', 'CAM_FRONT_LEFT', 'CAM_FRONT_RIGHT']",replace,[1],,False,False,False
0.2437878703652232,0.09695427314059478,0.4913003131887252,0.06188440933022414,1.5953485674515717,0.6902654867256637,0.34068327931565806,0.3248924197285667,0.44151898734177214,0.4942001784560475,55014,0.14925762672543788,0.0,0.6751075802714332,0.3097345132743363,0.34068327931565806,0.3248924197285667,0.11060583979316527,0.02283452102336754,-0.004870226385429943,0.09161259598785643,0.13388818002551917,0.06759656652360514,-0.004870226385429943,0.3248924197285667,0.6902654867256637,0.44151898734177214,0.0,0.0,0.06188440933022414,0.13388818002551917,0.14925762672543788,0.11060583979316527,3,1,0.047508128890485474,1.0,18674.058876037598,epoch_56_original,8,A10_drop_front_triplet,2,R8_camera_group_repair_front_triplet,"['CAM_FRONT', 'CAM_FRONT_LEFT', 'CAM_FRONT_RIGHT']",replace,[1],,False,False,False
0.23959918301325547,0.07591826156681668,0.5088098918083462,0.0618217615380161,1.5412392862161024,0.711864406779661,0.35039474851414887,0.35917936340322826,0.4644720995584103,0.5120882441825325,54845,0.15857805255023183,0.0,0.6408206365967717,0.288135593220339,0.35039474851414887,0.35917936340322826,0.12857393829403857,0.02555885039484189,-0.007757914677828971,0.08228909718796251,0.1171842068287201,0.07559364900941407,-0.007757914677828971,0.35917936340322826,0.711864406779661,0.4644720995584103,0.5088098918083462,0.0,0.0618217615380161,0.1171842068287201,0.15857805255023183,0.12857393829403857,3,1,0.047508128890485474,1.0,18674.058876037598,epoch_56_original,8,A10_drop_front_triplet,4,R8_camera_group_repair_front_triplet,"['CAM_FRONT', 'CAM_FRONT_LEFT', 'CAM_FRONT_RIGHT']",replace,[1],,False,False,False
0.22968461621973726,0.07812720637545213,0.5235481237508093,0.06313722441052348,1.550826225262506,0.6691176470588235,0.3747609147609148,0.37810707456978965,0.4769469197985277,0.5271993200169995,55090,0.15702502603946739,0.5195984703632888,0.6218929254302104,0.3308823529411765,0.3747609147609148,0.37810707456978965,0.12694097336350213,0.02918446842544635,-0.008276576279990802,0.07486391040524457,0.10801452580018589,0.07668271260873237,-0.008276576279990802,0.37810707456978965,0.6691176470588235,0.4769469197985277,0.5235481237508093,0.5195984703632888,0.06313722441052348,0.10801452580018589,0.15702502603946739,0.12694097336350213,3,1,0.047508128890485474,1.0,18674.058876037598,epoch_56_original,8,A10_drop_front_triplet,6,R8_camera_group_repair_front_triplet,"['CAM_FRONT', 'CAM_FRONT_LEFT', 'CAM_FRONT_RIGHT']",replace,[1],,False,False,False
0.14988847583643122,0.038792423811554434,0.6755902747300975,0.06568937029254515,1.488750402293806,0.967741935483871,0.0,0.4340369393139842,0.4345718901453958,0.6894342659074029,50884,0.1170894408847538,0.0,0.5659630606860158,0.032258064516129004,0.0,0.4340369393139842,0.0,0.0,0.0,0.0,0.0,0.0,0.0,0.4340369393139842,0.967741935483871,0.4345718901453958,0.0,0.0,0.06568937029254515,0.0,0.1170894408847538,0.0,0,0,0.0,0.0,0.0,epoch_56_original,8,C4_motion_blur_9,0,R0_degraded_native,[],native,[],,False,False,False
0.17986834295580856,0.0553669371590769,0.613327920194873,0.06547803856545492,1.5364226887832038,0.9734513274336283,0.2743743690558419,0.5529625951671632,0.4379746835443038,0.623980800590751,52982,0.13278621969609095,0.0,0.4470374048328368,0.026548672566371723,0.2743743690558419,0.5529625951671632,0.0,0.0,0.0,0.0,0.0,0.0,0.0,0.5529625951671632,0.9734513274336283,0.4379746835443038,0.0,0.0,0.06547803856545492,0.0,0.13278621969609095,0.0,0,0,0.0,0.0,0.0,epoch_56_original,8,C4_motion_blur_9,2,R0_degraded_native,[],native,[],,False,False,False
0.18119960022453144,0.05270588480886945,0.6280736265280314,0.06197066585045043,1.424504707039483,0.9661016949152542,0.2718442295750909,0.5589078292351788,0.5736651947009234,0.6321849501359927,50691,0.11749332583953913,0.0,0.4410921707648212,0.03389830508474578,0.2718442295750909,0.5589078292351788,0.0,0.0,0.0,0.0,0.0,0.0,0.0,0.5589078292351788,0.9661016949152542,0.5736651947009234,0.6280736265280314,0.0,0.06197066585045043,0.0,0.11749332583953913,0.0,0,0,0.0,0.0,0.0,epoch_56_original,8,C4_motion_blur_9,4,R0_degraded_native,[],native,[],,False,False,False
0.16804740146163546,0.0496019127912909,0.6510992877853785,0.06324475538357953,1.4251048616389381,1.0,0.28303534303534306,0.5940089228808159,0.5462998837659822,0.6593103029567118,50624,0.11752948793739268,0.0,0.40599107711918414,0.0,0.28303534303534306,0.5940089228808159,0.0,0.0,0.0,0.0,0.0,0.0,0.0,0.5940089228808159,1.0,0.5462998837659822,0.6510992877853785,0.0,0.06324475538357953,0.0,0.11752948793739268,0.0,0,0,0.0,0.0,0.0,epoch_56_original,8,C4_motion_blur_9,6,R0_degraded_native,[],native,[],,False,False,False
0.174497416931689,0.05146324612764955,0.6452207495830773,0.058287844099164605,1.3879282600427163,0.967741935483871,0.0,0.4787269129287599,0.41733979536887456,0.658300321861847,47438,0.11615319348137745,0.0,0.5212730870712401,0.032258064516129004,0.0,0.4787269129287599,0.02460894109525777,0.012670822316095114,-0.007401526193380546,-0.06772266331263266,-0.10082214225108976,-0.0009362474033763474,-0.007401526193380546,0.4787269129287599,0.967741935483871,0.41733979536887456,0.0,0.0,0.058287844099164605,-0.10082214225108976,0.11615319348137745,0.02460894109525777,6,1,0.040010552458239326,1.0,2084.7805989583335,epoch_56_original,8,C4_motion_blur_9,0,R5_blend_alpha03,"['CAM_FRONT', 'CAM_FRONT_RIGHT', 'CAM_FRONT_LEFT', 'CAM_BACK', 'CAM_BACK_LEFT', 'CAM_BACK_RIGHT']",blend,"[1, 2]",0.3,False,False,False
0.18964816087279662,0.05104028342159326,0.6078181185477323,0.060819202135038546,1.4601264354483239,0.9734513274336283,0.30609425641570587,0.5365772922873221,0.4835443037974684,0.6153656810559676,50351,0.12794339403781463,0.0,0.4634227077126779,0.026548672566371723,0.30609425641570587,0.5365772922873221,0.009779817916988065,-0.004326653737483643,-0.004658836430416376,-0.049658374542297386,-0.07629625333487988,-0.004842825658276317,-0.004658836430416376,0.5365772922873221,0.9734513274336283,0.4835443037974684,0.0,0.0,0.060819202135038546,-0.07629625333487988,0.12794339403781463,0.009779817916988065,6,1,0.040010552458239326,1.0,2084.7805989583335,epoch_56_original,8,C4_motion_blur_9,2,R5_blend_alpha03,"['CAM_FRONT', 'CAM_FRONT_RIGHT', 'CAM_FRONT_LEFT', 'CAM_BACK', 'CAM_BACK_LEFT', 'CAM_BACK_RIGHT']",blend,"[1, 2]",0.3,False,False,False
0.19619145211562272,0.04919230422904741,0.6126176759870732,0.057374486073310554,1.3618940564844737,0.9830508474576272,0.3042668322540584,0.5537788505053552,0.5716579686872741,0.6157147174372922,48463,0.12449065617535478,0.0,0.44622114949464475,0.016949152542372836,0.3042668322540584,0.5537788505053552,0.014991851891091285,-0.00351358057982204,-0.004596179777139879,-0.04395257540786333,-0.06261065055500925,0.006997330335815649,-0.004596179777139879,0.5537788505053552,0.9830508474576272,0.5716579686872741,0.6126176759870732,0.0,0.057374486073310554,-0.06261065055500925,0.12449065617535478,0.014991851891091285,6,1,0.040010552458239326,1.0,2084.7805989583335,epoch_56_original,8,C4_motion_blur_9,4,R5_blend_alpha03,"['CAM_FRONT', 'CAM_FRONT_RIGHT', 'CAM_FRONT_LEFT', 'CAM_BACK', 'CAM_BACK_LEFT', 'CAM_BACK_RIGHT']",blend,"[1, 2]",0.3,False,False,False
0.19466896932463232,0.052861985289309195,0.6128705345832278,0.058099811903513286,1.3757847028685641,1.0,0.31575883575883573,0.5406309751434034,0.5269275474622239,0.619604152753324,48872,0.12580581595022944,0.0,0.4593690248565966,0.0,0.31575883575883573,0.5406309751434034,0.026621567862996853,0.003260072498018296,-0.005144943480066243,-0.03460809102402023,-0.04932015877037399,0.008276328012836759,-0.005144943480066243,0.5406309751434034,1.0,0.5269275474622239,0.6128705345832278,0.0,0.058099811903513286,-0.04932015877037399,0.12580581595022944,0.026621567862996853,6,1,0.040010552458239326,1.0,2084.7805989583335,epoch_56_original,8,C4_motion_blur_9,6,R5_blend_alpha03,"['CAM_FRONT', 'CAM_FRONT_RIGHT', 'CAM_FRONT_LEFT', 'CAM_BACK', 'CAM_BACK_LEFT', 'CAM_BACK_RIGHT']",blend,"[1, 2]",0.3,False,False,False
0.16764464098421067,0.049787830582512786,0.6539395535270195,0.06004248779755076,1.410310424529682,0.967741935483871,0.0,0.47064643799472294,0.4114162627894453,0.6678633325080465,48203,0.11509991515257907,0.0,0.5293535620052771,0.032258064516129004,0.0,0.47064643799472294,0.017756165147779446,0.010995406770958352,-0.005646882494994392,-0.05268846788774467,-0.07843997776412404,-0.0019895257321747295,-0.005646882494994392,0.47064643799472294,0.967741935483871,0.4114162627894453,0.0,0.0,0.06004248779755076,-0.07843997776412404,0.11509991515257907,0.017756165147779446,6,1,0.040010552458239326,1.0,2485.615264892578,epoch_56_original,8,C4_motion_blur_9,0,R6_blend_alpha05,"['CAM_FRONT', 'CAM_FRONT_RIGHT', 'CAM_FRONT_LEFT', 'CAM_BACK', 'CAM_BACK_LEFT', 'CAM_BACK_RIGHT']",blend,"[1, 2]",0.5,False,False,False
0.1900324661635114,0.052105871624810014,0.607905115415845,0.06055496469127158,1.4553996056141978,0.9734513274336283,0.2985494925880665,0.4856007944389275,0.45974683544303796,0.6169040952586075,50188,0.13159726249855005,0.0,0.5143992055610724,0.026548672566371723,0.2985494925880665,0.4856007944389275,0.010164123207702852,-0.003261065534266888,-0.004923073874183344,-0.0527348910950889,-0.08102308316900597,-0.0011889571975408908,-0.004923073874183344,0.4856007944389275,0.9734513274336283,0.45974683544303796,0.0,0.0,0.06055496469127158,-0.08102308316900597,0.13159726249855005,0.010164123207702852,6,1,0.040010552458239326,1.0,2485.615264892578,epoch_56_original,8,C4_motion_blur_9,2,R6_blend_alpha05,"['CAM_FRONT', 'CAM_FRONT_RIGHT', 'CAM_FRONT_LEFT', 'CAM_BACK', 'CAM_BACK_LEFT', 'CAM_BACK_RIGHT']",blend,"[1, 2]",0.5,False,False,False
0.19481964313731084,0.048757701497601905,0.6161584937473654,0.057123003234532566,1.3540817760292259,0.9830508474576272,0.2963275082054466,0.5406546990496304,0.5796868727418707,0.6189181021456633,48185,0.12533370802304342,0.0,0.45934530095036963,0.016949152542372836,0.2963275082054466,0.5406546990496304,0.013620042912779406,-0.003948183311267547,-0.004847662615917868,-0.049436783649957586,-0.0704229310102571,0.007840382183504288,-0.004847662615917868,0.5406546990496304,0.9830508474576272,0.5796868727418707,0.6161584937473654,0.0,0.057123003234532566,-0.0704229310102571,0.12533370802304342,0.013620042912779406,6,1,0.040010552458239326,1.0,2485.615264892578,epoch_56_original,8,C4_motion_blur_9,4,R6_blend_alpha05,"['CAM_FRONT', 'CAM_FRONT_RIGHT', 'CAM_FRONT_LEFT', 'CAM_BACK', 'CAM_BACK_LEFT', 'CAM_BACK_RIGHT']",blend,"[1, 2]",0.5,False,False,False
0.1925948973242066,0.05215793828877729,0.6166427385074459,0.05820734287656933,1.3738422993553472,1.0,0.31617463617463615,0.5705863607393244,0.5335141418055017,0.6231558496751867,48803,0.12842383807673902,0.0,0.42941363926067555,0.0,0.31617463617463615,0.5705863607393244,0.024547495862571128,0.002556025497486389,-0.005037412507010196,-0.035971080910240205,-0.05126256228359094,0.010894350139346337,-0.005037412507010196,0.5705863607393244,1.0,0.5335141418055017,0.6166427385074459,0.0,0.05820734287656933,-0.05126256228359094,0.12842383807673902,0.024547495862571128,6,1,0.040010552458239326,1.0,2485.615264892578,epoch_56_original,8,C4_motion_blur_9,6,R6_blend_alpha05,"['CAM_FRONT', 'CAM_FRONT_RIGHT', 'CAM_FRONT_LEFT', 'CAM_BACK', 'CAM_BACK_LEFT', 'CAM_BACK_RIGHT']",blend,"[1, 2]",0.5,False,False,False
0.16087766507969364,0.05102412074170173,0.6589133678574564,0.06319688488844065,1.461248134819626,0.967741935483871,0.0,0.43964379947229554,0.3871836295099623,0.6745172072295123,49944,0.11629948213815501,0.0,0.5603562005277045,0.032258064516129004,0.0,0.43964379947229554,0.01098918924326242,0.012231696930147293,-0.0024924854041045025,-0.0184733904567251,-0.027502267474180053,-0.0007899587465987901,-0.0024924854041045025,0.43964379947229554,0.967741935483871,0.3871836295099623,0.0,0.0,0.06319688488844065,-0.027502267474180053,0.11629948213815501,0.01098918924326242,6,1,0.040010552458239326,1.0,2112.2400716145835,epoch_56_original,8,C4_motion_blur_9,0,R7_blend_alpha07,"['CAM_FRONT', 'CAM_FRONT_RIGHT', 'CAM_FRONT_LEFT', 'CAM_BACK', 'CAM_BACK_LEFT', 'CAM_BACK_RIGHT']",blend,"[1, 2]",0.7,False,False,False
0.19253934330678066,0.05403176540686478,0.5976684839345784,0.06205286070062558,1.491938290221552,0.9734513274336283,0.28473513628393815,0.4655743131413439,0.4430379746835443,0.607058244361712,51448,0.13377218420136874,0.0,0.5344256868586561,0.026548672566371723,0.28473513628393815,0.4655743131413439,0.0126710003509721,-0.001335171752212122,-0.0034251778648293416,-0.028953229398663696,-0.04448439856165165,0.0009859645052777977,-0.0034251778648293416,0.4655743131413439,0.9734513274336283,0.4430379746835443,0.0,0.0,0.06205286070062558,-0.04448439856165165,0.13377218420136874,0.0126710003509721,6,1,0.040010552458239326,1.0,2112.2400716145835,epoch_56_original,8,C4_motion_blur_9,2,R7_blend_alpha07,"['CAM_FRONT', 'CAM_FRONT_RIGHT', 'CAM_FRONT_LEFT', 'CAM_BACK', 'CAM_BACK_LEFT', 'CAM_BACK_RIGHT']",blend,"[1, 2]",0.7,False,False,False
0.19537719286119137,0.04931935493609634,0.6028382745538851,0.06080590322874184,1.4299564423212028,0.9830508474576272,0.2932227446110175,0.5091265650927742,0.5443596949016459,0.6072529465095194,50885,0.12909933960938597,0.0,0.4908734349072258,0.016949152542372836,0.2932227446110175,0.5091265650927742,0.014177592636659936,-0.00338652987277311,-0.001164762621708594,0.00382710934879959,0.005451735281719827,0.011606013769846837,-0.001164762621708594,0.5091265650927742,0.9830508474576272,0.5443596949016459,0.6028382745538851,0.0,0.06080590322874184,0.005451735281719827,0.12909933960938597,0.014177592636659936,6,1,0.040010552458239326,1.0,2112.2400716145835,epoch_56_original,8,C4_motion_blur_9,4,R7_blend_alpha07,"['CAM_FRONT', 'CAM_FRONT_RIGHT', 'CAM_FRONT_LEFT', 'CAM_BACK', 'CAM_BACK_LEFT', 'CAM_BACK_RIGHT']",blend,"[1, 2]",0.7,False,False,False
0.18230747998895944,0.04929463431468912,0.6281282549334234,0.06110571618109539,1.411676941699744,0.9852941176470589,0.30224532224532225,0.5627788400254939,0.5544362650135606,0.6339020095926173,50147,0.12445457872364384,0.0,0.43722115997450606,0.014705882352941124,0.30224532224532225,0.5627788400254939,0.014260078527323972,-0.00030727847660178,-0.002139039202484136,-0.00942240834386852,-0.013427919939194233,0.006925090786251156,-0.002139039202484136,0.5627788400254939,0.9852941176470589,0.5544362650135606,0.6281282549334234,0.0,0.06110571618109539,-0.013427919939194233,0.12445457872364384,0.014260078527323972,6,1,0.040010552458239326,1.0,2112.2400716145835,epoch_56_original,8,C4_motion_blur_9,6,R7_blend_alpha07,"['CAM_FRONT', 'CAM_FRONT_RIGHT', 'CAM_FRONT_LEFT', 'CAM_BACK', 'CAM_BACK_LEFT', 'CAM_BACK_RIGHT']",blend,"[1, 2]",0.7,False,False,False
0.226093570469147,0.09048533140821355,0.5912402352321601,0.04558112049598809,1.2166827584189122,0.9247311827956989,0.0,0.2325197889182058,0.3607969843834141,0.6043884624907155,41585,0.10658591532812546,0.0,0.7674802110817942,0.07526881720430112,0.0,0.2325197889182058,0.0,0.0,0.0,0.0,0.0,0.0,0.0,0.2325197889182058,0.9247311827956989,0.3607969843834141,0.0,0.0,0.04558112049598809,0.0,0.10658591532812546,0.0,0,0,0.0,0.0,0.0,epoch_56_original,8,A7_drop_all_rear,0,R0_degraded_native,[],native,[],,False,False,False
0.2134928709172905,0.0821913863851952,0.592274678111588,0.05181200827063199,1.3175095696554924,0.9380530973451328,0.3166675522023272,0.43164515061238,0.3939240506329114,0.6042275622288545,45433,0.12521749217028186,0.0,0.56835484938762,0.06194690265486724,0.3166675522023272,0.43164515061238,0.0,0.0,0.0,0.0,0.0,0.0,0.0,0.43164515061238,0.9380530973451328,0.3939240506329114,0.0,0.0,0.05181200827063199,0.0,0.12521749217028186,0.0,0,0,0.0,0.0,0.0,epoch_56_original,8,A7_drop_all_rear,2,R0_degraded_native,[],native,[],,False,False,False
0.2556940781587149,0.08469364364232441,0.5204721090347056,0.051539091518244914,1.3549248278769144,0.8728813559322034,0.35593896921848667,0.3133202594659828,0.4809313528703332,0.523451193714113,48215,0.14893915975832514,0.0,0.6866797405340173,0.1271186440677966,0.35593896921848667,0.3133202594659828,0.0,0.0,0.0,0.0,0.0,0.0,0.0,0.3133202594659828,0.8728813559322034,0.4809313528703332,0.5204721090347056,0.0,0.051539091518244914,0.0,0.14893915975832514,0.0,0,0,0.0,0.0,0.0,epoch_56_original,8,A7_drop_all_rear,4,R0_degraded_native,[],native,[],,False,False,False
0.2739395765840428,0.09531710918338045,0.48821890043070687,0.051022619553763006,1.380007319201644,0.9191176470588235,0.401995841995842,0.2939770554493308,0.47268500581170086,0.48943597838625463,49022,0.150775553866509,0.0,0.7060229445506692,0.08088235294117652,0.401995841995842,0.2939770554493308,0.0,0.0,0.0,0.0,0.0,0.0,0.0,0.2939770554493308,0.9191176470588235,0.47268500581170086,0.48821890043070687,0.0,0.051022619553763006,0.0,0.150775553866509,0.0,0,0,0.0,0.0,0.0,epoch_56_original,8,A7_drop_all_rear,6,R0_degraded_native,[],native,[],,False,False,False
0.2523994250652984,0.1170700794483984,0.5159464105756121,0.0510752776852252,1.4018614025727667,0.7872340425531915,0.0,0.3624272651704073,0.3093060785368478,0.5278963223296096,47296,0.11918311696010433,0.0,0.6375727348295928,0.21276595744680848,0.0,0.3624272651704073,0.0,0.0,0.0,0.0,0.0,0.0,0.0,0.3624272651704073,0.7872340425531915,0.3093060785368478,0.0,0.0,0.0510752776852252,0.0,0.11918311696010433,0.0,0,0,0.0,0.0,0.0,epoch_56_original,9,A0_clean,0,R0_degraded_native,[],native,[],,False,False,False
0.2825655585065788,0.10311393819649083,0.4693269120513703,0.05061839382862129,1.408726063524825,0.7387387387387387,0.4104384782834042,0.29983922829581994,0.4182776801405975,0.4728254201938413,49142,0.14731682146542827,0.0,0.70016077170418,0.26126126126126126,0.4104384782834042,0.29983922829581994,0.0,0.0,0.0,0.0,0.0,0.0,0.0,0.29983922829581994,0.7387387387387387,0.4182776801405975,0.0,0.0,0.05061839382862129,0.0,0.14731682146542827,0.0,0,0,0.0,0.0,0.0,epoch_56_original,9,A0_clean,2,R0_degraded_native,[],native,[],,False,False,False
0.27207858123843076,0.10101851535584401,0.4919298636857804,0.051504071163844686,1.3754355643520195,0.7398373983739838,0.39133893062306674,0.34993593850096094,0.4943204073638856,0.4916399003392069,49341,0.1392133359351044,0.0,0.6500640614990391,0.26016260162601623,0.39133893062306674,0.34993593850096094,0.0,0.0,0.0,0.0,0.0,0.0,0.0,0.34993593850096094,0.7398373983739838,0.4943204073638856,0.4919298636857804,0.0,0.051504071163844686,0.0,0.1392133359351044,0.0,0,0,0.0,0.0,0.0,epoch_56_original,9,A0_clean,4,R0_degraded_native,[],native,[],,False,False,False
0.2720453107582924,0.10437891287938034,0.49271087890789583,0.05093489565667713,1.3720120221342098,0.7046979865771812,0.4063006525082083,0.35504940545972197,0.48591277499035124,0.4932444713723114,48845,0.14659700570208703,0.0,0.644950594540278,0.2953020134228188,0.4063006525082083,0.35504940545972197,0.0,0.0,0.0,0.0,0.0,0.0,0.0,0.35504940545972197,0.7046979865771812,0.48591277499035124,0.49271087890789583,0.0,0.05093489565667713,0.0,0.14659700570208703,0.0,0,0,0.0,0.0,0.0,epoch_56_original,9,A0_clean,6,R0_degraded_native,[],native,[],,False,False,False
0.18193632228719947,0.07875936314257695,0.6431323729918786,0.05350656976686647,1.3183650483134743,0.6382978723404256,0.0,0.5064006650041563,0.4007530930607854,0.6572737542362245,44479,0.10886833837216195,0.0,0.49359933499584374,0.36170212765957444,0.0,0.5064006650041563,0.0,0.0,0.0,0.0,0.0,0.0,0.0,0.5064006650041563,0.6382978723404256,0.4007530930607854,0.0,0.0,0.05350656976686647,0.0,0.10886833837216195,0.0,0,0,0.0,0.0,0.0,epoch_56_original,9,A1_drop_cam_front,0,R0_degraded_native,[],native,[],,False,False,False
0.17822304642151762,0.07274068301853225,0.6611340442609792,0.05196193787637412,1.2402247448687078,0.8108108108108109,0.23691302995749974,0.6993569131832797,0.5575571177504394,0.6683229051650105,43264,0.09064327485380116,0.0,0.30064308681672025,0.18918918918918914,0.23691302995749974,0.6993569131832797,0.0,0.0,0.0,0.0,0.0,0.0,0.0,0.6993569131832797,0.8108108108108109,0.5575571177504394,0.0,0.0,0.05196193787637412,0.0,0.09064327485380116,0.0,0,0,0.0,0.0,0.0,epoch_56_original,9,A1_drop_cam_front,2,R0_degraded_native,[],native,[],,False,False,False
0.16949399556954647,0.06380052826513936,0.6758007415047529,0.05419886878090203,1.236947007498676,0.8536585365853658,0.2595669465311533,0.6897821909032671,0.5875440658049353,0.6824963227568817,44373,0.09458367016976556,0.0,0.3102178090967329,0.14634146341463417,0.2595669465311533,0.6897821909032671,0.0,0.0,0.0,0.0,0.0,0.0,0.0,0.6897821909032671,0.8536585365853658,0.5875440658049353,0.6758007415047529,0.0,0.05419886878090203,0.0,0.09458367016976556,0.0,0,0,0.0,0.0,0.0,epoch_56_original,9,A1_drop_cam_front,4,R0_degraded_native,[],native,[],,False,False,False
0.17506145186391867,0.061962119108966436,0.6619196089997472,0.0548511827451733,1.2692901884778518,0.8590604026845637,0.2801629192469141,0.6851448668564729,0.5742956387495176,0.6687973341411694,45188,0.10951939552259768,0.0,0.3148551331435271,0.14093959731543626,0.2801629192469141,0.6851448668564729,0.0,0.0,0.0,0.0,0.0,0.0,0.0,0.6851448668564729,0.8590604026845637,0.5742956387495176,0.6619196089997472,0.0,0.0548511827451733,0.0,0.10951939552259768,0.0,0,0,0.0,0.0,0.0,epoch_56_original,9,A1_drop_cam_front,6,R0_degraded_native,[],native,[],,False,False,False
0.23225081669154926,0.09284598194469972,0.5342936747880728,0.05593786184850774,1.4708933546742546,0.7659574468085106,0.0,0.42460515378221114,0.3630984400215169,0.5441194929082466,49625,0.1296460963898275,0.0,0.5753948462177889,0.23404255319148937,0.0,0.42460515378221114,0.05031449440434979,0.014086618802122766,0.0024312920816412717,0.11569504710087906,0.1525283063607803,0.020777758017665543,0.0024312920816412717,0.42460515378221114,0.7659574468085106,0.3630984400215169,0.0,0.0,0.05593786184850774,0.1525283063607803,0.1296460963898275,0.05031449440434979,1,1,0.04601120948791504,1.0,18167.41965484619,epoch_56_original,9,A1_drop_cam_front,0,R1_replace_tminus1,['CAM_FRONT'],replace,[1],,False,False,False
0.2567526467478674,0.09559175598117947,0.491801398922142,0.05645694379259514,1.487530099759202,0.7747747747747747,0.3405203690266404,0.3295819935691318,0.4872583479789104,0.4920561894246105,51891,0.13533425065932805,0.0,0.6704180064308682,0.22522522522522526,0.3405203690266404,0.3295819935691318,0.07852960032634979,0.022851072962647226,0.004495005916221019,0.19940366124260356,0.2473053548904942,0.04469097580552689,0.004495005916221019,0.3295819935691318,0.7747747747747747,0.4872583479789104,0.0,0.0,0.05645694379259514,0.2473053548904942,0.13533425065932805,0.07852960032634979,1,1,0.04601120948791504,1.0,18167.41965484619,epoch_56_original,9,A1_drop_cam_front,2,R1_replace_tminus1,['CAM_FRONT'],replace,[1],,False,False,False
0.251616265476006,0.0858372214022251,0.502021018593371,0.05814009305990297,1.4770997686282161,0.7479674796747967,0.36036235086168805,0.29948750800768736,0.518213866039953,0.5006754120013208,52988,0.1359797061857107,0.0,0.7005124919923127,0.2520325203252033,0.36036235086168805,0.29948750800768736,0.08212226990645954,0.02203669313708574,0.0039412242790009405,0.19414959547472563,0.2401527611295402,0.041396036015945145,0.0039412242790009405,0.29948750800768736,0.7479674796747967,0.518213866039953,0.502021018593371,0.0,0.05814009305990297,0.2401527611295402,0.1359797061857107,0.08212226990645954,1,1,0.04601120948791504,1.0,18167.41965484619,epoch_56_original,9,A1_drop_cam_front,4,R1_replace_tminus1,['CAM_FRONT'],replace,[1],,False,False,False
0.25749328284445433,0.09048537761220868,0.48046403190921605,0.059943845042761484,1.537204011123283,0.7785234899328859,0.4029342088857487,0.30229442304471615,0.5117715167888846,0.47800666464707664,54726,0.14687789668829526,0.0,0.6977055769552838,0.2214765100671141,0.4029342088857487,0.30229442304471615,0.08243183098053566,0.028523258503242242,0.005092662297588181,0.21107373639019208,0.2679138226454312,0.03735850116569758,0.005092662297588181,0.30229442304471615,0.7785234899328859,0.5117715167888846,0.48046403190921605,0.0,0.059943845042761484,0.2679138226454312,0.14687789668829526,0.08243183098053566,1,1,0.04601120948791504,1.0,18167.41965484619,epoch_56_original,9,A1_drop_cam_front,6,R1_replace_tminus1,['CAM_FRONT'],replace,[1],,False,False,False
0.23861673201436148,0.10011116456770484,0.529195565830814,0.05414985600285025,1.44386152113344,0.7340425531914894,0.0,0.35827098919368244,0.3830016137708445,0.537561189908372,48713,0.12976465706325213,0.0,0.6417290108063176,0.26595744680851063,0.0,0.35827098919368244,0.05668040972716201,0.021351801425127895,0.000643286235983781,0.09519098900604779,0.12549647281996568,0.020896318691090182,0.000643286235983781,0.35827098919368244,0.7340425531914894,0.3830016137708445,0.0,0.0,0.05414985600285025,0.12549647281996568,0.12976465706325213,0.05668040972716201,1,2,0.04687017744237726,1.0,18377.88272857666,epoch_56_original,9,A1_drop_cam_front,0,R2_replace_tminus2,['CAM_FRONT'],replace,[2],,False,False,False
0.26123406629565515,0.09469405792626635,0.47655085425983257,0.057864938292823194,1.5272044490310743,0.7567567567567568,0.3578832797760962,0.32266881028938904,0.46660808435852374,0.4771807140228193,53275,0.1471161564040821,0.0,0.6773311897106109,0.2432432432432432,0.3578832797760962,0.32266881028938904,0.08301101987413753,0.021953374907734108,0.005903000416449075,0.23139330621301776,0.2869797041623665,0.056472881550280934,0.005903000416449075,0.32266881028938904,0.7567567567567568,0.46660808435852374,0.0,0.0,0.057864938292823194,0.2869797041623665,0.1471161564040821,0.08301101987413753,1,2,0.04687017744237726,1.0,18377.88272857666,epoch_56_original,9,A1_drop_cam_front,2,R2_replace_tminus2,['CAM_FRONT'],replace,[2],,False,False,False
0.25415643829502343,0.08501933043659037,0.4920413681598974,0.059297134542902405,1.5065648259136397,0.7235772357723578,0.3642509942554132,0.3278347213324792,0.517822169996083,0.48995887491369733,54045,0.15075404900621636,0.0,0.6721652786675207,0.2764227642276422,0.3642509942554132,0.3278347213324792,0.08466244272547696,0.021218802171451,0.005098265762000377,0.21797038739774188,0.2696178184149638,0.056170378836450804,0.005098265762000377,0.3278347213324792,0.7235772357723578,0.517822169996083,0.4920413681598974,0.0,0.059297134542902405,0.2696178184149638,0.15075404900621636,0.08466244272547696,1,2,0.04687017744237726,1.0,18377.88272857666,epoch_56_original,9,A1_drop_cam_front,4,R2_replace_tminus2,['CAM_FRONT'],replace,[2],,False,False,False
0.2484671087312377,0.08543802847966993,0.49689615460239883,0.060365751763321915,1.5279346085784107,0.6040268456375839,0.38996716678442295,0.3461731703232289,0.5086839058278657,0.49597091790366554,54396,0.15148450886211062,0.0,0.6538268296767711,0.3959731543624161,0.38996716678442295,0.3461731703232289,0.07340565686731904,0.023475909370703492,0.0055145690181486115,0.20377091263167213,0.2586444201005589,0.041965113339512944,0.0055145690181486115,0.3461731703232289,0.6040268456375839,0.5086839058278657,0.49689615460239883,0.0,0.060365751763321915,0.2586444201005589,0.15148450886211062,0.07340565686731904,1,2,0.04687017744237726,1.0,18377.88272857666,epoch_56_original,9,A1_drop_cam_front,6,R2_replace_tminus2,['CAM_FRONT'],replace,[2],,False,False,False
0.23171530673019655,0.09354195015582403,0.5387397000414962,0.05512798097192303,1.4518940067579584,0.8085106382978723,0.0,0.4204488778054863,0.37708445400753093,0.5480105434919041,48984,0.12760092477325272,0.0,0.5795511221945138,0.19148936170212771,0.0,0.4204488778054863,0.04977898444299708,0.014782587013247084,0.0016214112050565582,0.10128375188291104,0.1335289584444841,0.018732586401090767,0.0016214112050565582,0.4204488778054863,0.8085106382978723,0.37708445400753093,0.0,0.0,0.05512798097192303,0.1335289584444841,0.12760092477325272,0.04977898444299708,1,1,0.045063829218799416,1.0,17365.970863342285,epoch_56_original,9,A1_drop_cam_front,0,R3_ema_K2,['CAM_FRONT'],ema,"[1, 2]",,False,False,False
0.2623628974698848,0.09824085098106772,0.48366013071895425,0.05580582896502489,1.4843767916523334,0.7567567567567568,0.3455996682906603,0.3172025723472669,0.48637961335676627,0.4834069439332597,51781,0.1396628826969384,0.0,0.6827974276527331,0.2432432432432432,0.3455996682906603,0.3172025723472669,0.08413985104836716,0.025500167962535472,0.0038438910886507693,0.19686113165680474,0.24415204678362556,0.04901960784313725,0.0038438910886507693,0.3172025723472669,0.7567567567567568,0.48637961335676627,0.0,0.0,0.05580582896502489,0.24415204678362556,0.1396628826969384,0.08413985104836716,1,1,0.045063829218799416,1.0,17365.970863342285,epoch_56_original,9,A1_drop_cam_front,2,R3_ema_K2,['CAM_FRONT'],ema,"[1, 2]",,False,False,False
0.2563824849141266,0.08662735241424586,0.4919019875672511,0.05829900004469259,1.4898949070331446,0.7398373983739838,0.37083517454706144,0.3007687379884689,0.5174304739522131,0.4898388016690181,53447,0.14219608061773478,0.0,0.6992312620115311,0.26016260162601623,0.37083517454706144,0.3007687379884689,0.0868884893445801,0.0228268241491065,0.004100131263790559,0.20449372366078472,0.2529478995344687,0.047612410447969225,0.004100131263790559,0.3007687379884689,0.7398373983739838,0.5174304739522131,0.4919019875672511,0.0,0.05829900004469259,0.2529478995344687,0.14219608061773478,0.0868884893445801,1,1,0.045063829218799416,1.0,17365.970863342285,epoch_56_original,9,A1_drop_cam_front,4,R3_ema_K2,['CAM_FRONT'],ema,"[1, 2]",,False,False,False
0.2581777165058278,0.08957824964108334,0.4792281115698997,0.059910754319580276,1.5378781494901828,0.6912751677852349,0.4053863097959353,0.3069837548149389,0.5140872250096488,0.47649197212965766,54750,0.15168113255245638,0.0,0.6930162451850611,0.3087248322147651,0.4053863097959353,0.3069837548149389,0.08311626464190916,0.027616130532116902,0.005059571574406972,0.21160485084535718,0.26858796101233096,0.042161737029858704,0.005059571574406972,0.3069837548149389,0.6912751677852349,0.5140872250096488,0.4792281115698997,0.0,0.059910754319580276,0.26858796101233096,0.15168113255245638,0.08311626464190916,1,1,0.045063829218799416,1.0,17365.970863342285,epoch_56_original,9,A1_drop_cam_front,6,R3_ema_K2,['CAM_FRONT'],ema,"[1, 2]",,False,False,False
0.23680915757467358,0.09590237266762158,0.5290770051573893,0.05501581824359765,1.4595411701938468,0.8085106382978723,0.0,0.39900249376558605,0.3711672942442173,0.5381260198318062,49242,0.12949789554804672,0.0,0.600997506234414,0.19148936170212771,0.0,0.39900249376558605,0.05487283528747411,0.017143009525044633,0.00150924847673118,0.10708424200184356,0.14117612188037243,0.020629557175884772,0.00150924847673118,0.39900249376558605,0.8085106382978723,0.3711672942442173,0.0,0.0,0.05501581824359765,0.14117612188037243,0.12949789554804672,0.05487283528747411,1,2,0.044277445497837936,1.0,16763.276222229004,epoch_56_original,9,A1_drop_cam_front,0,R4_ema_K3,['CAM_FRONT'],ema,"[1, 2, 3]",,False,False,False
0.2615328679464805,0.09568148668742815,0.4844914574016741,0.05598265456540564,1.4866127737644765,0.7657657657657657,0.3455996682906603,0.33987138263665595,0.4797891036906854,0.4847564715985769,51859,0.1424435271184497,0.0,0.660128617363344,0.23423423423423428,0.3455996682906603,0.33987138263665595,0.08330982152496288,0.022940803668895907,0.00402071668903152,0.19866401627218935,0.24638802889576872,0.051800252264648544,0.00402071668903152,0.33987138263665595,0.7657657657657657,0.4797891036906854,0.0,0.0,0.05598265456540564,0.24638802889576872,0.1424435271184497,0.08330982152496288,1,2,0.044277445497837936,1.0,16763.276222229004,epoch_56_original,9,A1_drop_cam_front,2,R4_ema_K3,['CAM_FRONT'],ema,"[1, 2, 3]",,False,False,False
0.25542229801147176,0.08720599559924629,0.4947732277757645,0.058073881816240625,1.4832325147046526,0.6747967479674797,0.36783031374281927,0.3089365791159513,0.5264394829612221,0.49224026656260317,53208,0.1418058149583252,0.0,0.6910634208840487,0.3252032520325203,0.36783031374281927,0.3089365791159513,0.08592830244192529,0.023405467334106922,0.0038750130353385967,0.19910756541139882,0.24628550720597664,0.04722214478855964,0.0038750130353385967,0.3089365791159513,0.6747967479674797,0.5264394829612221,0.4947732277757645,0.0,0.058073881816240625,0.24628550720597664,0.1418058149583252,0.08592830244192529,1,2,0.044277445497837936,1.0,16763.276222229004,epoch_56_original,9,A1_drop_cam_front,4,R4_ema_K3,['CAM_FRONT'],ema,"[1, 2, 3]",,False,False,False
0.25658432156840655,0.08810672146493859,0.48827280132580547,0.05857223456690034,1.5061093789500295,0.6174496644295302,0.40118864552595485,0.33930664880254563,0.5044384407564647,0.48700393820054527,53619,0.1539001713435016,0.0,0.6606933511974544,0.3825503355704698,0.40118864552595485,0.33930664880254563,0.08152286970448788,0.02614460235597215,0.0037210518217270366,0.1865760821457024,0.2368191904721777,0.04438077582090391,0.0037210518217270366,0.33930664880254563,0.6174496644295302,0.5044384407564647,0.48827280132580547,0.0,0.05857223456690034,0.2368191904721777,0.1539001713435016,0.08152286970448788,1,2,0.044277445497837936,1.0,16763.276222229004,epoch_56_original,9,A1_drop_cam_front,6,R4_ema_K3,['CAM_FRONT'],ema,"[1, 2, 3]",,False,False,False
0.1451228614077391,0.07630321019133078,0.700308257750904,0.059271404112413446,1.364781551959215,0.6808510638297872,0.0,0.7383208645054031,0.41635287789133946,0.7168946905987197,46045,0.10525223783271088,0.0,0.26167913549459687,0.3191489361702128,0.0,0.7383208645054031,0.0,0.0,0.0,0.0,0.0,0.0,0.0,0.7383208645054031,0.6808510638297872,0.41635287789133946,0.0,0.0,0.059271404112413446,0.0,0.10525223783271088,0.0,0,0,0.0,0.0,0.0,epoch_56_original,9,A10_drop_front_triplet,0,R0_degraded_native,[],native,[],,False,False,False
0.13852153970804323,0.06661703403699913,0.7108416466001606,0.06269045934994281,1.376619653709437,0.6756756756756757,0.22602881724888566,0.8432475884244373,0.5566783831282952,0.7215679057784321,48022,0.08384932920536636,0.0,0.15675241157556274,0.32432432432432434,0.22602881724888566,0.8432475884244373,0.0,0.0,0.0,0.0,0.0,0.0,0.0,0.8432475884244373,0.6756756756756757,0.5566783831282952,0.0,0.0,0.06269045934994281,0.0,0.08384932920536636,0.0,0,0,0.0,0.0,0.0,epoch_56_original,9,A10_drop_front_triplet,2,R0_degraded_native,[],native,[],,False,False,False
0.12034399141346548,0.054329335532954735,0.7468290915172972,0.06553919953916974,1.3568979455300645,0.7642276422764228,0.22187361908970393,0.8890134529147982,0.6247551899725813,0.7561312400564344,48676,0.08321021380982913,0.0,0.11098654708520184,0.2357723577235772,0.22187361908970393,0.8890134529147982,0.0,0.0,0.0,0.0,0.0,0.0,0.0,0.8890134529147982,0.7642276422764228,0.6247551899725813,0.7468290915172972,0.0,0.06553919953916974,0.0,0.08321021380982913,0.0,0,0,0.0,0.0,0.0,epoch_56_original,9,A10_drop_front_triplet,4,R0_degraded_native,[],native,[],,False,False,False
0.12125672454442432,0.05269705882211193,0.7385185809387377,0.0681172536685203,1.4179096092806383,0.7651006711409396,0.23648227421969162,0.8841065148216379,0.6271709764569664,0.7472584065434716,50479,0.08817168057077049,0.0614637414168481,0.11589348517836207,0.2348993288590604,0.23648227421969162,0.8841065148216379,0.0,0.0,0.0,0.0,0.0,0.0,0.0,0.8841065148216379,0.7651006711409396,0.6271709764569664,0.7385185809387377,0.0614637414168481,0.0681172536685203,0.0,0.08817168057077049,0.0,0,0,0.0,0.0,0.0,epoch_56_original,9,A10_drop_front_triplet,6,R0_degraded_native,[],native,[],,False,False,False
0.2188755299186879,0.08106275030726812,0.5332562688956073,0.0630206082518779,1.599205643488055,0.6063829787234043,0.0,0.4261014131338321,0.36148466917697686,0.5432408685829044,53954,0.13999051514612604,0.0,0.5738985868661679,0.3936170212765957,0.0,0.4261014131338321,0.07375266851094878,0.004759540115937336,0.003749204139464453,0.17176674991855792,0.23442409152884003,0.03473827731341515,0.003749204139464453,0.4261014131338321,0.6063829787234043,0.36148466917697686,0.0,0.0,0.0630206082518779,0.23442409152884003,0.13999051514612604,0.07375266851094878,3,1,0.04689923346494183,1.0,18801.109840393066,epoch_56_original,9,A10_drop_front_triplet,0,R1_replace_tminus1,"['CAM_FRONT', 'CAM_FRONT_LEFT', 'CAM_FRONT_RIGHT']",replace,[1],,False,False,False
0.23553255597140965,0.09061894345968415,0.5002866643733517,0.0646603295896985,1.621345029239766,0.7117117117117117,0.3365294910334819,0.38215434083601285,0.45694200351493847,0.5032511348300822,56559,0.14806214883614263,0.0,0.6178456591639871,0.28828828828828834,0.3365294910334819,0.38215434083601285,0.09701101626336642,0.024001909422685014,0.001969870239755686,0.1777726875182208,0.24472537553032891,0.06421281963077627,0.001969870239755686,0.38215434083601285,0.7117117117117117,0.45694200351493847,0.0,0.0,0.0646603295896985,0.24472537553032891,0.14806214883614263,0.09701101626336642,3,1,0.04689923346494183,1.0,18801.109840393066,epoch_56_original,9,A10_drop_front_triplet,2,R1_replace_tminus1,"['CAM_FRONT', 'CAM_FRONT_LEFT', 'CAM_FRONT_RIGHT']",replace,[1],,False,False,False
0.2346641849735228,0.08519202065511013,0.5009338499707301,0.06690480643970556,1.6257909848632677,0.7642276422764228,0.36266018559434376,0.3276745675848815,0.4931453192322758,0.5014258697805661,58322,0.14785493267917374,0.0,0.6723254324151184,0.2357723577235772,0.36266018559434376,0.3276745675848815,0.1143201935600573,0.03086268512215539,0.001365606900535818,0.19816747473087354,0.2688930393332032,0.06464471886934461,0.001365606900535818,0.3276745675848815,0.7642276422764228,0.4931453192322758,0.5009338499707301,0.0,0.06690480643970556,0.2688930393332032,0.14785493267917374,0.1143201935600573,3,1,0.04689923346494183,1.0,18801.109840393066,epoch_56_original,9,A10_drop_front_triplet,4,R1_replace_tminus1,"['CAM_FRONT', 'CAM_FRONT_LEFT', 'CAM_FRONT_RIGHT']",replace,[1],,False,False,False
0.240362841645163,0.08791348676316463,0.4871773264795933,0.066768806698886,1.64635824836381,0.7449664429530202,0.40393167366277377,0.324736225087925,0.487842531840988,0.48712511360193883,58612,0.15651245751523835,0.5871713280857478,0.675263774912075,0.25503355704697983,0.40393167366277377,0.324736225087925,0.11910611710073868,0.035216427941052696,-0.0013484469696342927,0.16111650389270785,0.2284486390831717,0.06834077694446786,-0.0013484469696342927,0.324736225087925,0.7449664429530202,0.487842531840988,0.4871773264795933,0.5871713280857478,0.066768806698886,0.2284486390831717,0.15651245751523835,0.11910611710073868,3,1,0.04689923346494183,1.0,18801.109840393066,epoch_56_original,9,A10_drop_front_triplet,6,R1_replace_tminus1,"['CAM_FRONT', 'CAM_FRONT_LEFT', 'CAM_FRONT_RIGHT']",replace,[1],,False,False,False
0.2333759219466868,0.08208129157785463,0.5235639338431443,0.05795844041025167,1.5179323018554745,0.6808510638297872,0.0,0.3645885286783042,0.3587950511027434,0.533011171080708,51212,0.1377675025194143,0.0,0.6354114713216958,0.3191489361702128,0.0,0.3645885286783042,0.08825306053894769,0.005778081386523845,-0.0013129637021617735,0.1122163101313932,0.15315074989625943,0.03251526468670342,-0.0013129637021617735,0.3645885286783042,0.6808510638297872,0.3587950511027434,0.0,0.0,0.05795844041025167,0.15315074989625943,0.1377675025194143,0.08825306053894769,3,2,0.047508128890485474,1.0,18674.058876037598,epoch_56_original,9,A10_drop_front_triplet,0,R2_replace_tminus2,"['CAM_FRONT', 'CAM_FRONT_LEFT', 'CAM_FRONT_RIGHT']",replace,[2],,False,False,False
0.24759079768270945,0.08816008606377544,0.49033941061804837,0.06101970531270037,1.5681401215456943,0.6936936936936937,0.346428941639888,0.34485530546623794,0.4507908611599297,0.49303766409029565,54703,0.1560027519779842,0.0,0.655144694533762,0.3063063063063063,0.346428941639888,0.34485530546623794,0.10906925797466621,0.02154305202677631,-0.0016707540372424418,0.13912373495481237,0.1915204678362572,0.07215342277261783,-0.0016707540372424418,0.34485530546623794,0.6936936936936937,0.4507908611599297,0.0,0.0,0.06101970531270037,0.1915204678362572,0.1560027519779842,0.10906925797466621,3,2,0.047508128890485474,1.0,18674.058876037598,epoch_56_original,9,A10_drop_front_triplet,2,R2_replace_tminus2,"['CAM_FRONT', 'CAM_FRONT_LEFT', 'CAM_FRONT_RIGHT']",replace,[2],,False,False,False
0.24005975013579575,0.07998902750587189,0.5072059766398127,0.06251500098489225,1.5455913918545983,0.7073170731707317,0.35346884666372075,0.3360025624599616,0.4951037994516255,0.5080298982379251,55445,0.15931201739469797,0.0,0.6639974375400384,0.29268292682926833,0.35346884666372075,0.3360025624599616,0.11971575872233027,0.025659691972917155,-0.0030241985542774907,0.13906237159996712,0.18869344632453378,0.07610180358486884,-0.0030241985542774907,0.3360025624599616,0.7073170731707317,0.4951037994516255,0.5072059766398127,0.0,0.06251500098489225,0.18869344632453378,0.15931201739469797,0.11971575872233027,3,2,0.047508128890485474,1.0,18674.058876037598,epoch_56_original,9,A10_drop_front_triplet,4,R2_replace_tminus2,"['CAM_FRONT', 'CAM_FRONT_LEFT', 'CAM_FRONT_RIGHT']",replace,[2],,False,False,False
0.23628095949200198,0.08206069883595868,0.506671160922446,0.0640801854404127,1.5812196286621163,0.6644295302013423,0.3836914508956403,0.3538770725171663,0.47780779621767655,0.5089366858527719,56293,0.16072582230836213,0.5453022944230447,0.6461229274828337,0.3355704697986577,0.3836914508956403,0.3538770725171663,0.11502423494757766,0.029363640013846747,-0.004037068228107593,0.11517660809445512,0.16331001938147804,0.07255414173759164,-0.004037068228107593,0.3538770725171663,0.6644295302013423,0.47780779621767655,0.506671160922446,0.5453022944230447,0.0640801854404127,0.16331001938147804,0.16072582230836213,0.11502423494757766,3,2,0.047508128890485474,1.0,18674.058876037598,epoch_56_original,9,A10_drop_front_triplet,6,R2_replace_tminus2,"['CAM_FRONT', 'CAM_FRONT_LEFT', 'CAM_FRONT_RIGHT']",replace,[2],,False,False,False
0.22342484916137967,0.07784454687195747,0.5313296579524571,0.061084151736378,1.5663346967810776,0.6702127659574468,0.0,0.41612635078969246,0.3663259817105971,0.5407932722480231,52845,0.13862706740174285,0.0,0.5838736492103076,0.32978723404255317,0.0,0.41612635078969246,0.07830198775364056,0.0015413366806266843,0.001812747623964557,0.14768161581062006,0.2015531448218626,0.03337482956903197,0.001812747623964557,0.41612635078969246,0.6702127659574468,0.3663259817105971,0.0,0.0,0.061084151736378,0.2015531448218626,0.13862706740174285,0.07830198775364056,3,1,0.04492387423912684,1.0,17416.541277567547,epoch_56_original,9,A10_drop_front_triplet,0,R3_ema_K2,"['CAM_FRONT', 'CAM_FRONT_LEFT', 'CAM_FRONT_RIGHT']",ema,"[1, 2]",,False,False,False
0.23921525526185636,0.08601054728408544,0.500859993120055,0.06263922950310354,1.5857126476321524,0.7387387387387387,0.33103555509484817,0.36897106109324757,0.45518453427065025,0.5039872408293461,55316,0.1474601536521041,0.0,0.6310289389067525,0.26126126126126126,0.33103555509484817,0.36897106109324757,0.10069371555381312,0.01939351324708631,-5.1229846839279114e-05,0.15188871767106743,0.2090929939227153,0.06361082444673774,-5.1229846839279114e-05,0.36897106109324757,0.7387387387387387,0.45518453427065025,0.0,0.0,0.06263922950310354,0.2090929939227153,0.1474601536521041,0.10069371555381312,3,1,0.04492387423912684,1.0,17416.541277567547,epoch_56_original,9,A10_drop_front_triplet,2,R3_ema_K2,"['CAM_FRONT', 'CAM_FRONT_LEFT', 'CAM_FRONT_RIGHT']",ema,"[1, 2]",,False,False,False
0.2340933970576456,0.0844206272370686,0.5111922615894963,0.06461058684680539,1.5768962729629525,0.7073170731707317,0.35223155103844456,0.33472133247918,0.4763023893458676,0.5137633956713595,56568,0.14913723413151952,0.0,0.66527866752082,0.29268292682926833,0.35223155103844456,0.33472133247918,0.11374940564418011,0.030091291704113864,-0.0009286126923643556,0.1621332895061221,0.21999832743288805,0.0659270203216904,-0.0009286126923643556,0.33472133247918,0.7073170731707317,0.4763023893458676,0.5111922615894963,0.0,0.06461058684680539,0.21999832743288805,0.14913723413151952,0.11374940564418011,3,1,0.04492387423912684,1.0,17416.541277567547,epoch_56_original,9,A10_drop_front_triplet,4,R3_ema_K2,"['CAM_FRONT', 'CAM_FRONT_LEFT', 'CAM_FRONT_RIGHT']",ema,"[1, 2]",,False,False,False
0.23911600743297054,0.0853506638429408,0.493974888345833,0.06574961242490474,1.6222578017471418,0.6241610738255033,0.39420639208677943,0.3208842739909563,0.4646854496333462,0.4962738564071493,57754,0.16218645543664503,0.5808072349690169,0.6791157260090437,0.37583892617449666,0.39420639208677943,0.3208842739909563,0.11785928288854622,0.03265360502082886,-0.002367641243615562,0.14411933675389765,0.2043481924665036,0.07401477486587454,-0.002367641243615562,0.3208842739909563,0.6241610738255033,0.4646854496333462,0.493974888345833,0.5808072349690169,0.06574961242490474,0.2043481924665036,0.16218645543664503,0.11785928288854622,3,1,0.04492387423912684,1.0,17416.541277567547,epoch_56_original,9,A10_drop_front_triplet,6,R3_ema_K2,"['CAM_FRONT', 'CAM_FRONT_LEFT', 'CAM_FRONT_RIGHT']",ema,"[1, 2]",,False,False,False
0.22891324593452253,0.09402210656812561,0.5264390301736914,0.059474286694531406,1.542296520244235,0.7127659574468085,0.0,0.38669991687448046,0.3630984400215169,0.5358039412576879,52034,0.13821210504475664,0.0,0.6133000831255195,0.2872340425531915,0.0,0.38669991687448046,0.08379038452678342,0.01771889637679483,0.00020288258211795945,0.1300684113367358,0.1775149682850199,0.03295986721204576,0.00020288258211795945,0.38669991687448046,0.7127659574468085,0.3630984400215169,0.0,0.0,0.059474286694531406,0.1775149682850199,0.13821210504475664,0.08379038452678342,3,2,0.04340646020842321,1.0,16494.82151031494,epoch_56_original,9,A10_drop_front_triplet,0,R4_ema_K3,"['CAM_FRONT', 'CAM_FRONT_LEFT', 'CAM_FRONT_RIGHT']",ema,"[1, 2, 3]",,False,False,False
0.23793348275814064,0.0904399368941894,0.510061919504644,0.061057714553903714,1.5490769407178075,0.7117117117117117,0.3257489374935213,0.38022508038585207,0.45738137082601055,0.5136793031529874,54038,0.1470301570920766,0.0,0.619774919614148,0.28828828828828834,0.3257489374935213,0.38022508038585207,0.0994119430500974,0.02382290285719027,-0.0016327447960391012,0.1252759152055308,0.17245728700837049,0.06318082788671023,-0.0016327447960391012,0.38022508038585207,0.7117117117117117,0.45738137082601055,0.0,0.0,0.061057714553903714,0.17245728700837049,0.1470301570920766,0.0994119430500974,3,2,0.04340646020842321,1.0,16494.82151031494,epoch_56_original,9,A10_drop_front_triplet,2,R4_ema_K3,"['CAM_FRONT', 'CAM_FRONT_LEFT', 'CAM_FRONT_RIGHT']",ema,"[1, 2, 3]",,False,False,False
0.23537339784627412,0.0835686644099695,0.5131714660050735,0.06343699255289037,1.555152900510133,0.6504065040650406,0.3474149359257623,0.32671364509929535,0.4872698785742264,0.5150541830516615,55788,0.14924873860563656,0.0,0.6732863549007047,0.34959349593495936,0.3474149359257623,0.32671364509929535,0.11502940643280864,0.02923932887701477,-0.002102206986279373,0.14610896540389515,0.1982549549800685,0.06603852479580744,-0.002102206986279373,0.32671364509929535,0.6504065040650406,0.4872698785742264,0.5131714660050735,0.0,0.06343699255289037,0.1982549549800685,0.14924873860563656,0.11502940643280864,3,2,0.04340646020842321,1.0,16494.82151031494,epoch_56_original,9,A10_drop_front_triplet,4,R4_ema_K3,"['CAM_FRONT', 'CAM_FRONT_LEFT', 'CAM_FRONT_RIGHT']",ema,"[1, 2, 3]",,False,False,False
0.23561948384158998,0.08515674549471912,0.5058284879638213,0.06463610958985704,1.5915002387573383,0.6778523489932886,0.38173808237396617,0.3419862669569586,0.462369741412582,0.5092396243562557,56659,0.15943372377180418,0.5571930999832524,0.6580137330430413,0.3221476510067114,0.38173808237396617,0.3419862669569586,0.11436275929716566,0.03245968667260719,-0.003481144078663262,0.12242714792289863,0.1735906294767,0.07126204320103369,-0.003481144078663262,0.3419862669569586,0.6778523489932886,0.462369741412582,0.5058284879638213,0.5571930999832524,0.06463610958985704,0.1735906294767,0.15943372377180418,0.11436275929716566,3,2,0.04340646020842321,1.0,16494.82151031494,epoch_56_original,9,A10_drop_front_triplet,6,R4_ema_K3,"['CAM_FRONT', 'CAM_FRONT_LEFT', 'CAM_FRONT_RIGHT']",ema,"[1, 2, 3]",,False,False,False
0.2188755299186879,0.08106275030726812,0.5332562688956073,0.0630206082518779,1.599205643488055,0.6063829787234043,0.0,0.4261014131338321,0.36148466917697686,0.5432408685829044,53954,0.13999051514612604,0.0,0.5738985868661679,0.3936170212765957,0.0,0.4261014131338321,0.07375266851094878,0.004759540115937336,0.003749204139464453,0.17176674991855792,0.23442409152884003,0.03473827731341515,0.003749204139464453,0.4261014131338321,0.6063829787234043,0.36148466917697686,0.0,0.0,0.0630206082518779,0.23442409152884003,0.13999051514612604,0.07375266851094878,3,1,0.04689923346494183,1.0,18801.109840393066,epoch_56_original,9,A10_drop_front_triplet,0,R8_camera_group_repair_front_triplet,"['CAM_FRONT', 'CAM_FRONT_LEFT', 'CAM_FRONT_RIGHT']",replace,[1],,False,False,False
0.23553255597140965,0.09061894345968415,0.5002866643733517,0.0646603295896985,1.621345029239766,0.7117117117117117,0.3365294910334819,0.38215434083601285,0.45694200351493847,0.5032511348300822,56559,0.14806214883614263,0.0,0.6178456591639871,0.28828828828828834,0.3365294910334819,0.38215434083601285,0.09701101626336642,0.024001909422685014,0.001969870239755686,0.1777726875182208,0.24472537553032891,0.06421281963077627,0.001969870239755686,0.38215434083601285,0.7117117117117117,0.45694200351493847,0.0,0.0,0.0646603295896985,0.24472537553032891,0.14806214883614263,0.09701101626336642,3,1,0.04689923346494183,1.0,18801.109840393066,epoch_56_original,9,A10_drop_front_triplet,2,R8_camera_group_repair_front_triplet,"['CAM_FRONT', 'CAM_FRONT_LEFT', 'CAM_FRONT_RIGHT']",replace,[1],,False,False,False
0.2346641849735228,0.08519202065511013,0.5009338499707301,0.06690480643970556,1.6257909848632677,0.7642276422764228,0.36266018559434376,0.3276745675848815,0.4931453192322758,0.5014258697805661,58322,0.14785493267917374,0.0,0.6723254324151184,0.2357723577235772,0.36266018559434376,0.3276745675848815,0.1143201935600573,0.03086268512215539,0.001365606900535818,0.19816747473087354,0.2688930393332032,0.06464471886934461,0.001365606900535818,0.3276745675848815,0.7642276422764228,0.4931453192322758,0.5009338499707301,0.0,0.06690480643970556,0.2688930393332032,0.14785493267917374,0.1143201935600573,3,1,0.04689923346494183,1.0,18801.109840393066,epoch_56_original,9,A10_drop_front_triplet,4,R8_camera_group_repair_front_triplet,"['CAM_FRONT', 'CAM_FRONT_LEFT', 'CAM_FRONT_RIGHT']",replace,[1],,False,False,False
0.240362841645163,0.08791348676316463,0.4871773264795933,0.066768806698886,1.64635824836381,0.7449664429530202,0.40393167366277377,0.324736225087925,0.487842531840988,0.48712511360193883,58612,0.15651245751523835,0.5871713280857478,0.675263774912075,0.25503355704697983,0.40393167366277377,0.324736225087925,0.11910611710073868,0.035216427941052696,-0.0013484469696342927,0.16111650389270785,0.2284486390831717,0.06834077694446786,-0.0013484469696342927,0.324736225087925,0.7449664429530202,0.487842531840988,0.4871773264795933,0.5871713280857478,0.066768806698886,0.2284486390831717,0.15651245751523835,0.11910611710073868,3,1,0.04689923346494183,1.0,18801.109840393066,epoch_56_original,9,A10_drop_front_triplet,6,R8_camera_group_repair_front_triplet,"['CAM_FRONT', 'CAM_FRONT_LEFT', 'CAM_FRONT_RIGHT']",replace,[1],,False,False,False
0.16895224518888097,0.057931404520492676,0.648704724642836,0.06005984211446536,1.4305530855415258,0.9574468085106383,0.0,0.4407315045719036,0.44755244755244755,0.6604430776954939,48264,0.12282885766791156,0.0,0.5592684954280964,0.04255319148936165,0.0,0.4407315045719036,0.0,0.0,0.0,0.0,0.0,0.0,0.0,0.4407315045719036,0.9574468085106383,0.44755244755244755,0.0,0.0,0.06005984211446536,0.0,0.12282885766791156,0.0,0,0,0.0,0.0,0.0,epoch_56_original,9,C4_motion_blur_9,0,R0_degraded_native,[],native,[],,False,False,False
0.1873052797740207,0.054682608050032985,0.6122291021671826,0.06169891392724701,1.458032335741314,0.990990990990991,0.2833005079299264,0.4987138263665595,0.5360281195079086,0.6175009201324991,50862,0.12134502923976608,0.0,0.5012861736334405,0.009009009009009028,0.2833005079299264,0.4987138263665595,0.0,0.0,0.0,0.0,0.0,0.0,0.0,0.4987138263665595,0.990990990990991,0.5360281195079086,0.0,0.0,0.06169891392724701,0.0,0.12134502923976608,0.0,0,0,0.0,0.0,0.0,epoch_56_original,9,C4_motion_blur_9,2,R0_degraded_native,[],native,[],,False,False,False
0.18235840550804622,0.053723125193354676,0.6278816937529619,0.061789987866789596,1.4127059348256348,0.959349593495935,0.290234202386213,0.5169762972453555,0.5338817077947513,0.6351274277309159,50678,0.12000669026844703,0.0,0.48302370275464446,0.04065040650406504,0.290234202386213,0.5169762972453555,0.0,0.0,0.0,0.0,0.0,0.0,0.0,0.5169762972453555,0.959349593495935,0.5338817077947513,0.6278816937529619,0.0,0.061789987866789596,0.0,0.12000669026844703,0.0,0,0,0.0,0.0,0.0,epoch_56_original,9,C4_motion_blur_9,4,R0_degraded_native,[],native,[],,False,False,False
0.17069984782989267,0.04886370824098573,0.643942585882419,0.06396105883696035,1.4419257886014438,0.9932885906040269,0.29047005527617303,0.5704237146206665,0.5492087996912389,0.6513783701908512,51334,0.12019325299851127,0.0,0.42957628537933346,0.006711409395973145,0.29047005527617303,0.5704237146206665,0.0,0.0,0.0,0.0,0.0,0.0,0.0,0.5704237146206665,0.9932885906040269,0.5492087996912389,0.643942585882419,0.0,0.06396105883696035,0.0,0.12019325299851127,0.0,0,0,0.0,0.0,0.0,epoch_56_original,9,C4_motion_blur_9,6,R0_degraded_native,[],native,[],,False,False,False
0.16948401655798756,0.07251356929694353,0.637145058983935,0.06349235149159935,1.503793941549588,0.9574468085106383,0.0,0.5474646716541979,0.3916083916083916,0.6514685578009288,50735,0.11719722568024186,0.0,0.4525353283458021,0.04255319148936165,0.0,0.5474646716541979,0.0005317713691065928,0.01458216477645085,0.003432509377133984,0.0511975799767943,0.07324085600806218,-0.005631631987669694,0.003432509377133984,0.5474646716541979,0.9574468085106383,0.3916083916083916,0.0,0.0,0.06349235149159935,0.07324085600806218,0.11719722568024186,0.0005317713691065928,6,1,0.04085537785607756,1.0,1622.2664388020833,epoch_56_original,9,C4_motion_blur_9,0,R5_blend_alpha03,"['CAM_FRONT', 'CAM_FRONT_RIGHT', 'CAM_FRONT_LEFT', 'CAM_BACK', 'CAM_BACK_LEFT', 'CAM_BACK_RIGHT']",blend,"[1, 2]",0.3,False,False,False
0.20286599319082435,0.06390540073984917,0.5832186675839927,0.06078834471407135,1.4712475633528266,1.0,0.32968798590235304,0.4154340836012862,0.5013181019332161,0.5888847994111152,51323,0.13972021557160877,0.0,0.5845659163987138,0.0,0.32968798590235304,0.4154340836012862,0.015560713416803651,0.009222792689816184,-0.0009105692131756576,0.009063741103377767,0.013215227611512503,0.018375186331842694,-0.0009105692131756576,0.4154340836012862,1.0,0.5013181019332161,0.0,0.0,0.06078834471407135,0.013215227611512503,0.13972021557160877,0.015560713416803651,6,1,0.04085537785607756,1.0,1622.2664388020833,epoch_56_original,9,C4_motion_blur_9,2,R5_blend_alpha03,"['CAM_FRONT', 'CAM_FRONT_RIGHT', 'CAM_FRONT_LEFT', 'CAM_BACK', 'CAM_BACK_LEFT', 'CAM_BACK_RIGHT']",blend,"[1, 2]",0.3,False,False,False
0.1961647588298601,0.06101831785646198,0.6087586764418922,0.05905049766026018,1.3856939759707858,0.959349593495935,0.32275740167918693,0.4969570787956438,0.5283979631805719,0.6149251043136313,49709,0.12558191397429821,0.0,0.5030429212043561,0.04065040650406504,0.32275740167918693,0.4969570787956438,0.013806353321813875,0.007295192663107304,-0.0027394902065294158,-0.01912072299617191,-0.027011958854848972,0.005575223705851187,-0.0027394902065294158,0.4969570787956438,0.959349593495935,0.5283979631805719,0.6087586764418922,0.0,0.05905049766026018,-0.027011958854848972,0.12558191397429821,0.013806353321813875,6,1,0.04085537785607756,1.0,1622.2664388020833,epoch_56_original,9,C4_motion_blur_9,4,R5_blend_alpha03,"['CAM_FRONT', 'CAM_FRONT_RIGHT', 'CAM_FRONT_LEFT', 'CAM_BACK', 'CAM_BACK_LEFT', 'CAM_BACK_RIGHT']",blend,"[1, 2]",0.3,False,False,False
0.193602040250596,0.0672026809846709,0.6076514704643128,0.060468333005183665,1.418920816830988,0.9932885906040269,0.32326170982087193,0.5042706414335957,0.5480509455808568,0.6123295970917904,50515,0.12131681694334429,0.0,0.4957293585664043,0.006711409395973145,0.32326170982087193,0.5042706414335957,0.02290219242070332,0.01833897274368517,-0.0034927258317766843,-0.015954338255347332,-0.023004971770455906,0.0011235639448330115,-0.0034927258317766843,0.5042706414335957,0.9932885906040269,0.5480509455808568,0.6076514704643128,0.0,0.060468333005183665,-0.023004971770455906,0.12131681694334429,0.02290219242070332,6,1,0.04085537785607756,1.0,1622.2664388020833,epoch_56_original,9,C4_motion_blur_9,6,R5_blend_alpha03,"['CAM_FRONT', 'CAM_FRONT_RIGHT', 'CAM_FRONT_LEFT', 'CAM_BACK', 'CAM_BACK_LEFT', 'CAM_BACK_RIGHT']",blend,"[1, 2]",0.3,False,False,False
0.16482846533281606,0.07136669970630273,0.6474005572351651,0.0633950338302582,1.4917896733653446,0.9574468085106383,0.0,0.5448046550290939,0.4018289402904788,0.6617296347433161,50330,0.11882743493983046,0.0,0.4551953449709061,0.04255319148936165,0.0,0.5448046550290939,-0.0041237798560649075,0.013435295185810055,0.003335191715792836,0.04280623238852975,0.0612365878238188,-0.0040014227280811,0.003335191715792836,0.5448046550290939,0.9574468085106383,0.4018289402904788,0.0,0.0,0.0633950338302582,0.0612365878238188,0.11882743493983046,-0.0041237798560649075,6,1,0.04085537785607756,1.0,2076.491221110026,epoch_56_original,9,C4_motion_blur_9,0,R6_blend_alpha05,"['CAM_FRONT', 'CAM_FRONT_RIGHT', 'CAM_FRONT_LEFT', 'CAM_BACK', 'CAM_BACK_LEFT', 'CAM_BACK_RIGHT']",blend,"[1, 2]",0.5,False,False,False
0.19826521369163624,0.05907968047820408,0.5858846462561633,0.06276152010523602,1.5028093108588465,0.972972972972973,0.3160049756400954,0.3967845659163987,0.5426186291739895,0.5889154704944178,52424,0.1356495814700149,0.0,0.6032154340836013,0.027027027027026973,0.3160049756400954,0.3967845659163987,0.010959933917615544,0.004397072428171098,0.0010626061779890061,0.030710550116000157,0.044776975117532425,0.014304552230248832,0.0010626061779890061,0.3967845659163987,0.972972972972973,0.5426186291739895,0.0,0.0,0.06276152010523602,0.044776975117532425,0.1356495814700149,0.010959933917615544,6,1,0.04085537785607756,1.0,2076.491221110026,epoch_56_original,9,C4_motion_blur_9,2,R6_blend_alpha05,"['CAM_FRONT', 'CAM_FRONT_RIGHT', 'CAM_FRONT_LEFT', 'CAM_BACK', 'CAM_BACK_LEFT', 'CAM_BACK_RIGHT']",blend,"[1, 2]",0.5,False,False,False
0.19224613195802953,0.06285888384047018,0.6082569063083656,0.061619493914359065,1.4294594820617177,0.967479674796748,0.3145824127264693,0.4844650864830237,0.5417156286721504,0.613364152132801,51279,0.12240403646196303,0.0,0.5155349135169762,0.03252032520325199,0.3145824127264693,0.4844650864830237,0.009887726449983314,0.009135758647115508,-0.000170493952430531,0.011859189391846561,0.01675354723608291,0.0023973461935160034,-0.000170493952430531,0.4844650864830237,0.967479674796748,0.5417156286721504,0.6082569063083656,0.0,0.061619493914359065,0.01675354723608291,0.12240403646196303,0.009887726449983314,6,1,0.04085537785607756,1.0,2076.491221110026,epoch_56_original,9,C4_motion_blur_9,4,R6_blend_alpha05,"['CAM_FRONT', 'CAM_FRONT_RIGHT', 'CAM_FRONT_LEFT', 'CAM_BACK', 'CAM_BACK_LEFT', 'CAM_BACK_RIGHT']",blend,"[1, 2]",0.5,False,False,False
0.1887600429587134,0.06242132256691771,0.6099828656498413,0.06280288352561801,1.4562231397994438,0.9865771812080537,0.31133369352894724,0.5161614469938034,0.5615592435353145,0.6137837019085126,51843,0.12325496474818123,0.0,0.4838385530061966,0.01342281879194629,0.31133369352894724,0.5161614469938034,0.018060195128820733,0.013557614325931978,-0.0011581753113423382,0.009915455643433203,0.014297351198000019,0.0030617117496699597,-0.0011581753113423382,0.5161614469938034,0.9865771812080537,0.5615592435353145,0.6099828656498413,0.0,0.06280288352561801,0.014297351198000019,0.12325496474818123,0.018060195128820733,6,1,0.04085537785607756,1.0,2076.491221110026,epoch_56_original,9,C4_motion_blur_9,6,R6_blend_alpha05,"['CAM_FRONT', 'CAM_FRONT_RIGHT', 'CAM_FRONT_LEFT', 'CAM_BACK', 'CAM_BACK_LEFT', 'CAM_BACK_RIGHT']",blend,"[1, 2]",0.5,False,False,False
0.16773293500930048,0.06902503642198722,0.647193076056672,0.06140249595059562,1.456191831169601,0.9574468085106383,0.0,0.5221945137157107,0.42227003765465304,0.6603175599347307,49129,0.12060584504119984,0.0,0.4778054862842893,0.04255319148936165,0.0,0.5221945137157107,-0.0012193101795804906,0.011093631901494545,0.0013426538361302545,0.017922260898392176,0.02563874562807511,-0.0022230126267117206,0.0013426538361302545,0.5221945137157107,0.9574468085106383,0.42227003765465304,0.0,0.0,0.06140249595059562,0.02563874562807511,0.12060584504119984,-0.0012193101795804906,6,1,0.04085537785607756,1.0,1884.813685099284,epoch_56_original,9,C4_motion_blur_9,0,R7_blend_alpha07,"['CAM_FRONT', 'CAM_FRONT_RIGHT', 'CAM_FRONT_LEFT', 'CAM_BACK', 'CAM_BACK_LEFT', 'CAM_BACK_RIGHT']",blend,"[1, 2]",0.7,False,False,False
0.19948553948832035,0.05580123048375318,0.588722623552345,0.061204793791603596,1.4729675495929366,1.0,0.3001969524204416,0.43504823151125405,0.5694200351493849,0.5900196294933137,51383,0.13028895768833848,0.0,0.564951768488746,0.0,0.3001969524204416,0.43504823151125405,0.012180259714299646,0.0011186224337201914,-0.0004941201356434138,0.01024340371986945,0.014935213851622553,0.008943928448572405,-0.0004941201356434138,0.43504823151125405,1.0,0.5694200351493849,0.0,0.0,0.061204793791603596,0.014935213851622553,0.13028895768833848,0.012180259714299646,6,1,0.04085537785607756,1.0,1884.813685099284,epoch_56_original,9,C4_motion_blur_9,2,R7_blend_alpha07,"['CAM_FRONT', 'CAM_FRONT_RIGHT', 'CAM_FRONT_LEFT', 'CAM_BACK', 'CAM_BACK_LEFT', 'CAM_BACK_RIGHT']",blend,"[1, 2]",0.7,False,False,False
0.1914248057332711,0.057867793700379366,0.6113232793465838,0.061187465549462285,1.4191174420873638,0.959349593495935,0.2994255413168361,0.49055092889173607,0.5464159811985899,0.6163059466274428,50908,0.12226465586931676,0.0,0.509449071108264,0.04065040650406504,0.2994255413168361,0.49055092889173607,0.009066400225224869,0.00414466850702469,-0.0006025223173273114,0.004538458502703343,0.00641150726172901,0.0022579656008697296,-0.0006025223173273114,0.49055092889173607,0.959349593495935,0.5464159811985899,0.6113232793465838,0.0,0.061187465549462285,0.00641150726172901,0.12226465586931676,0.009066400225224869,6,1,0.04085537785607756,1.0,1884.813685099284,epoch_56_original,9,C4_motion_blur_9,4,R7_blend_alpha07,"['CAM_FRONT', 'CAM_FRONT_RIGHT', 'CAM_FRONT_LEFT', 'CAM_BACK', 'CAM_BACK_LEFT', 'CAM_BACK_RIGHT']",blend,"[1, 2]",0.7,False,False,False
0.18126067062760362,0.054394062085788904,0.627229572203028,0.0622337230869012,1.4293137833206933,0.9932885906040269,0.2978263580067329,0.5365935354212025,0.5615592435353145,0.6323841260224174,50885,0.12151344063369006,0.0,0.46340646457879753,0.006711409395973145,0.2978263580067329,0.5365935354212025,0.01056082279771095,0.005530353844803174,-0.0017273357500591502,-0.008746639654030467,-0.012612005280750571,0.001320187635178785,-0.0017273357500591502,0.5365935354212025,0.9932885906040269,0.5615592435353145,0.627229572203028,0.0,0.0622337230869012,-0.012612005280750571,0.12151344063369006,0.01056082279771095,6,1,0.04085537785607756,1.0,1884.813685099284,epoch_56_original,9,C4_motion_blur_9,6,R7_blend_alpha07,"['CAM_FRONT', 'CAM_FRONT_RIGHT', 'CAM_FRONT_LEFT', 'CAM_BACK', 'CAM_BACK_LEFT', 'CAM_BACK_RIGHT']",blend,"[1, 2]",0.7,False,False,False
0.24166969386744164,0.09257848520142632,0.5661864959392969,0.04424489742058714,1.2288813800462386,0.776595744680851,0.0,0.18902743142144637,0.4238838084991931,0.5743692732521651,41460,0.1312763056494161,0.0,0.8109725685785536,0.22340425531914898,0.0,0.18902743142144637,0.0,0.0,0.0,0.0,0.0,0.0,0.0,0.18902743142144637,0.776595744680851,0.4238838084991931,0.0,0.0,0.04424489742058714,0.0,0.1312763056494161,0.0,0,0,0.0,0.0,0.0,epoch_56_original,9,A7_drop_all_rear,0,R0_degraded_native,[],native,[],,False,False,False
0.24176862249173434,0.06746247229696527,0.5451209723655545,0.05081505033745596,1.336343309253526,0.7387387387387387,0.3581942572820566,0.3323151125401929,0.4986818980667838,0.548306956201693,46617,0.15749340671941292,0.0,0.6676848874598071,0.26126126126126126,0.3581942572820566,0.3323151125401929,0.0,0.0,0.0,0.0,0.0,0.0,0.0,0.3323151125401929,0.7387387387387387,0.4986818980667838,0.0,0.0,0.05081505033745596,0.0,0.15749340671941292,0.0,0,0,0.0,0.0,0.0,epoch_56_original,9,A7_drop_all_rear,2,R0_degraded_native,[],native,[],,False,False,False
0.2584385198873374,0.07351155963650366,0.5165723524656427,0.051694428489373924,1.3539988292030218,0.7398373983739838,0.3704816615112682,0.33119795003203073,0.5421073247160204,0.5145138534506049,48572,0.15875449502411285,0.0,0.6688020499679692,0.26016260162601623,0.3704816615112682,0.33119795003203073,0.0,0.0,0.0,0.0,0.0,0.0,0.0,0.33119795003203073,0.7398373983739838,0.5421073247160204,0.5165723524656427,0.0,0.051694428489373924,0.0,0.15875449502411285,0.0,0,0,0.0,0.0,0.0,epoch_56_original,9,A7_drop_all_rear,4,R0_degraded_native,[],native,[],,False,False,False
0.26511453810450664,0.08117752938813837,0.5026263307210471,0.05160332826493757,1.373444566163872,0.7718120805369127,0.39769751880636717,0.37347178027131134,0.5912774990351216,0.49566797940018176,48896,0.15443386421729727,0.0,0.6265282197286887,0.22818791946308725,0.39769751880636717,0.37347178027131134,0.0,0.0,0.0,0.0,0.0,0.0,0.0,0.37347178027131134,0.7718120805369127,0.5912774990351216,0.5026263307210471,0.0,0.05160332826493757,0.0,0.15443386421729727,0.0,0,0,0.0,0.0,0.0,epoch_56_original,9,A7_drop_all_rear,6,R0_degraded_native,[],native,[],,False,False,False
0.26423565816218186,0.11987120625648783,0.4948381858253103,0.05192596066825649,1.4169469899083633,0.7699115044247787,0.0,0.25471698113207547,0.3549367088607595,0.5032152856835175,48862,0.12286857673123767,0.0,0.7452830188679245,0.23008849557522126,0.0,0.25471698113207547,0.0,0.0,0.0,0.0,0.0,0.0,0.0,0.25471698113207547,0.7699115044247787,0.3549367088607595,0.0,0.0,0.05192596066825649,0.0,0.12286857673123767,0.0,0,0,0.0,0.0,0.0,epoch_56_original,10,A0_clean,0,R0_degraded_native,[],native,[],,False,False,False
0.2647576525136307,0.09898844533200667,0.4800899255304201,0.05673916100692405,1.4836307432907123,0.7542372881355932,0.3843969434118133,0.36400663750188567,0.41951023685266964,0.4845874886672711,52795,0.15304201208374316,0.0,0.6359933624981143,0.2457627118644068,0.3843969434118133,0.36400663750188567,0.0,0.0,0.0,0.0,0.0,0.0,0.0,0.36400663750188567,0.7542372881355932,0.41951023685266964,0.0,0.0,0.05673916100692405,0.0,0.15304201208374316,0.0,0,0,0.0,0.0,0.0,epoch_56_original,10,A0_clean,2,R0_degraded_native,[],native,[],,False,False,False
0.28019677315451963,0.10952657792819318,0.46125045745010274,0.0542270425508332,1.4615038144300876,0.8970588235294118,0.4245433587515517,0.3025812619502868,0.4502130956993413,0.4621152328334649,51917,0.15812290628606818,0.0,0.6974187380497132,0.1029411764705882,0.4245433587515517,0.3025812619502868,0.0,0.0,0.0,0.0,0.0,0.0,0.0,0.3025812619502868,0.8970588235294118,0.4502130956993413,0.46125045745010274,0.0,0.0542270425508332,0.0,0.15812290628606818,0.0,0,0,0.0,0.0,0.0,epoch_56_original,10,A0_clean,4,R0_degraded_native,[],native,[],,False,False,False
0.2759274464432336,0.0907122001271299,0.47492968949745745,0.052552996946092834,1.427999204568052,0.835820895522388,0.41733922351541924,0.3189293212036389,0.5276886035313002,0.47091014705432754,50267,0.15925683929433823,0.0,0.6810706787963611,0.16417910447761197,0.41733922351541924,0.3189293212036389,0.0,0.0,0.0,0.0,0.0,0.0,0.0,0.3189293212036389,0.835820895522388,0.5276886035313002,0.47492968949745745,0.0,0.052552996946092834,0.0,0.15925683929433823,0.0,0,0,0.0,0.0,0.0,epoch_56_original,10,A0_clean,6,R0_degraded_native,[],native,[],,False,False,False
0.18311551527198824,0.0857276729660586,0.6420368866720798,0.05437841444321868,1.312811738777404,0.672566371681416,0.0,0.5142336974511751,0.42683544303797466,0.655118304052183,45271,0.10851409349263426,0.0,0.4857663025488249,0.327433628318584,0.0,0.5142336974511751,0.0,0.0,0.0,0.0,0.0,0.0,0.0,0.5142336974511751,0.672566371681416,0.42683544303797466,0.0,0.0,0.05437841444321868,0.0,0.10851409349263426,0.0,0,0,0.0,0.0,0.0,epoch_56_original,10,A1_drop_cam_front,0,R0_degraded_native,[],native,[],,False,False,False
0.17906912934856384,0.07155135809485456,0.6515385696220317,0.05569352183516293,1.2944218069411269,0.8389830508474576,0.2589838909541512,0.6617891084628149,0.6198313930148535,0.6538833484436386,46062,0.09400028101728257,0.0,0.3382108915371851,0.1610169491525424,0.2589838909541512,0.6617891084628149,0.0,0.0,0.0,0.0,0.0,0.0,0.0,0.6617891084628149,0.8389830508474576,0.6198313930148535,0.0,0.0,0.05569352183516293,0.0,0.09400028101728257,0.0,0,0,0.0,0.0,0.0,epoch_56_original,10,A1_drop_cam_front,2,R0_degraded_native,[],native,[],,False,False,False
0.18204711265882895,0.07134573914310896,0.6438645384680348,0.05619734084175246,1.3124173070968106,0.9485294117647058,0.3043092746940947,0.65710643722116,0.5974428516079039,0.6475016696011171,46621,0.11037919094671059,0.0,0.34289356277884,0.05147058823529416,0.3043092746940947,0.65710643722116,0.0,0.0,0.0,0.0,0.0,0.0,0.0,0.65710643722116,0.9485294117647058,0.5974428516079039,0.6438645384680348,0.0,0.05619734084175246,0.0,0.11037919094671059,0.0,0,0,0.0,0.0,0.0,epoch_56_original,10,A1_drop_cam_front,4,R0_degraded_native,[],native,[],,False,False,False
0.17956258565555047,0.058079319068024333,0.6426806056646118,0.05761748944690715,1.3472628618505156,0.9626865671641791,0.3122504460113839,0.6737228831350595,0.5963081861958266,0.6462135803601455,47425,0.11147410584926565,0.0,0.32627711686494054,0.03731343283582089,0.3122504460113839,0.6737228831350595,0.0,0.0,0.0,0.0,0.0,0.0,0.0,0.6737228831350595,0.9626865671641791,0.5963081861958266,0.6426806056646118,0.0,0.05761748944690715,0.0,0.11147410584926565,0.0,0,0,0.0,0.0,0.0,epoch_56_original,10,A1_drop_cam_front,6,R0_degraded_native,[],native,[],,False,False,False
0.24641448936262403,0.10970352843572809,0.5052488110428025,0.05739402427020921,1.5025519081313072,0.6902654867256637,0.0,0.3278715657067196,0.4050632911392405,0.511215039537245,51814,0.12304257046746317,0.0,0.6721284342932804,0.3097345132743363,0.0,0.3278715657067196,0.06329897409063578,0.023975855469669488,0.003015609826990534,0.14452961056747146,0.18974016935390314,0.01452847697482891,0.003015609826990534,0.3278715657067196,0.6902654867256637,0.4050632911392405,0.0,0.0,0.05739402427020921,0.18974016935390314,0.12304257046746317,0.06329897409063578,1,1,0.04649424823847684,1.0,18258.79013824463,epoch_56_original,10,A1_drop_cam_front,0,R1_replace_tminus1,['CAM_FRONT'],replace,[1],,False,False,False
0.2594603648748622,0.09769705042175991,0.47764507517212307,0.0596543765459163,1.5355908388365884,0.847457627118644,0.35403758777364724,0.2952179815960175,0.481332798073063,0.47730432154729524,54644,0.13761416327104117,0.0,0.7047820184039826,0.15254237288135597,0.35403758777364724,0.2952179815960175,0.08039123552629834,0.026145692326905348,0.003960854710753373,0.18631409838912769,0.24116903189546157,0.043613882253758604,0.003960854710753373,0.2952179815960175,0.847457627118644,0.481332798073063,0.0,0.0,0.0596543765459163,0.24116903189546157,0.13761416327104117,0.08039123552629834,1,1,0.04649424823847684,1.0,18258.79013824463,epoch_56_original,10,A1_drop_cam_front,2,R1_replace_tminus1,['CAM_FRONT'],replace,[1],,False,False,False
0.26753149867374004,0.10380065562000375,0.45486023139937504,0.06097998765875294,1.5828055062916984,0.8382352941176471,0.4173612342613939,0.258604206500956,0.48314606741573035,0.4526440410418311,56226,0.14973397517101597,0.0,0.741395793499044,0.16176470588235292,0.4173612342613939,0.258604206500956,0.0854843860149111,0.03245491647689479,0.004782646817000483,0.20602303682889686,0.27038819919488777,0.039354784224305384,0.004782646817000483,0.258604206500956,0.8382352941176471,0.48314606741573035,0.45486023139937504,0.0,0.06097998765875294,0.27038819919488777,0.14973397517101597,0.0854843860149111,1,1,0.04649424823847684,1.0,18258.79013824463,epoch_56_original,10,A1_drop_cam_front,4,R1_replace_tminus1,['CAM_FRONT'],replace,[1],,False,False,False
0.26228459366611495,0.0865285011515768,0.46427658305161784,0.06067801038030817,1.5782506178801738,0.7686567164179104,0.4178064735366579,0.2974107767669699,0.5020064205457464,0.46140206059494326,55556,0.15505241328371352,0.0,0.7025892232330301,0.23134328358208955,0.4178064735366579,0.2974107767669699,0.08272200801056448,0.028449182083552467,0.0030605209334010203,0.1714496573537164,0.23098775602965826,0.04357830743444788,0.0030605209334010203,0.2974107767669699,0.7686567164179104,0.5020064205457464,0.46427658305161784,0.0,0.06067801038030817,0.23098775602965826,0.15505241328371352,0.08272200801056448,1,1,0.04649424823847684,1.0,18258.79013824463,epoch_56_original,10,A1_drop_cam_front,6,R1_replace_tminus1,['CAM_FRONT'],replace,[1],,False,False,False
0.2239140749687271,0.09776405265122214,0.5483992576267255,0.0579092872855548,1.46844913583111,0.6637168141592921,0.0,0.48427672955974843,0.43341772151898733,0.5553675271530106,50638,0.12521749217028186,0.0,0.5157232704402516,0.33628318584070793,0.0,0.48427672955974843,0.040798559696738845,0.012036379685163537,0.003530872842336122,0.11855271586666961,0.15563739705370594,0.0167033986776476,0.003530872842336122,0.48427672955974843,0.6637168141592921,0.43341772151898733,0.0,0.0,0.0579092872855548,0.15563739705370594,0.12521749217028186,0.040798559696738845,1,2,0.04601120948791504,1.0,18167.41965484619,epoch_56_original,10,A1_drop_cam_front,0,R2_replace_tminus2,['CAM_FRONT'],replace,[2],,False,False,False
0.24868079403635146,0.09529176729638399,0.4993958128424898,0.05964279509939363,1.5136433890684278,0.8813559322033898,0.33524370095002065,0.3587268064564791,0.5130469690887194,0.4983076458144455,53863,0.13469158353238725,0.0,0.641273193543521,0.11864406779661019,0.33524370095002065,0.3587268064564791,0.06961166468778762,0.023740409201529422,0.003949273264230703,0.16935869046068341,0.21922158212730092,0.04069130251510468,0.003949273264230703,0.3587268064564791,0.8813559322033898,0.5130469690887194,0.0,0.0,0.05964279509939363,0.21922158212730092,0.13469158353238725,0.06961166468778762,1,2,0.04601120948791504,1.0,18167.41965484619,epoch_56_original,10,A1_drop_cam_front,2,R2_replace_tminus2,['CAM_FRONT'],replace,[2],,False,False,False
0.2541443367672785,0.09684292012189978,0.48470005348647355,0.06038774014561348,1.5428877065563156,0.875,0.39005142755807765,0.289993626513703,0.529252227818675,0.48120939833647014,54808,0.14624327900233652,0.0,0.710006373486297,0.125,0.39005142755807765,0.289993626513703,0.07209722410844954,0.02549718097879082,0.004190399303861024,0.17560755882542203,0.23047039945950498,0.03586408805562594,0.004190399303861024,0.289993626513703,0.875,0.529252227818675,0.48470005348647355,0.0,0.06038774014561348,0.23047039945950498,0.14624327900233652,0.07209722410844954,1,2,0.04601120948791504,1.0,18167.41965484619,epoch_56_original,10,A1_drop_cam_front,4,R2_replace_tminus2,['CAM_FRONT'],replace,[2],,False,False,False
0.24949829072841265,0.08053212923088789,0.48788386693559843,0.061263328808414036,1.5646998664810658,0.753731343283582,0.3941466315521196,0.31717984604618615,0.5421348314606742,0.483750649668287,55079,0.14982528905428824,0.0,0.6828201539538139,0.24626865671641796,0.3941466315521196,0.31717984604618615,0.06993570507286218,0.022452810162863553,0.003645839361506885,0.16139167105956773,0.21743700463055027,0.03835118320502259,0.003645839361506885,0.31717984604618615,0.753731343283582,0.5421348314606742,0.48788386693559843,0.0,0.061263328808414036,0.21743700463055027,0.14982528905428824,0.06993570507286218,1,2,0.04601120948791504,1.0,18167.41965484619,epoch_56_original,10,A1_drop_cam_front,6,R2_replace_tminus2,['CAM_FRONT'],replace,[2],,False,False,False
0.23826957454415446,0.10590902837117384,0.5168483934578355,0.058530245278407174,1.510903607470131,0.6991150442477876,0.0,0.3722277391592188,0.4192405063291139,0.522660841204886,52102,0.12449251826934231,0.0,0.6277722608407812,0.3008849557522124,0.0,0.3722277391592188,0.05515405927216621,0.020181355405115245,0.004151830835188497,0.150891299065627,0.19809186869272688,0.01597842477670805,0.004151830835188497,0.3722277391592188,0.6991150442477876,0.4192405063291139,0.0,0.0,0.058530245278407174,0.19809186869272688,0.12449251826934231,0.05515405927216621,1,1,0.04536641050468791,1.0,17514.32785797119,epoch_56_original,10,A1_drop_cam_front,0,R3_ema_K2,['CAM_FRONT'],ema,"[1, 2]",,False,False,False
0.2525974025974026,0.09484785063512656,0.48621610229029083,0.06087704640023825,1.5477869888998173,0.8728813559322034,0.344847170590665,0.3119625886257354,0.504616619831393,0.48476881233000907,55078,0.13817619783616691,0.0,0.6880374113742647,0.1271186440677966,0.344847170590665,0.3119625886257354,0.07352827324883876,0.023296492540271996,0.005183524565075322,0.19573618166818635,0.2533651819586904,0.044175916818884345,0.005183524565075322,0.3119625886257354,0.8728813559322034,0.504616619831393,0.0,0.0,0.06087704640023825,0.2533651819586904,0.13817619783616691,0.07352827324883876,1,1,0.04536641050468791,1.0,17514.32785797119,epoch_56_original,10,A1_drop_cam_front,2,R3_ema_K2,['CAM_FRONT'],ema,"[1, 2]",,False,False,False
0.2603829927127281,0.09923153626168171,0.4648819074965515,0.06200566770944139,1.590237311037919,0.8970588235294118,0.40774073417272566,0.2745379222434672,0.5044556373498644,0.4617813126100419,56490,0.1503814430087549,0.0,0.7254620777565328,0.1029411764705882,0.40774073417272566,0.2745379222434672,0.07833588005389913,0.027885797118572753,0.00580832686768893,0.211685721027005,0.2778200039411085,0.0400022520620443,0.00580832686768893,0.2745379222434672,0.8970588235294118,0.5044556373498644,0.4648819074965515,0.0,0.06200566770944139,0.2778200039411085,0.1503814430087549,0.07833588005389913,1,1,0.04536641050468791,1.0,17514.32785797119,epoch_56_original,10,A1_drop_cam_front,4,R3_ema_K2,['CAM_FRONT'],ema,"[1, 2]",,False,False,False
0.25141118484456315,0.08326540926850987,0.4812363285133945,0.061893290167477126,1.5821709610522428,0.7761194029850746,0.4014102455186475,0.3234779566130161,0.5481540930979133,0.47613806597572533,55694,0.14766625948126474,0.0,0.6765220433869839,0.22388059701492535,0.4014102455186475,0.3234779566130161,0.07184859918901268,0.025186090200485532,0.004275800720569975,0.17435951502372166,0.23490809920172717,0.0361921536319991,0.004275800720569975,0.3234779566130161,0.7761194029850746,0.5481540930979133,0.4812363285133945,0.0,0.061893290167477126,0.23490809920172717,0.14766625948126474,0.07184859918901268,1,1,0.04536641050468791,1.0,17514.32785797119,epoch_56_original,10,A1_drop_cam_front,6,R3_ema_K2,['CAM_FRONT'],ema,"[1, 2]",,False,False,False
0.23361766467920006,0.10266058187454905,0.5250550980164714,0.05882916388666856,1.5079457139542976,0.6991150442477876,0.0,0.3887785501489573,0.42278481012658226,0.5311528876034584,52000,0.12434752348915439,0.0,0.6112214498510427,0.3008849557522124,0.0,0.3887785501489573,0.050502149407211816,0.016932908908490446,0.004450749443449885,0.1486382010558636,0.19513397517689346,0.015833429996520126,0.004450749443449885,0.3887785501489573,0.6991150442477876,0.42278481012658226,0.0,0.0,0.05882916388666856,0.19513397517689346,0.12434752348915439,0.050502149407211816,1,2,0.04482282664288174,1.0,17115.62540435791,epoch_56_original,10,A1_drop_cam_front,0,R4_ema_K3,['CAM_FRONT'],ema,"[1, 2, 3]",,False,False,False
0.25229198740620534,0.094995251923297,0.48882956301812563,0.06041213404697104,1.5372769425319657,0.8728813559322034,0.3394774886410574,0.31890179514255546,0.504616619831393,0.4875793291024479,54704,0.1366025010538148,0.0,0.6810982048574445,0.1271186440677966,0.3394774886410574,0.31890179514255546,0.0732228580576415,0.023443893828442433,0.00471861221180811,0.1876166905475229,0.24285513559083882,0.04260222003653223,0.00471861221180811,0.31890179514255546,0.8728813559322034,0.504616619831393,0.0,0.0,0.06041213404697104,0.24285513559083882,0.1366025010538148,0.0732228580576415,1,2,0.04482282664288174,1.0,17115.62540435791,epoch_56_original,10,A1_drop_cam_front,2,R4_ema_K3,['CAM_FRONT'],ema,"[1, 2, 3]",,False,False,False
0.25647480537959527,0.09747501532336575,0.4722855614672184,0.062149593781070246,1.5852827745404385,0.8897058823529411,0.3973222202518177,0.28282345442957296,0.5098798915149167,0.46934005221298036,56314,0.1502125383554317,0.0,0.7171765455704271,0.11029411764705888,0.3973222202518177,0.28282345442957296,0.07442769272076633,0.02612927618025679,0.005952252939317788,0.20791059822826624,0.27286546744362794,0.039833347408721104,0.005952252939317788,0.28282345442957296,0.8897058823529411,0.5098798915149167,0.4722855614672184,0.0,0.062149593781070246,0.27286546744362794,0.1502125383554317,0.07442769272076633,1,2,0.04482282664288174,1.0,17115.62540435791,epoch_56_original,10,A1_drop_cam_front,4,R4_ema_K3,['CAM_FRONT'],ema,"[1, 2, 3]",,False,False,False
0.24711925395887985,0.08181080308169196,0.4888497485866879,0.06218594938153006,1.5795858072213858,0.7910447761194029,0.3954209497918614,0.32802659202239326,0.5501605136436597,0.4841786664220857,55603,0.14806397545524275,0.0,0.6719734079776067,0.20895522388059706,0.3954209497918614,0.32802659202239326,0.06755666830332938,0.023731484013667627,0.004568459934622911,0.1724406958355298,0.23232294537087017,0.0365898696059771,0.004568459934622911,0.32802659202239326,0.7910447761194029,0.5501605136436597,0.4888497485866879,0.0,0.06218594938153006,0.23232294537087017,0.14806397545524275,0.06755666830332938,1,2,0.04482282664288174,1.0,17115.62540435791,epoch_56_original,10,A1_drop_cam_front,6,R4_ema_K3,['CAM_FRONT'],ema,"[1, 2, 3]",,False,False,False
0.14772679213364348,0.07476839759025117,0.6961199396821715,0.06019824414218617,1.3609210068437536,0.6902654867256637,0.0,0.7490897053955644,0.43493670886075947,0.7120088612658072,46930,0.10581719058113907,0.0,0.2509102946044356,0.3097345132743363,0.0,0.7490897053955644,0.0,0.0,0.0,0.0,0.0,0.0,0.0,0.7490897053955644,0.6902654867256637,0.43493670886075947,0.0,0.0,0.06019824414218617,0.0,0.10581719058113907,0.0,0,0,0.0,0.0,0.0,epoch_56_original,10,A10_drop_front_triplet,0,R0_degraded_native,[],native,[],,False,False,False
0.13583406289985858,0.0616469948661414,0.716594070535338,0.0639626746523498,1.369818743852747,0.8220338983050848,0.23187732342007436,0.8603107557701011,0.6382978723404256,0.7224539135690541,48745,0.08413657439932556,0.0,0.13968924422989892,0.17796610169491522,0.23187732342007436,0.8603107557701011,0.0,0.0,0.0,0.0,0.0,0.0,0.0,0.8603107557701011,0.8220338983050848,0.6382978723404256,0.0,0.0,0.0639626746523498,0.0,0.08413657439932556,0.0,0,0,0.0,0.0,0.0,epoch_56_original,10,A10_drop_front_triplet,2,R0_degraded_native,[],native,[],,False,False,False
0.12927323540709149,0.05910323151080903,0.7252484305942629,0.06613320275213118,1.4001069729471047,0.8308823529411765,0.2675119702074836,0.8784257488846399,0.6369624176675707,0.7321656244308178,49736,0.09503701826985334,0.0,0.12157425111536013,0.16911764705882348,0.2675119702074836,0.8784257488846399,0.0,0.0,0.0,0.0,0.0,0.0,0.0,0.8784257488846399,0.8308823529411765,0.6369624176675707,0.7252484305942629,0.0,0.06613320275213118,0.0,0.09503701826985334,0.0,0,0,0.0,0.0,0.0,epoch_56_original,10,A10_drop_front_triplet,4,R0_degraded_native,[],native,[],,False,False,False
0.12471729869036975,0.048987970947513663,0.7305474276298969,0.06754475453828462,1.4299593761540865,0.835820895522388,0.24607085209412963,0.8812106368089573,0.6773675762439807,0.7345990400195664,50336,0.0859918752308173,0.06280615815255423,0.11878936319104272,0.16417910447761197,0.24607085209412963,0.8812106368089573,0.0,0.0,0.0,0.0,0.0,0.0,0.0,0.8812106368089573,0.835820895522388,0.6773675762439807,0.7305474276298969,0.06280615815255423,0.06754475453828462,0.0,0.0859918752308173,0.0,0,0,0.0,0.0,0.0,epoch_56_original,10,A10_drop_front_triplet,6,R0_degraded_native,[],native,[],,False,False,False
0.24481931112365896,0.10031740402416804,0.49707110544020416,0.06004135315994953,1.5572149402621505,0.5929203539823009,0.0,0.3257199602780536,0.3918987341772152,0.503430663671887,53699,0.13211924370722655,0.0,0.6742800397219464,0.4070796460176991,0.0,0.3257199602780536,0.09709251899001548,0.025549006433916874,-0.00015689098223663905,0.14423609631365863,0.19629393341839685,0.02630205312608748,-0.00015689098223663905,0.3257199602780536,0.5929203539823009,0.3918987341772152,0.0,0.0,0.06004135315994953,0.19629393341839685,0.13211924370722655,0.09709251899001548,3,1,0.04663319592223023,1.0,18779.118792215984,epoch_56_original,10,A10_drop_front_triplet,0,R1_replace_tminus1,"['CAM_FRONT', 'CAM_FRONT_LEFT', 'CAM_FRONT_RIGHT']",replace,[1],,False,False,False
0.24745812993877936,0.09518537499000738,0.4843051847688633,0.0638187338169966,1.5996627792609246,0.9152542372881356,0.34567327550598925,0.3059284960024136,0.4516258530710558,0.4867029313992143,56924,0.14922017704088802,0.0,0.6940715039975864,0.0847457627118644,0.34567327550598925,0.3059284960024136,0.11162406703892078,0.033538380123865986,-0.00014394083535319846,0.16779156836598624,0.22984403540817766,0.06508360264156246,-0.00014394083535319846,0.3059284960024136,0.9152542372881356,0.4516258530710558,0.0,0.0,0.0638187338169966,0.22984403540817766,0.14922017704088802,0.11162406703892078,3,1,0.04663319592223023,1.0,18779.118792215984,epoch_56_original,10,A10_drop_front_triplet,2,R1_replace_tminus1,"['CAM_FRONT', 'CAM_FRONT_LEFT', 'CAM_FRONT_RIGHT']",replace,[1],,False,False,False
0.2536230912576584,0.10131079146152104,0.4674436280719534,0.06463107777467132,1.6323508712665034,0.8823529411764706,0.40552402908317076,0.2680050987890376,0.46532351801627275,0.46760973832797037,57986,0.15739098612166766,0.0,0.7319949012109623,0.11764705882352944,0.40552402908317076,0.2680050987890376,0.12434985585056693,0.04220755995071201,-0.0015021249774598566,0.16587582435258164,0.23224389831939862,0.062353967851814324,-0.0015021249774598566,0.2680050987890376,0.8823529411764706,0.46532351801627275,0.4674436280719534,0.0,0.06463107777467132,0.23224389831939862,0.15739098612166766,0.12434985585056693,3,1,0.04663319592223023,1.0,18779.118792215984,epoch_56_original,10,A10_drop_front_triplet,4,R1_replace_tminus1,"['CAM_FRONT', 'CAM_FRONT_LEFT', 'CAM_FRONT_RIGHT']",replace,[1],,False,False,False
0.2465382864182982,0.0790753490029593,0.47700349421891425,0.06526631161757873,1.6443566944120906,0.6492537313432836,0.40671990485090476,0.3255773268019594,0.4582664526484751,0.47843101287107526,57883,0.16439873867219681,0.5675297410776767,0.6744226731980406,0.35074626865671643,0.40671990485090476,0.3255773268019594,0.12182098772792845,0.03008737805544564,-0.002278442920705892,0.14993245390972665,0.21439731825800412,0.07840686344137951,-0.002278442920705892,0.3255773268019594,0.6492537313432836,0.4582664526484751,0.47700349421891425,0.5675297410776767,0.06526631161757873,0.21439731825800412,0.16439873867219681,0.12182098772792845,3,1,0.04663319592223023,1.0,18779.118792215984,epoch_56_original,10,A10_drop_front_triplet,6,R1_replace_tminus1,"['CAM_FRONT', 'CAM_FRONT_LEFT', 'CAM_FRONT_RIGHT']",replace,[1],,False,False,False
0.22416771465292076,0.09244576966339291,0.5296079341143719,0.06255326035975928,1.568785523721146,0.6283185840707964,0.0,0.433796756041046,0.4091139240506329,0.5369065567213317,54098,0.14081893051850133,0.0,0.5662032439589539,0.37168141592920356,0.0,0.433796756041046,0.07644092251927728,0.01767737207314174,0.002355016217573107,0.15273812060515662,0.2078645168773925,0.03500173993736226,0.002355016217573107,0.433796756041046,0.6283185840707964,0.4091139240506329,0.0,0.0,0.06255326035975928,0.2078645168773925,0.14081893051850133,0.07644092251927728,3,2,0.04689923346494183,1.0,18801.109840393066,epoch_56_original,10,A10_drop_front_triplet,0,R2_replace_tminus2,"['CAM_FRONT', 'CAM_FRONT_LEFT', 'CAM_FRONT_RIGHT']",replace,[2],,False,False,False
0.23001430387794025,0.08756637309533799,0.5119572853730504,0.06604568053407013,1.6098356048897007,0.8898305084745762,0.33658612143742256,0.3790918690601901,0.49899638699317544,0.5128739800543971,57286,0.14601658001967122,0.0,0.6209081309398099,0.11016949152542377,0.33658612143742256,0.3790918690601901,0.09418024097808167,0.025919378229196592,0.0020830058817203345,0.1752179710739563,0.24001686103695374,0.06188000562034565,0.0020830058817203345,0.3790918690601901,0.8898305084745762,0.49899638699317544,0.0,0.0,0.06604568053407013,0.24001686103695374,0.14601658001967122,0.09418024097808167,3,2,0.04689923346494183,1.0,18801.109840393066,epoch_56_original,10,A10_drop_front_triplet,2,R2_replace_tminus2,"['CAM_FRONT', 'CAM_FRONT_LEFT', 'CAM_FRONT_RIGHT']",replace,[2],,False,False,False
0.236405632185408,0.0897598741152326,0.4900205500661543,0.06800589600596879,1.6672015314021902,0.7941176470588235,0.3926228054619613,0.3151688973868706,0.5091049980627663,0.4885252868678283,59224,0.15770064465276018,0.0,0.6848311026131294,0.20588235294117652,0.3926228054619613,0.3151688973868706,0.10713239677831651,0.03065664260442357,0.0018726932538376123,0.19076725108573267,0.26709455845508545,0.06266362638290685,0.0018726932538376123,0.3151688973868706,0.7941176470588235,0.5091049980627663,0.4900205500661543,0.0,0.06800589600596879,0.26709455845508545,0.15770064465276018,0.10713239677831651,3,2,0.04689923346494183,1.0,18801.109840393066,epoch_56_original,10,A10_drop_front_triplet,4,R2_replace_tminus2,"['CAM_FRONT', 'CAM_FRONT_LEFT', 'CAM_FRONT_RIGHT']",replace,[2],,False,False,False
0.23095589098641897,0.07132565308546308,0.49708815090480385,0.06853516622878014,1.6804352149086674,0.7089552238805971,0.3880299040013593,0.34167249825052487,0.5272873194221509,0.4947873673912379,59153,0.15868867361722677,0.5724282715185445,0.6583275017494752,0.29104477611940294,0.3880299040013593,0.34167249825052487,0.10623859229604922,0.02233768213794942,0.0009904116904955185,0.17516290527654163,0.2504758387545809,0.07269679838640947,0.0009904116904955185,0.34167249825052487,0.7089552238805971,0.5272873194221509,0.49708815090480385,0.5724282715185445,0.06853516622878014,0.2504758387545809,0.15868867361722677,0.10623859229604922,3,2,0.04689923346494183,1.0,18801.109840393066,epoch_56_original,10,A10_drop_front_triplet,6,R2_replace_tminus2,"['CAM_FRONT', 'CAM_FRONT_LEFT', 'CAM_FRONT_RIGHT']",replace,[2],,False,False,False
0.23685912759794134,0.09216548239926409,0.511541584502958,0.06049385978240047,1.5506901751536946,0.6106194690265486,0.0,0.3753723932472691,0.39341772151898735,0.518691732562075,53474,0.1365270850249391,0.0,0.6246276067527309,0.3893805309734514,0.0,0.3753723932472691,0.08913233546429786,0.01739708480901292,0.0002956156402142973,0.13944172171318986,0.18976916830994095,0.030709894443800026,0.0002956156402142973,0.3753723932472691,0.6106194690265486,0.39341772151898735,0.0,0.0,0.06049385978240047,0.18976916830994095,0.1365270850249391,0.08913233546429786,3,1,0.04494039861090255,1.0,17601.76320139567,epoch_56_original,10,A10_drop_front_triplet,0,R3_ema_K2,"['CAM_FRONT', 'CAM_FRONT_LEFT', 'CAM_FRONT_RIGHT']",ema,"[1, 2]",,False,False,False
0.2391324770839205,0.08930564307338183,0.4992834059294647,0.06440276962021128,1.5946044681747928,0.8728813559322034,0.33720570012391576,0.341378790164429,0.49337615415495784,0.49966757328498035,56744,0.14615708866095264,0.0,0.658621209835571,0.1271186440677966,0.33720570012391576,0.341378790164429,0.10329841418406191,0.027658648207240434,0.0004400949678614874,0.16409888193660888,0.2247857243220459,0.06202051426162708,0.0004400949678614874,0.341378790164429,0.8728813559322034,0.49337615415495784,0.0,0.0,0.06440276962021128,0.2247857243220459,0.14615708866095264,0.10329841418406191,3,1,0.04494039861090255,1.0,17601.76320139567,epoch_56_original,10,A10_drop_front_triplet,2,R3_ema_K2,"['CAM_FRONT', 'CAM_FRONT_LEFT', 'CAM_FRONT_RIGHT']",ema,"[1, 2]",,False,False,False
0.24441976233807944,0.09228574502893681,0.4858260845086282,0.06485771997942022,1.6178250710807083,0.8602941176470589,0.38832239758822484,0.2751752708731676,0.48314606741573035,0.4860360633841297,57470,0.15435070236185006,0.0,0.7248247291268324,0.13970588235294112,0.38832239758822484,0.2751752708731676,0.11514652693098795,0.03318251351812778,-0.0012754827727109591,0.15550104552034744,0.21771809813360354,0.05931368409199672,-0.0012754827727109591,0.2751752708731676,0.8602941176470589,0.48314606741573035,0.4858260845086282,0.0,0.06485771997942022,0.21771809813360354,0.15435070236185006,0.11514652693098795,3,1,0.04494039861090255,1.0,17601.76320139567,epoch_56_original,10,A10_drop_front_triplet,4,R3_ema_K2,"['CAM_FRONT', 'CAM_FRONT_LEFT', 'CAM_FRONT_RIGHT']",ema,"[1, 2]",,False,False,False
0.23995989304812834,0.07647059283823508,0.49009971307633304,0.06547464529537912,1.634839919320474,0.7686567164179104,0.39741738170079005,0.34482155353393984,0.5044141252006421,0.48900914121495614,57548,0.16036476236470554,0.5612316305108468,0.6551784464660602,0.23134328358208955,0.39741738170079005,0.34482155353393984,0.11524259435775859,0.02748262189072142,-0.002070109242905502,0.14327717736808646,0.20488054316638737,0.07437288713388823,-0.002070109242905502,0.34482155353393984,0.7686567164179104,0.5044141252006421,0.49009971307633304,0.5612316305108468,0.06547464529537912,0.20488054316638737,0.16036476236470554,0.11524259435775859,3,1,0.04494039861090255,1.0,17601.76320139567,epoch_56_original,10,A10_drop_front_triplet,6,R3_ema_K2,"['CAM_FRONT', 'CAM_FRONT_LEFT', 'CAM_FRONT_RIGHT']",ema,"[1, 2]",,False,False,False
0.23576539918619335,0.09403224881772536,0.5127305417004988,0.06075149129007326,1.5540250550980164,0.6194690265486725,0.0,0.3821582257530619,0.3944303797468354,0.5198609273560814,53589,0.1368460735413525,0.0,0.6178417742469381,0.38053097345132747,0.0,0.3821582257530619,0.08803860705254987,0.01926385122747419,0.0005532471478870912,0.14189217984231833,0.19310404825426275,0.03102888296021343,0.0005532471478870912,0.3821582257530619,0.6194690265486725,0.3944303797468354,0.0,0.0,0.06075149129007326,0.19310404825426275,0.1368460735413525,0.08803860705254987,3,2,0.04417368679335623,1.0,17067.163734436035,epoch_56_original,10,A10_drop_front_triplet,0,R4_ema_K3,"['CAM_FRONT', 'CAM_FRONT_LEFT', 'CAM_FRONT_RIGHT']",ema,"[1, 2, 3]",,False,False,False
0.2411521414040713,0.09082741280988284,0.4969790642124491,0.06393289378986293,1.5889279190670227,0.8559322033898306,0.33462412226352745,0.34349072258259167,0.4853472501003613,0.49779389543668784,56542,0.14663481804130954,0.0,0.6565092774174084,0.14406779661016944,0.33462412226352745,0.34349072258259167,0.10531807850421271,0.02918041794374144,-2.9780862486866733e-05,0.15995486716586316,0.21910917521427575,0.062498243641983975,-2.9780862486866733e-05,0.34349072258259167,0.8559322033898306,0.4853472501003613,0.0,0.0,0.06393289378986293,0.21910917521427575,0.14663481804130954,0.10531807850421271,3,2,0.04417368679335623,1.0,17067.163734436035,epoch_56_original,10,A10_drop_front_triplet,2,R4_ema_K3,"['CAM_FRONT', 'CAM_FRONT_LEFT', 'CAM_FRONT_RIGHT']",ema,"[1, 2, 3]",,False,False,False
0.2464139550486414,0.09134226729732241,0.4830391577287954,0.06452189247895287,1.614897390423106,0.8235294117647058,0.3939084944139032,0.27963671128107076,0.48082138705927935,0.4832129196770081,57366,0.1610505869436703,0.0,0.7203632887189293,0.17647058823529416,0.3939084944139032,0.27963671128107076,0.1171407196415499,0.032239035786513374,-0.0016113102731783041,0.15341000482547854,0.21479041747600136,0.06601356867381697,-0.0016113102731783041,0.27963671128107076,0.8235294117647058,0.48082138705927935,0.4830391577287954,0.0,0.06452189247895287,0.21479041747600136,0.1610505869436703,0.1171407196415499,3,2,0.04417368679335623,1.0,17067.163734436035,epoch_56_original,10,A10_drop_front_triplet,4,R4_ema_K3,"['CAM_FRONT', 'CAM_FRONT_LEFT', 'CAM_FRONT_RIGHT']",ema,"[1, 2, 3]",,False,False,False
0.237872135360891,0.07337743496104386,0.4951847958864805,0.06531591487419787,1.6270276412601914,0.7686567164179104,0.38807238127601734,0.3470958712386284,0.5096308186195827,0.49408419700999723,57273,0.1587738984687935,0.5591322603219034,0.6529041287613716,0.23134328358208955,0.38807238127601734,0.3470958712386284,0.11315483667052124,0.024389464013530197,-0.002228839664086754,0.13781389065479974,0.19706826510610487,0.0727820232379762,-0.002228839664086754,0.3470958712386284,0.7686567164179104,0.5096308186195827,0.4951847958864805,0.5591322603219034,0.06531591487419787,0.19706826510610487,0.1587738984687935,0.11315483667052124,3,2,0.04417368679335623,1.0,17067.163734436035,epoch_56_original,10,A10_drop_front_triplet,6,R4_ema_K3,"['CAM_FRONT', 'CAM_FRONT_LEFT', 'CAM_FRONT_RIGHT']",ema,"[1, 2, 3]",,False,False,False
0.24481931112365896,0.10031740402416804,0.49707110544020416,0.06004135315994953,1.5572149402621505,0.5929203539823009,0.0,0.3257199602780536,0.3918987341772152,0.503430663671887,53699,0.13211924370722655,0.0,0.6742800397219464,0.4070796460176991,0.0,0.3257199602780536,0.09709251899001548,0.025549006433916874,-0.00015689098223663905,0.14423609631365863,0.19629393341839685,0.02630205312608748,-0.00015689098223663905,0.3257199602780536,0.5929203539823009,0.3918987341772152,0.0,0.0,0.06004135315994953,0.19629393341839685,0.13211924370722655,0.09709251899001548,3,1,0.04663319592223023,1.0,18779.118792215984,epoch_56_original,10,A10_drop_front_triplet,0,R8_camera_group_repair_front_triplet,"['CAM_FRONT', 'CAM_FRONT_LEFT', 'CAM_FRONT_RIGHT']",replace,[1],,False,False,False
0.24745812993877936,0.09518537499000738,0.4843051847688633,0.0638187338169966,1.5996627792609246,0.9152542372881356,0.34567327550598925,0.3059284960024136,0.4516258530710558,0.4867029313992143,56924,0.14922017704088802,0.0,0.6940715039975864,0.0847457627118644,0.34567327550598925,0.3059284960024136,0.11162406703892078,0.033538380123865986,-0.00014394083535319846,0.16779156836598624,0.22984403540817766,0.06508360264156246,-0.00014394083535319846,0.3059284960024136,0.9152542372881356,0.4516258530710558,0.0,0.0,0.0638187338169966,0.22984403540817766,0.14922017704088802,0.11162406703892078,3,1,0.04663319592223023,1.0,18779.118792215984,epoch_56_original,10,A10_drop_front_triplet,2,R8_camera_group_repair_front_triplet,"['CAM_FRONT', 'CAM_FRONT_LEFT', 'CAM_FRONT_RIGHT']",replace,[1],,False,False,False
0.2536230912576584,0.10131079146152104,0.4674436280719534,0.06463107777467132,1.6323508712665034,0.8823529411764706,0.40552402908317076,0.2680050987890376,0.46532351801627275,0.46760973832797037,57986,0.15739098612166766,0.0,0.7319949012109623,0.11764705882352944,0.40552402908317076,0.2680050987890376,0.12434985585056693,0.04220755995071201,-0.0015021249774598566,0.16587582435258164,0.23224389831939862,0.062353967851814324,-0.0015021249774598566,0.2680050987890376,0.8823529411764706,0.46532351801627275,0.4674436280719534,0.0,0.06463107777467132,0.23224389831939862,0.15739098612166766,0.12434985585056693,3,1,0.04663319592223023,1.0,18779.118792215984,epoch_56_original,10,A10_drop_front_triplet,4,R8_camera_group_repair_front_triplet,"['CAM_FRONT', 'CAM_FRONT_LEFT', 'CAM_FRONT_RIGHT']",replace,[1],,False,False,False
0.2465382864182982,0.0790753490029593,0.47700349421891425,0.06526631161757873,1.6443566944120906,0.6492537313432836,0.40671990485090476,0.3255773268019594,0.4582664526484751,0.47843101287107526,57883,0.16439873867219681,0.5675297410776767,0.6744226731980406,0.35074626865671643,0.40671990485090476,0.3255773268019594,0.12182098772792845,0.03008737805544564,-0.002278442920705892,0.14993245390972665,0.21439731825800412,0.07840686344137951,-0.002278442920705892,0.3255773268019594,0.6492537313432836,0.4582664526484751,0.47700349421891425,0.5675297410776767,0.06526631161757873,0.21439731825800412,0.16439873867219681,0.12182098772792845,3,1,0.04663319592223023,1.0,18779.118792215984,epoch_56_original,10,A10_drop_front_triplet,6,R8_camera_group_repair_front_triplet,"['CAM_FRONT', 'CAM_FRONT_LEFT', 'CAM_FRONT_RIGHT']",replace,[1],,False,False,False
0.16919154245724438,0.07678266673773475,0.6382380234311564,0.06481909644006104,1.4999420020879248,0.9646017699115044,0.0,0.44554783184376034,0.4389873417721519,0.6503799883080521,51724,0.11985268530332908,0.0,0.5544521681562397,0.03539823008849563,0.0,0.44554783184376034,0.0,0.0,0.0,0.0,0.0,0.0,0.0,0.44554783184376034,0.9646017699115044,0.4389873417721519,0.0,0.0,0.06481909644006104,0.0,0.11985268530332908,0.0,0,0,0.0,0.0,0.0,epoch_56_original,10,C4_motion_blur_9,0,R0_degraded_native,[],native,[],,False,False,False
0.1880809545784165,0.07145141573907286,0.5991288464240551,0.06660986242896023,1.53224673317409,0.9576271186440678,0.2813403552251136,0.47669331724241965,0.5090325170614212,0.605923239649441,54525,0.12642967542503863,0.0,0.5233066827575803,0.0423728813559322,0.2813403552251136,0.47669331724241965,0.0,0.0,0.0,0.0,0.0,0.0,0.0,0.47669331724241965,0.9576271186440678,0.5090325170614212,0.0,0.0,0.06660986242896023,0.0,0.12642967542503863,0.0,0,0,0.0,0.0,0.0,epoch_56_original,10,C4_motion_blur_9,2,R0_degraded_native,[],native,[],,False,False,False
0.18140326346476013,0.07550277007798059,0.6128705345832278,0.0666460427774754,1.5212116093798385,0.9926470588235294,0.3152154637347047,0.4805608667941364,0.5029058504455637,0.6214862485580718,54038,0.12352560313036624,0.0,0.5194391332058637,0.007352941176470562,0.3152154637347047,0.4805608667941364,0.0,0.0,0.0,0.0,0.0,0.0,0.0,0.4805608667941364,0.9926470588235294,0.5029058504455637,0.6128705345832278,0.0,0.0666460427774754,0.0,0.12352560313036624,0.0,0,0,0.0,0.0,0.0,epoch_56_original,10,C4_motion_blur_9,4,R0_degraded_native,[],native,[],,False,False,False
0.17169358415738253,0.06087169663496634,0.6261185761768132,0.06854012655444205,1.5514900144882247,0.7835820895522388,0.30515674114348823,0.539888033589923,0.5252808988764045,0.6338010944999847,54614,0.12499644896451806,0.0,0.460111966410077,0.21641791044776115,0.30515674114348823,0.539888033589923,0.0,0.0,0.0,0.0,0.0,0.0,0.0,0.539888033589923,0.7835820895522388,0.5252808988764045,0.6261185761768132,0.0,0.06854012655444205,0.0,0.12499644896451806,0.0,0,0,0.0,0.0,0.0,epoch_56_original,10,C4_motion_blur_9,6,R0_degraded_native,[],native,[],,False,False,False
0.1845133173257089,0.08763435011922421,0.6144878784363763,0.06203799734441369,1.4748579051154158,0.9734513274336283,0.0,0.5011585567692817,0.42886075949367086,0.6257653610658134,50859,0.11741677299617213,0.0,0.49884144323071833,0.026548672566371723,0.0,0.5011585567692817,0.015321774868464505,0.010851683381489466,-0.0027810990956473464,-0.01672337792900781,-0.025084096972509018,-0.002435912307156951,-0.0027810990956473464,0.5011585567692817,0.9734513274336283,0.42886075949367086,0.0,0.0,0.06203799734441369,-0.025084096972509018,0.11741677299617213,0.015321774868464505,6,1,0.039551961828361855,1.0,1529.5616861979167,epoch_56_original,10,C4_motion_blur_9,0,R5_blend_alpha03,"['CAM_FRONT', 'CAM_FRONT_RIGHT', 'CAM_FRONT_LEFT', 'CAM_BACK', 'CAM_BACK_LEFT', 'CAM_BACK_RIGHT']",blend,"[1, 2]",0.3,False,False,False
0.2172365732534066,0.08434360984523519,0.5488548545735563,0.06339352928037854,1.5278909652943655,0.9576271186440678,0.31128665840561753,0.39840096545481973,0.537133681252509,0.5497129042006649,54370,0.12831249121820992,0.0,0.6015990345451803,0.0423728813559322,0.31128665840561753,0.39840096545481973,0.029155618674990086,0.012892194106162325,-0.0032163331485816904,-0.0028427326914259514,-0.004355767879724581,0.0018828157931712886,-0.0032163331485816904,0.39840096545481973,0.9576271186440678,0.537133681252509,0.0,0.0,0.06339352928037854,-0.004355767879724581,0.12831249121820992,0.029155618674990086,6,1,0.039551961828361855,1.0,1529.5616861979167,epoch_56_original,10,C4_motion_blur_9,2,R5_blend_alpha03,"['CAM_FRONT', 'CAM_FRONT_RIGHT', 'CAM_FRONT_LEFT', 'CAM_BACK', 'CAM_BACK_LEFT', 'CAM_BACK_RIGHT']",blend,"[1, 2]",0.3,False,False,False
0.20455322816762667,0.08198537039972308,0.5791177546941418,0.062149593781070246,1.4784505813135151,0.9191176470588235,0.3476236921439972,0.46876991714467814,0.5416505230530801,0.5820533058102119,52519,0.12681924387016863,0.0,0.5312300828553218,0.08088235294117652,0.3476236921439972,0.46876991714467814,0.023149964702866538,0.006482600321742485,-0.00449644899640516,-0.028109848625041636,-0.042761028066323314,0.0032936407398023865,-0.00449644899640516,0.46876991714467814,0.9191176470588235,0.5416505230530801,0.5791177546941418,0.0,0.062149593781070246,-0.042761028066323314,0.12681924387016863,0.023149964702866538,6,1,0.039551961828361855,1.0,1529.5616861979167,epoch_56_original,10,C4_motion_blur_9,4,R5_blend_alpha03,"['CAM_FRONT', 'CAM_FRONT_RIGHT', 'CAM_FRONT_LEFT', 'CAM_BACK', 'CAM_BACK_LEFT', 'CAM_BACK_RIGHT']",blend,"[1, 2]",0.3,False,False,False
0.20250293629257624,0.07401947689201671,0.5738757421664157,0.06427259304330861,1.5304110678673901,0.7611940298507462,0.34478803839945626,0.4842547235829251,0.5501605136436597,0.5756825338591824,53872,0.12431465015198431,0.0,0.5157452764170749,0.23880597014925375,0.34478803839945626,0.4842547235829251,0.0308093521351937,0.013147780257050372,-0.004267533511133445,-0.013586259933350423,-0.021078946620834538,-0.000681798812533746,-0.004267533511133445,0.4842547235829251,0.7611940298507462,0.5501605136436597,0.5738757421664157,0.0,0.06427259304330861,-0.021078946620834538,0.12431465015198431,0.0308093521351937,6,1,0.039551961828361855,1.0,1529.5616861979167,epoch_56_original,10,C4_motion_blur_9,6,R5_blend_alpha03,"['CAM_FRONT', 'CAM_FRONT_RIGHT', 'CAM_FRONT_LEFT', 'CAM_BACK', 'CAM_BACK_LEFT', 'CAM_BACK_RIGHT']",blend,"[1, 2]",0.3,False,False,False
0.17544100487336126,0.0834486867791878,0.6293933418396938,0.06335257862715436,1.483035610718014,0.9646017699115044,0.0,0.5059582919563058,0.43341772151898733,0.6413033445124765,51141,0.12020067277578007,0.0,0.4940417080436942,0.03539823008849563,0.0,0.5059582919563058,0.006249462416116874,0.006666020041453058,-0.001466517812906673,-0.011271363390302373,-0.01690639136991079,0.00034798747245098904,-0.001466517812906673,0.5059582919563058,0.9646017699115044,0.43341772151898733,0.0,0.0,0.06335257862715436,-0.01690639136991079,0.12020067277578007,0.006249462416116874,6,1,0.039551961828361855,1.0,1788.3009134928386,epoch_56_original,10,C4_motion_blur_9,0,R6_blend_alpha05,"['CAM_FRONT', 'CAM_FRONT_RIGHT', 'CAM_FRONT_LEFT', 'CAM_BACK', 'CAM_BACK_LEFT', 'CAM_BACK_RIGHT']",blend,"[1, 2]",0.5,False,False,False
0.21151271753681392,0.08158348092906255,0.5559926935506534,0.06471546867632338,1.5432064071940423,0.9576271186440678,0.3098409748038001,0.37562226580178004,0.5114411882778,0.5593230583257782,54915,0.13101025713081355,0.0,0.62437773419822,0.0423728813559322,0.3098409748038001,0.37562226580178004,0.023431762958397412,0.010132065189989686,-0.0018943937526368498,0.007152682255845942,0.010959674019952237,0.004580581705774911,-0.0018943937526368498,0.37562226580178004,0.9576271186440678,0.5114411882778,0.0,0.0,0.06471546867632338,0.010959674019952237,0.13101025713081355,0.023431762958397412,6,1,0.039551961828361855,1.0,1788.3009134928386,epoch_56_original,10,C4_motion_blur_9,2,R6_blend_alpha05,"['CAM_FRONT', 'CAM_FRONT_RIGHT', 'CAM_FRONT_LEFT', 'CAM_BACK', 'CAM_BACK_LEFT', 'CAM_BACK_RIGHT']",blend,"[1, 2]",0.5,False,False,False
0.2076737575275843,0.0848385075830195,0.5660557948371477,0.06402890432555747,1.5234918221997016,0.9117647058823529,0.34744635573683275,0.45267686424474185,0.5071677644323905,0.5706696618298829,54119,0.12971877375221688,0.0,0.5473231357552581,0.08823529411764708,0.34744635573683275,0.45267686424474185,0.026270494062824168,0.00933573750503891,-0.0026171384519179386,0.001498945186720456,0.0022802128198631255,0.006193170621850638,-0.0026171384519179386,0.45267686424474185,0.9117647058823529,0.5071677644323905,0.5660557948371477,0.0,0.06402890432555747,0.0022802128198631255,0.12971877375221688,0.026270494062824168,6,1,0.039551961828361855,1.0,1788.3009134928386,epoch_56_original,10,C4_motion_blur_9,4,R6_blend_alpha05,"['CAM_FRONT', 'CAM_FRONT_RIGHT', 'CAM_FRONT_LEFT', 'CAM_BACK', 'CAM_BACK_LEFT', 'CAM_BACK_RIGHT']",blend,"[1, 2]",0.5,False,False,False
0.19851707888501371,0.07222588783111387,0.5763472628618506,0.06600705358309124,1.5577398369364506,0.8432835820895522,0.3366748789397672,0.4916025192442267,0.5256821829855538,0.5802072823993396,54834,0.12599073889946308,0.0,0.5083974807557733,0.15671641791044777,0.3366748789397672,0.4916025192442267,0.02682349472763118,0.011354191196147535,-0.0025330729713508165,0.00402827113926832,0.006249822448225917,0.0009942899349450196,-0.0025330729713508165,0.4916025192442267,0.8432835820895522,0.5256821829855538,0.5763472628618506,0.0,0.06600705358309124,0.006249822448225917,0.12599073889946308,0.02682349472763118,6,1,0.039551961828361855,1.0,1788.3009134928386,epoch_56_original,10,C4_motion_blur_9,6,R6_blend_alpha05,"['CAM_FRONT', 'CAM_FRONT_RIGHT', 'CAM_FRONT_LEFT', 'CAM_BACK', 'CAM_BACK_LEFT', 'CAM_BACK_RIGHT']",blend,"[1, 2]",0.5,False,False,False
0.16980977593406293,0.08168180727118314,0.6391369910683216,0.06407427714544289,1.48596450527781,0.9646017699115044,0.0,0.5011585567692817,0.4410126582278481,0.6511799636934248,51242,0.11857673123767544,0.0,0.49884144323071833,0.03539823008849563,0.0,0.5011585567692817,0.0006182334768185527,0.004899140533448393,-0.0007448192946181431,-0.009318691516510711,-0.013977496810114731,-0.001275954065653645,-0.0007448192946181431,0.5011585567692817,0.9646017699115044,0.4410126582278481,0.0,0.0,0.06407427714544289,-0.013977496810114731,0.11857673123767544,0.0006182334768185527,6,1,0.039551961828361855,1.0,1622.336390177409,epoch_56_original,10,C4_motion_blur_9,0,R7_blend_alpha07,"['CAM_FRONT', 'CAM_FRONT_RIGHT', 'CAM_FRONT_LEFT', 'CAM_BACK', 'CAM_BACK_LEFT', 'CAM_BACK_RIGHT']",blend,"[1, 2]",0.7,False,False,False
0.19969292389853138,0.0773796217038868,0.579682450470704,0.06504636714839969,1.5251369959252494,0.9661016949152542,0.29559066501445685,0.4205762558455272,0.5042151746286632,0.5853732245391357,54272,0.1265701840663201,0.0,0.5794237441544727,0.03389830508474578,0.29559066501445685,0.4205762558455272,0.011611969320114879,0.005928205964813943,-0.001563495280560545,-0.00464007336084365,-0.007109737248840675,0.00014050864128145601,-0.001563495280560545,0.4205762558455272,0.9661016949152542,0.5042151746286632,0.0,0.0,0.06504636714839969,-0.007109737248840675,0.1265701840663201,0.011611969320114879,6,1,0.039551961828361855,1.0,1622.336390177409,epoch_56_original,10,C4_motion_blur_9,2,R7_blend_alpha07,"['CAM_FRONT', 'CAM_FRONT_RIGHT', 'CAM_FRONT_LEFT', 'CAM_BACK', 'CAM_BACK_LEFT', 'CAM_BACK_RIGHT']",blend,"[1, 2]",0.7,False,False,False
0.19380295839997885,0.08330781722220128,0.5872814796047631,0.06638135115149128,1.5422965402696844,0.9705882352941176,0.3317964178045753,0.45347355003186746,0.4796590468810539,0.5957136785866067,54787,0.12653773611462996,0.0,0.5465264499681326,0.02941176470588236,0.3317964178045753,0.45347355003186746,0.012399694935218725,0.0078050471442206865,-0.0002646916259841231,0.01386061660313113,0.021084930889845976,0.003012132984263713,-0.0002646916259841231,0.45347355003186746,0.9705882352941176,0.4796590468810539,0.5872814796047631,0.0,0.06638135115149128,0.021084930889845976,0.12653773611462996,0.012399694935218725,6,1,0.039551961828361855,1.0,1622.336390177409,epoch_56_original,10,C4_motion_blur_9,4,R7_blend_alpha07,"['CAM_FRONT', 'CAM_FRONT_RIGHT', 'CAM_FRONT_LEFT', 'CAM_BACK', 'CAM_BACK_LEFT', 'CAM_BACK_RIGHT']",blend,"[1, 2]",0.7,False,False,False
0.1842658537226354,0.06660820703380195,0.6016306354933099,0.06762742663264985,1.5602965824834523,0.8582089552238806,0.32626794664854303,0.5167949615115466,0.5304975922953451,0.6070500473875692,54924,0.12195676259197182,0.0,0.4832050384884534,0.14179104477611937,0.32626794664854303,0.5167949615115466,0.01257226956525287,0.005736510398835611,-0.000912699921792201,0.005676200241696268,0.00880656799522761,-0.0030396863725462436,-0.000912699921792201,0.5167949615115466,0.8582089552238806,0.5304975922953451,0.6016306354933099,0.0,0.06762742663264985,0.00880656799522761,0.12195676259197182,0.01257226956525287,6,1,0.039551961828361855,1.0,1622.336390177409,epoch_56_original,10,C4_motion_blur_9,6,R7_blend_alpha07,"['CAM_FRONT', 'CAM_FRONT_RIGHT', 'CAM_FRONT_LEFT', 'CAM_BACK', 'CAM_BACK_LEFT', 'CAM_BACK_RIGHT']",blend,"[1, 2]",0.7,False,False,False
0.2318242386817901,0.07993573847152254,0.586300893167846,0.04467924877294737,1.198236863472915,0.9380530973451328,0.0,0.18801721284342932,0.6126582278481013,0.5845973970031692,41320,0.11915671035842709,0.0,0.8119827871565707,0.06194690265486724,0.0,0.18801721284342932,0.0,0.0,0.0,0.0,0.0,0.0,0.0,0.18801721284342932,0.9380530973451328,0.6126582278481013,0.0,0.0,0.04467924877294737,0.0,0.11915671035842709,0.0,0,0,0.0,0.0,0.0,epoch_56_original,10,A7_drop_all_rear,0,R0_degraded_native,[],native,[],,False,False,False
0.23130830823477558,0.06845894384687129,0.5575663903330055,0.05373791186519196,1.355177743431221,0.8813559322033898,0.31691449814126393,0.3264444109217077,0.5616218386190285,0.557207615593835,48224,0.14694393705212871,0.0,0.6735555890782923,0.11864406779661019,0.31691449814126393,0.3264444109217077,0.0,0.0,0.0,0.0,0.0,0.0,0.0,0.3264444109217077,0.8813559322033898,0.5616218386190285,0.0,0.0,0.05373791186519196,0.0,0.14694393705212871,0.0,0,0,0.0,0.0,0.0,epoch_56_original,10,A7_drop_all_rear,2,R0_degraded_native,[],native,[],,False,False,False
0.2593636967594301,0.07568177105508431,0.5054471750696732,0.05328904160125199,1.4013456070714747,0.8970588235294118,0.3862830289058344,0.27437858508604207,0.6199147617202635,0.49647865946208486,49780,0.16572361568561214,0.0,0.7256214149139579,0.1029411764705882,0.3862830289058344,0.27437858508604207,0.0,0.0,0.0,0.0,0.0,0.0,0.0,0.27437858508604207,0.8970588235294118,0.6199147617202635,0.5054471750696732,0.0,0.05328904160125199,0.0,0.16572361568561214,0.0,0,0,0.0,0.0,0.0,epoch_56_original,10,A7_drop_all_rear,4,R0_degraded_native,[],native,[],,False,False,False
0.2689952437574316,0.07733289917383057,0.4858668787818528,0.053040762302847724,1.4254424590210506,0.6716417910447762,0.4134313142468779,0.28953813855843247,0.6761637239165329,0.47136873643339755,50177,0.15894434817192693,0.0,0.7104618614415675,0.32835820895522383,0.4134313142468779,0.28953813855843247,0.0,0.0,0.0,0.0,0.0,0.0,0.0,0.28953813855843247,0.6716417910447762,0.6761637239165329,0.4858668787818528,0.0,0.053040762302847724,0.0,0.15894434817192693,0.0,0,0,0.0,0.0,0.0,epoch_56_original,10,A7_drop_all_rear,6,R0_degraded_native,[],native,[],,False,False,False
0.2835281232652694,0.11872647104989686,0.4582616672399954,0.05250067755603884,1.4524423804609563,0.7117117117117117,0.0,0.19485530546623794,0.30799648506151145,0.46868482394798183,50667,0.13725490196078433,0.0,0.805144694533762,0.28828828828828834,0.0,0.19485530546623794,0.0,0.0,0.0,0.0,0.0,0.0,0.0,0.19485530546623794,0.7117117117117117,0.30799648506151145,0.0,0.0,0.05250067755603884,0.0,0.13725490196078433,0.0,0,0,0.0,0.0,0.0,epoch_56_original,11,A0_clean,0,R0_degraded_native,[],native,[],,False,False,False
0.2746522849843883,0.10635704390619076,0.4605413542218382,0.05725120711373602,1.5036099573495387,0.7723577235772358,0.37171858592929646,0.21348494554772582,0.43791617704661184,0.46216191877045,53939,0.1463774983971232,0.0,0.7865150544522742,0.22764227642276424,0.37171858592929646,0.21348494554772582,0.0,0.0,0.0,0.0,0.0,0.0,0.0,0.21348494554772582,0.7723577235772358,0.43791617704661184,0.0,0.0,0.05725120711373602,0.0,0.1463774983971232,0.0,0,0,0.0,0.0,0.0,epoch_56_original,11,A0_clean,2,R0_degraded_native,[],native,[],,False,False,False
0.27902079494603843,0.11133780858933152,0.4640599983146541,0.05423734983016186,1.4567287435746188,0.5838926174496645,0.4051259583789704,0.23563892145369286,0.441142416055577,0.46585883065737654,51861,0.15140024156624815,0.0,0.7643610785463071,0.4161073825503355,0.4051259583789704,0.23563892145369286,0.0,0.0,0.0,0.0,0.0,0.0,0.0,0.23563892145369286,0.5838926174496645,0.441142416055577,0.4640599983146541,0.0,0.05423734983016186,0.0,0.15140024156624815,0.0,0,0,0.0,0.0,0.0,epoch_56_original,11,A0_clean,4,R0_degraded_native,[],native,[],,False,False,False
0.27887533381888807,0.0934225314247557,0.47635192888483674,0.050927257638427384,1.4013619009630178,0.7099236641221374,0.4146479856837327,0.27408726625111307,0.47611202635914335,0.47636975818794003,49185,0.1519744714798564,0.0,0.7259127337488869,0.29007633587786263,0.4146479856837327,0.27408726625111307,0.0,0.0,0.0,0.0,0.0,0.0,0.0,0.27408726625111307,0.7099236641221374,0.47611202635914335,0.47635192888483674,0.0,0.050927257638427384,0.0,0.1519744714798564,0.0,0,0,0.0,0.0,0.0,epoch_56_original,11,A0_clean,6,R0_degraded_native,[],native,[],,False,False,False
0.1900883550668176,0.0779954578934493,0.629342965256278,0.054761401119785294,1.3205767687191836,0.7027027027027027,0.0,0.5331189710610933,0.44332161687170474,0.6422831554410502,46067,0.11658640064212819,0.0,0.4668810289389067,0.29729729729729726,0.0,0.5331189710610933,0.0,0.0,0.0,0.0,0.0,0.0,0.0,0.5331189710610933,0.7027027027027027,0.44332161687170474,0.0,0.0,0.054761401119785294,0.0,0.11658640064212819,0.0,0,0,0.0,0.0,0.0,epoch_56_original,11,A1_drop_cam_front,0,R0_degraded_native,[],native,[],,False,False,False
0.17593401400484013,0.06769561376586275,0.6575140077495609,0.0562133458693288,1.2891589775039722,0.7560975609756098,0.255912795639782,0.6660794362588085,0.5902859381120251,0.6625941824512953,46246,0.0987372118306247,0.0,0.3339205637411915,0.24390243902439024,0.255912795639782,0.6660794362588085,0.0,0.0,0.0,0.0,0.0,0.0,0.0,0.6660794362588085,0.7560975609756098,0.5902859381120251,0.0,0.0,0.0562133458693288,0.0,0.0987372118306247,0.0,0,0,0.0,0.0,0.0,epoch_56_original,11,A1_drop_cam_front,2,R0_degraded_native,[],native,[],,False,False,False
0.179328268692523,0.07109897876828807,0.6472570995196764,0.05696071634797543,1.3197662986994747,0.8859060402684564,0.2930996714129244,0.6742589181041702,0.5661906599768429,0.6536201151166313,46985,0.10651386197016938,0.0,0.32574108189582984,0.11409395973154357,0.2930996714129244,0.6742589181041702,0.0,0.0,0.0,0.0,0.0,0.0,0.0,0.6742589181041702,0.8859060402684564,0.5661906599768429,0.6472570995196764,0.0,0.05696071634797543,0.0,0.10651386197016938,0.0,0,0,0.0,0.0,0.0,epoch_56_original,11,A1_drop_cam_front,4,R0_degraded_native,[],native,[],,False,False,False
0.17920276792463802,0.0612694224213635,0.6487834064619067,0.05569497207812175,1.3111003475981537,0.9083969465648855,0.30793068831565623,0.6719501335707925,0.5840197693574959,0.6535965717783899,46017,0.10909453530115676,0.0,0.3280498664292075,0.09160305343511455,0.30793068831565623,0.6719501335707925,0.0,0.0,0.0,0.0,0.0,0.0,0.0,0.6719501335707925,0.9083969465648855,0.5840197693574959,0.6487834064619067,0.0,0.05569497207812175,0.0,0.10909453530115676,0.0,0,0,0.0,0.0,0.0,epoch_56_original,11,A1_drop_cam_front,6,R0_degraded_native,[],native,[],,False,False,False
0.2557736389684814,0.10287855270773451,0.488218094255246,0.05770133329807838,1.5126992317394794,0.7207207207207207,0.0,0.2686495176848875,0.3664323374340949,0.4966568519200098,52769,0.13097695218438252,0.0,0.7313504823151125,0.2792792792792793,0.0,0.2686495176848875,0.06568528390166378,0.024883094814285203,0.002939932178293088,0.14548375192654178,0.1921224630202958,0.014390551542254326,0.002939932178293088,0.2686495176848875,0.7207207207207207,0.3664323374340949,0.0,0.0,0.05770133329807838,0.1921224630202958,0.13097695218438252,0.06568528390166378,1,1,0.04618017680265686,1.0,18188.834938049316,epoch_56_original,11,A1_drop_cam_front,0,R1_replace_tminus1,['CAM_FRONT'],replace,[1],,False,False,False
0.2294626396269385,0.09353308874050924,0.5281409416552839,0.06272687696461175,1.5282245700108716,0.7560975609756098,0.33341667083354165,0.3611467008327995,0.47395221308264784,0.532194638729625,54822,0.12563766621135672,0.0,0.6388532991672005,0.24390243902439024,0.33341667083354165,0.3611467008327995,0.05352862562209837,0.025837474974646488,0.006513531095282951,0.1854430653461921,0.2390655925068994,0.02690045438073202,0.006513531095282951,0.3611467008327995,0.7560975609756098,0.47395221308264784,0.0,0.0,0.06272687696461175,0.2390655925068994,0.12563766621135672,0.05352862562209837,1,1,0.04618017680265686,1.0,18188.834938049316,epoch_56_original,11,A1_drop_cam_front,2,R1_replace_tminus1,['CAM_FRONT'],replace,[1],,False,False,False
0.2501293749148849,0.10512890260282255,0.4840875256313025,0.06258944836109921,1.5784949860958961,0.7651006711409396,0.3878641840087623,0.2882264277340479,0.47896565032805866,0.4844895486216298,56196,0.13735569225583552,0.0,0.7117735722659522,0.2348993288590604,0.3878641840087623,0.2882264277340479,0.07080110622236191,0.03402992383453449,0.005628732013123784,0.1960412897733319,0.2587286873964214,0.030841830285666144,0.005628732013123784,0.2882264277340479,0.7651006711409396,0.47896565032805866,0.4840875256313025,0.0,0.06258944836109921,0.2587286873964214,0.13735569225583552,0.07080110622236191,1,1,0.04618017680265686,1.0,18188.834938049316,epoch_56_original,11,A1_drop_cam_front,4,R1_replace_tminus1,['CAM_FRONT'],replace,[1],,False,False,False
0.25918141437919484,0.0964829050159855,0.4729899139552111,0.059958472612092535,1.5603738104735312,0.7099236641221374,0.40172842739295533,0.29243098842386467,0.4699341021416804,0.4732170186715641,54766,0.14573479970368683,0.0,0.7075690115761353,0.29007633587786263,0.40172842739295533,0.29243098842386467,0.07997864645455682,0.035213482594622,0.004263500533970788,0.19012538844340135,0.24927346287537744,0.03664026440253007,0.004263500533970788,0.29243098842386467,0.7099236641221374,0.4699341021416804,0.4729899139552111,0.0,0.059958472612092535,0.24927346287537744,0.14573479970368683,0.07997864645455682,1,1,0.04618017680265686,1.0,18188.834938049316,epoch_56_original,11,A1_drop_cam_front,6,R1_replace_tminus1,['CAM_FRONT'],replace,[1],,False,False,False
0.24711498487606978,0.09854724206313574,0.5058479532163743,0.05763027254278519,1.4938367159729389,0.6666666666666666,0.0,0.34067524115755626,0.4204745166959578,0.5117470249049196,52111,0.12512899896800825,0.0,0.6593247588424438,0.33333333333333337,0.0,0.34067524115755626,0.05702662980925219,0.020551784169686435,0.002868871422999894,0.1312002083921245,0.17325994725375526,0.008542598325880058,0.002868871422999894,0.34067524115755626,0.6666666666666666,0.4204745166959578,0.0,0.0,0.05763027254278519,0.17325994725375526,0.12512899896800825,0.05702662980925219,1,2,0.04649424823847684,1.0,18258.79013824463,epoch_56_original,11,A1_drop_cam_front,0,R2_replace_tminus2,['CAM_FRONT'],replace,[2],,False,False,False
0.237621468387554,0.09271465819644764,0.5139798734424219,0.062073040933446115,1.5313745714046776,0.7642276422764228,0.336116805840292,0.3502562459961563,0.49588719153936545,0.5152643112298502,54935,0.12928943773868926,0.0,0.6497437540038438,0.2357723577235772,0.336116805840292,0.3502562459961563,0.06168745438271386,0.02501904443058489,0.005859695064117314,0.18788651991523592,0.24221559390070535,0.030552225908064556,0.005859695064117314,0.3502562459961563,0.7642276422764228,0.49588719153936545,0.0,0.0,0.062073040933446115,0.24221559390070535,0.12928943773868926,0.06168745438271386,1,2,0.04649424823847684,1.0,18258.79013824463,epoch_56_original,11,A1_drop_cam_front,2,R2_replace_tminus2,['CAM_FRONT'],replace,[2],,False,False,False
0.2494884436326682,0.0986884052534228,0.48970534535546756,0.06157521769559513,1.5556585489171653,0.7516778523489933,0.3772617743702081,0.3021269469100653,0.49864917020455424,0.4890033323235383,55383,0.14081065138619703,0.0,0.6978730530899346,0.24832214765100669,0.3772617743702081,0.3021269469100653,0.0701601749401452,0.027589426485134738,0.004614501347619704,0.17873789507289561,0.23589225021769056,0.03429678941602765,0.004614501347619704,0.3021269469100653,0.7516778523489933,0.49864917020455424,0.48970534535546756,0.0,0.06157521769559513,0.23589225021769056,0.14081065138619703,0.0701601749401452,1,2,0.04649424823847684,1.0,18258.79013824463,epoch_56_original,11,A1_drop_cam_front,4,R2_replace_tminus2,['CAM_FRONT'],replace,[2],,False,False,False
0.2564117048921026,0.09161854293319728,0.48270556726879027,0.05903435597832376,1.5347313237221494,0.7251908396946565,0.3889398105713413,0.33891362422083704,0.5300658978583196,0.4791857973676156,53866,0.14416775884665792,0.0,0.661086375779163,0.2748091603053435,0.3889398105713413,0.33891362422083704,0.07720893696746456,0.030349120511833784,0.0033393839002020115,0.17056739900471565,0.22363097612399563,0.03507322354550116,0.0033393839002020115,0.33891362422083704,0.7251908396946565,0.5300658978583196,0.48270556726879027,0.0,0.05903435597832376,0.22363097612399563,0.14416775884665792,0.07720893696746456,1,2,0.04649424823847684,1.0,18258.79013824463,epoch_56_original,11,A1_drop_cam_front,6,R2_replace_tminus2,['CAM_FRONT'],replace,[2],,False,False,False
0.2548255382331106,0.10392682170655955,0.48833276000458664,0.05810456176997468,1.5195791766999198,0.7207207207207207,0.0,0.2729903536977492,0.37082601054481545,0.49647282542019383,53009,0.12888430225891526,0.0,0.7270096463022508,0.2792792792792793,0.0,0.2729903536977492,0.06473718316629301,0.025931363813110245,0.0033431606501893862,0.15069355503939913,0.1990024079807362,0.012297901616787066,0.0033431606501893862,0.2729903536977492,0.7207207207207207,0.37082601054481545,0.0,0.0,0.05810456176997468,0.1990024079807362,0.12888430225891526,0.06473718316629301,1,1,0.04548739675771106,1.0,17592.176429748535,epoch_56_original,11,A1_drop_cam_front,0,R3_ema_K2,['CAM_FRONT'],ema,"[1, 2]",,False,False,False
0.2306845517185143,0.09223286736244997,0.5268307640844089,0.062417339400490296,1.5243219134167758,0.7642276422764228,0.33496674833741685,0.3686739269698911,0.4935370152761457,0.5292828625461532,54682,0.12396509909960138,0.0,0.6313260730301089,0.2357723577235772,0.33496674833741685,0.3686739269698911,0.05475053771367416,0.02453725359658722,0.006203993531161495,0.18241577649958915,0.23516293591280357,0.02522788726897668,0.006203993531161495,0.3686739269698911,0.7642276422764228,0.4935370152761457,0.0,0.0,0.062417339400490296,0.23516293591280357,0.12396509909960138,0.05475053771367416,1,1,0.04548739675771106,1.0,17592.176429748535,epoch_56_original,11,A1_drop_cam_front,2,R3_ema_K2,['CAM_FRONT'],ema,"[1, 2]",,False,False,False
0.24964071118654274,0.10521122058048614,0.4876829302547681,0.061978924518405885,1.564534704081346,0.7315436241610739,0.38365826944140197,0.3014570423714621,0.48436896950984176,0.48794304756134504,55699,0.1376927614392854,0.0,0.6985429576285379,0.2684563758389261,0.38365826944140197,0.3014570423714621,0.07031244249401974,0.034112241812198074,0.005018208170430458,0.18546344578056825,0.24476840538187128,0.031178899469116034,0.005018208170430458,0.3014570423714621,0.7315436241610739,0.48436896950984176,0.4876829302547681,0.0,0.061978924518405885,0.24476840538187128,0.1376927614392854,0.07031244249401974,1,1,0.04548739675771106,1.0,17592.176429748535,epoch_56_original,11,A1_drop_cam_front,4,R3_ema_K2,['CAM_FRONT'],ema,"[1, 2]",,False,False,False
0.26107189838324113,0.09526130748556767,0.47412958003305034,0.05885085517984731,1.5401447375918855,0.7022900763358778,0.39906595085330193,0.30632235084594833,0.48352553542009885,0.47343128252219163,54056,0.14681748247763404,0.0,0.6936776491540517,0.2977099236641222,0.39906595085330193,0.30632235084594833,0.08186913045860311,0.033991885064204176,0.0031558831017255637,0.17469630788621596,0.22904438999373178,0.037722947176477284,0.0031558831017255637,0.30632235084594833,0.7022900763358778,0.48352553542009885,0.47412958003305034,0.0,0.05885085517984731,0.22904438999373178,0.14681748247763404,0.08186913045860311,1,1,0.04548739675771106,1.0,17592.176429748535,epoch_56_original,11,A1_drop_cam_front,6,R3_ema_K2,['CAM_FRONT'],ema,"[1, 2]",,False,False,False
0.2524792204069934,0.10307269671733614,0.49495470702901045,0.05766828178398852,1.5053892902190116,0.7027027027027027,0.0,0.3008038585209003,0.38532513181019334,0.502545699914121,52514,0.12667698658410734,0.0,0.6991961414790997,0.29729729729729726,0.0,0.3008038585209003,0.062390865340175794,0.025077238823886835,0.0029068806642032277,0.13994833611913082,0.18481252149982796,0.010090585941979147,0.0029068806642032277,0.3008038585209003,0.7027027027027027,0.38532513181019334,0.0,0.0,0.05766828178398852,0.18481252149982796,0.12667698658410734,0.062390865340175794,1,2,0.044983799145980316,1.0,17235.092323303223,epoch_56_original,11,A1_drop_cam_front,0,R4_ema_K3,['CAM_FRONT'],ema,"[1, 2, 3]",,False,False,False
0.22806302081209304,0.09137298864531733,0.5323223594346723,0.06238754434084224,1.5183285479329858,0.7804878048780488,0.3265163258162908,0.3790839205637412,0.5146886016451234,0.5335754810434366,54467,0.12193014244696568,0.0,0.6209160794362588,0.2195121951219512,0.3265163258162908,0.3790839205637412,0.05212900680725291,0.02367737487945458,0.006174198471513438,0.1777667257708775,0.22916957042901354,0.02319293061634098,0.006174198471513438,0.3790839205637412,0.7804878048780488,0.5146886016451234,0.0,0.0,0.06238754434084224,0.22916957042901354,0.12193014244696568,0.05212900680725291,1,2,0.044983799145980316,1.0,17235.092323303223,epoch_56_original,11,A1_drop_cam_front,2,R4_ema_K3,['CAM_FRONT'],ema,"[1, 2, 3]",,False,False,False
0.2475732148733136,0.1021068048494838,0.4927951462037583,0.061772107498523326,1.5559113508047526,0.7315436241610739,0.3797152245345016,0.30731870708424047,0.48205326128907755,0.49363829142684035,55392,0.1372152467627314,0.0,0.6926812929157595,0.2684563758389261,0.3797152245345016,0.30731870708424047,0.0682449461807906,0.031007826081195733,0.004811391150547899,0.17892944556773438,0.23614505210527792,0.030701384792562014,0.004811391150547899,0.30731870708424047,0.7315436241610739,0.48205326128907755,0.4927951462037583,0.0,0.061772107498523326,0.23614505210527792,0.1372152467627314,0.0682449461807906,1,2,0.044983799145980316,1.0,17235.092323303223,epoch_56_original,11,A1_drop_cam_front,4,R4_ema_K3,['CAM_FRONT'],ema,"[1, 2, 3]",,False,False,False
0.26030639286878393,0.09674350400876959,0.47666533705624253,0.05862933169339827,1.533791099207932,0.7175572519083969,0.3973637117541792,0.30347284060552093,0.48352553542009885,0.4761554943373125,53833,0.14496552510114535,0.0,0.6965271593944791,0.2824427480916031,0.3973637117541792,0.30347284060552093,0.08110362494414591,0.035474081587406094,0.0029343596152765217,0.16985027272529718,0.22269075160977825,0.035870989799988595,0.0029343596152765217,0.30347284060552093,0.7175572519083969,0.48352553542009885,0.47666533705624253,0.0,0.05862933169339827,0.22269075160977825,0.14496552510114535,0.08110362494414591,1,2,0.044983799145980316,1.0,17235.092323303223,epoch_56_original,11,A1_drop_cam_front,6,R4_ema_K3,['CAM_FRONT'],ema,"[1, 2, 3]",,False,False,False
0.15317267808189686,0.067505293381089,0.6940717807590873,0.05749145618360777,1.3032049076940717,0.8198198198198198,0.0,0.747427652733119,0.4850615114235501,0.7086247086247086,45461,0.11053778236440776,0.0,0.25257234726688105,0.18018018018018023,0.0,0.747427652733119,0.0,0.0,0.0,0.0,0.0,0.0,0.0,0.747427652733119,0.8198198198198198,0.4850615114235501,0.0,0.0,0.05749145618360777,0.0,0.11053778236440776,0.0,0,0,0.0,0.0,0.0,epoch_56_original,11,A10_drop_front_triplet,0,R0_degraded_native,[],native,[],,False,False,False
0.13389748157745565,0.057549987046918105,0.7234410280712513,0.06326649860045984,1.3420120982354418,0.8617886178861789,0.2297114855742787,0.8826073030108904,0.6400313356835096,0.7297751628493381,48142,0.09029074791626014,0.0,0.11739269698910959,0.1382113821138211,0.2297114855742787,0.8826073030108904,0.0,0.0,0.0,0.0,0.0,0.0,0.0,0.8826073030108904,0.8617886178861789,0.6400313356835096,0.0,0.0,0.06326649860045984,0.0,0.09029074791626014,0.0,0,0,0.0,0.0,0.0,epoch_56_original,11,A10_drop_front_triplet,2,R0_degraded_native,[],native,[],,False,False,False
0.12822778466489068,0.05640409490827843,0.726889694109716,0.06655371699820814,1.40299429791298,0.9395973154362416,0.2560350492880613,0.8834366102830347,0.6541875723658819,0.7325961829748561,49948,0.09516586612735597,0.0,0.11656338971696534,0.06040268456375841,0.2560350492880613,0.8834366102830347,0.0,0.0,0.0,0.0,0.0,0.0,0.0,0.8834366102830347,0.9395973154362416,0.6541875723658819,0.726889694109716,0.0,0.06655371699820814,0.0,0.09516586612735597,0.0,0,0,0.0,0.0,0.0,epoch_56_original,11,A10_drop_front_triplet,4,R0_degraded_native,[],native,[],,False,False,False
0.13156554146446095,0.04983313719592943,0.720382927802154,0.0652932210506826,1.4049233574562654,0.8778625954198473,0.2623630570468334,0.8708815672306323,0.6688632619439868,0.724211815120906,49310,0.10348167986779873,0.04487978628673197,0.12911843276936774,0.12213740458015265,0.2623630570468334,0.8708815672306323,0.0,0.0,0.0,0.0,0.0,0.0,0.0,0.8708815672306323,0.8778625954198473,0.6688632619439868,0.720382927802154,0.04487978628673197,0.0652932210506826,0.0,0.10348167986779873,0.0,0,0,0.0,0.0,0.0,epoch_56_original,11,A10_drop_front_triplet,6,R0_degraded_native,[],native,[],,False,False,False
0.2528263674069553,0.0929085675633301,0.4775255131292283,0.06148407908566291,1.5890092879256965,0.6666666666666666,0.0,0.2292604501607717,0.35808435852372583,0.4857992884308674,55431,0.13722623552344915,0.0,0.7707395498392283,0.33333333333333337,0.0,0.2292604501607717,0.09965368932505844,0.0254032741822411,0.00399262290205514,0.21930885814214382,0.2858043802316248,0.026688453159041392,0.00399262290205514,0.2292604501607717,0.6666666666666666,0.35808435852372583,0.0,0.0,0.06148407908566291,0.2858043802316248,0.13722623552344915,0.09965368932505844,3,1,0.04643724824894558,1.0,18675.651323954266,epoch_56_original,11,A10_drop_front_triplet,0,R1_replace_tminus1,"['CAM_FRONT', 'CAM_FRONT_LEFT', 'CAM_FRONT_RIGHT']",replace,[1],,False,False,False
0.22080126307479772,0.07986784016006211,0.532182978842026,0.06642974076642826,1.5865414099740751,0.7967479674796748,0.3335666783339167,0.3794042280589366,0.4774774774774775,0.5362771290487197,56914,0.1352270509854208,0.0,0.6205957719410634,0.2032520325203252,0.3335666783339167,0.3794042280589366,0.08690378149734207,0.022317853113144007,0.0031632421659684162,0.1822109592455652,0.24452931173863335,0.044936303069160646,0.0031632421659684162,0.3794042280589366,0.7967479674796748,0.4774774774774775,0.0,0.0,0.06642974076642826,0.24452931173863335,0.1352270509854208,0.08690378149734207,3,1,0.04643724824894558,1.0,18675.651323954266,epoch_56_original,11,A10_drop_front_triplet,2,R1_replace_tminus1,"['CAM_FRONT', 'CAM_FRONT_LEFT', 'CAM_FRONT_RIGHT']",replace,[1],,False,False,False
0.23982807647451942,0.0961258847136703,0.48591331704165613,0.0673594761076706,1.6576500660093818,0.6845637583892618,0.3887404162102957,0.2949254731200804,0.462369741412582,0.48776128445925476,59014,0.1450240161793208,0.0,0.7050745268799197,0.31543624161073824,0.3887404162102957,0.2949254731200804,0.11160029180962874,0.03972178980539187,0.0008057591094624561,0.18150876911988467,0.2546557680964019,0.04985815005196484,0.0008057591094624561,0.2949254731200804,0.6845637583892618,0.462369741412582,0.48591331704165613,0.0,0.0673594761076706,0.2546557680964019,0.1450240161793208,0.11160029180962874,3,1,0.04643724824894558,1.0,18675.651323954266,epoch_56_original,11,A10_drop_front_triplet,4,R1_replace_tminus1,"['CAM_FRONT', 'CAM_FRONT_LEFT', 'CAM_FRONT_RIGHT']",replace,[1],,False,False,False
0.24800399201596807,0.08763433419431378,0.47606701236537696,0.06455591153608353,1.6365319961251354,0.6335877862595419,0.3978438304744446,0.2977738201246661,0.44192751235584843,0.4786042240587695,57439,0.1560772693600775,0.601246660730187,0.702226179875334,0.36641221374045807,0.3978438304744446,0.2977738201246661,0.11643845055150712,0.03780119699838435,-0.0007373095145990632,0.1648549989860069,0.23160863866887005,0.05259558949227876,-0.0007373095145990632,0.2977738201246661,0.6335877862595419,0.44192751235584843,0.47606701236537696,0.601246660730187,0.06455591153608353,0.23160863866887005,0.1560772693600775,0.11643845055150712,3,1,0.04643724824894558,1.0,18675.651323954266,epoch_56_original,11,A10_drop_front_triplet,6,R1_replace_tminus1,"['CAM_FRONT', 'CAM_FRONT_LEFT', 'CAM_FRONT_RIGHT']",replace,[1],,False,False,False
0.24610419154865495,0.08721993573959172,0.5038126361655774,0.058580503572868675,1.5123552344914575,0.6216216216216216,0.0,0.3122186495176849,0.4305799648506151,0.5088639430744694,52757,0.1370829033367733,0.0,0.6877813504823151,0.3783783783783784,0.0,0.3122186495176849,0.0929315134667581,0.019714642358502718,0.001089047389260904,0.16048921053210444,0.20915032679738577,0.026545120972365555,0.001089047389260904,0.3122186495176849,0.6216216216216216,0.4305799648506151,0.0,0.0,0.058580503572868675,0.20915032679738577,0.1370829033367733,0.0929315134667581,3,2,0.04663319592223023,1.0,18779.118792215984,epoch_56_original,11,A10_drop_front_triplet,0,R2_replace_tminus2,"['CAM_FRONT', 'CAM_FRONT_LEFT', 'CAM_FRONT_RIGHT']",replace,[2],,False,False,False
0.21556406731706015,0.08107318472961418,0.5497449335154573,0.06464865831191123,1.5389847517631645,0.7642276422764228,0.30681534076703837,0.39654067905188983,0.4994124559341951,0.5535076396601927,55208,0.13341510328101916,0.0,0.6034593209481102,0.2357723577235772,0.30681534076703837,0.39654067905188983,0.0816665857396045,0.023523197682696076,0.0013821597114513917,0.14677412654231234,0.19697265352772275,0.04312435536475902,0.0013821597114513917,0.39654067905188983,0.7642276422764228,0.4994124559341951,0.0,0.0,0.06464865831191123,0.19697265352772275,0.13341510328101916,0.0816665857396045,3,2,0.04663319592223023,1.0,18779.118792215984,epoch_56_original,11,A10_drop_front_triplet,2,R2_replace_tminus2,"['CAM_FRONT', 'CAM_FRONT_LEFT', 'CAM_FRONT_RIGHT']",replace,[2],,False,False,False
0.23522004152990822,0.08888232954195775,0.5068116064155501,0.0645997097943577,1.5898991601359513,0.6711409395973155,0.3570208105147864,0.3019594707754145,0.49170204554226166,0.5079975764919721,56602,0.14755203505519507,0.0,0.6980405292245855,0.32885906040268453,0.3570208105147864,0.3019594707754145,0.10699225686501754,0.032478234633679326,-0.001954007203850444,0.13321854728918076,0.18690486222297142,0.052386168927839094,-0.001954007203850444,0.3019594707754145,0.6711409395973155,0.49170204554226166,0.5068116064155501,0.0,0.0645997097943577,0.18690486222297142,0.14755203505519507,0.10699225686501754,3,2,0.04663319592223023,1.0,18779.118792215984,epoch_56_original,11,A10_drop_front_triplet,4,R2_replace_tminus2,"['CAM_FRONT', 'CAM_FRONT_LEFT', 'CAM_FRONT_RIGHT']",replace,[2],,False,False,False
0.24555405442664535,0.08037857331042789,0.4925066955382073,0.06189432337800173,1.5742207533192774,0.7862595419847328,0.3703897691065427,0.33873552983081034,0.5024711696869851,0.49176614631160087,55252,0.1618610747051114,0.5618878005342832,0.6612644701691897,0.2137404580152672,0.3703897691065427,0.33873552983081034,0.1139885129621844,0.030545436114498455,-0.0033988976726808673,0.12050294058000406,0.16929739586301196,0.05837939483731268,-0.0033988976726808673,0.33873552983081034,0.7862595419847328,0.5024711696869851,0.4925066955382073,0.5618878005342832,0.06189432337800173,0.16929739586301196,0.1618610747051114,0.1139885129621844,3,2,0.04663319592223023,1.0,18779.118792215984,epoch_56_original,11,A10_drop_front_triplet,6,R2_replace_tminus2,"['CAM_FRONT', 'CAM_FRONT_LEFT', 'CAM_FRONT_RIGHT']",replace,[2],,False,False,False
0.2517630268092013,0.09075743840450776,0.4842047930283224,0.06045782957317275,1.5645281504414632,0.6576576576576577,0.0,0.25112540192926047,0.3523725834797891,0.4933443749233223,54577,0.13957688338493293,0.0,0.7488745980707395,0.3423423423423423,0.0,0.25112540192926047,0.09859034872730446,0.023252145023418755,0.002966373389564979,0.20052352565935638,0.2613232427473915,0.029039101020525176,0.002966373389564979,0.25112540192926047,0.6576576576576577,0.3523725834797891,0.0,0.0,0.06045782957317275,0.2613232427473915,0.13957688338493293,0.09859034872730446,3,1,0.04506567447926058,1.0,17758.845965067547,epoch_56_original,11,A10_drop_front_triplet,0,R3_ema_K2,"['CAM_FRONT', 'CAM_FRONT_LEFT', 'CAM_FRONT_RIGHT']",ema,"[1, 2]",,False,False,False
0.21792791594626945,0.07750503431271481,0.5432219217796114,0.06508068667680802,1.5527834304351462,0.7398373983739838,0.31796589829491473,0.378122998078155,0.4770857814336075,0.5481943985831357,55703,0.1317982884063223,0.0,0.6218770019218449,0.26016260162601623,0.31796589829491473,0.378122998078155,0.0840304343688138,0.019955047265796708,0.001814188076348186,0.1570562087158822,0.21077133219970445,0.04150754049006215,0.001814188076348186,0.378122998078155,0.7398373983739838,0.4770857814336075,0.0,0.0,0.06508068667680802,0.21077133219970445,0.1317982884063223,0.0840304343688138,3,1,0.04506567447926058,1.0,17758.845965067547,epoch_56_original,11,A10_drop_front_triplet,2,R3_ema_K2,"['CAM_FRONT', 'CAM_FRONT_LEFT', 'CAM_FRONT_RIGHT']",ema,"[1, 2]",,False,False,False
0.23985161066481625,0.09491001651668228,0.4951265413892868,0.06508448888896243,1.6098143310581163,0.6442953020134228,0.37673603504928804,0.29073856975381007,0.48205326128907755,0.4961526810057558,57311,0.14617566922277464,0.0,0.7092614302461899,0.3557046979865772,0.37673603504928804,0.29073856975381007,0.11162382599992557,0.038505921608403854,-0.0014692281092457127,0.1474133098422359,0.20682003314513642,0.051009803095418665,-0.0014692281092457127,0.29073856975381007,0.6442953020134228,0.48205326128907755,0.4951265413892868,0.0,0.06508448888896243,0.20682003314513642,0.14617566922277464,0.11162382599992557,3,1,0.04506567447926058,1.0,17758.845965067547,epoch_56_original,11,A10_drop_front_triplet,4,R3_ema_K2,"['CAM_FRONT', 'CAM_FRONT_LEFT', 'CAM_FRONT_RIGHT']",ema,"[1, 2]",,False,False,False
0.24747612924406992,0.08713719835360818,0.48455752464527896,0.06282670581350368,1.5982392159097385,0.6183206106870229,0.3863209811880756,0.3196794300979519,0.4666392092257002,0.4858891949801041,56095,0.15684654396261896,0.5905609973285841,0.680320569902048,0.38167938931297707,0.3863209811880756,0.3196794300979519,0.11591058777960897,0.03730406115767875,-0.002466515237178918,0.13759886432772256,0.1933158584534731,0.05336486409482023,-0.002466515237178918,0.3196794300979519,0.6183206106870229,0.4666392092257002,0.48455752464527896,0.5905609973285841,0.06282670581350368,0.1933158584534731,0.15684654396261896,0.11591058777960897,3,1,0.04506567447926058,1.0,17758.845965067547,epoch_56_original,11,A10_drop_front_triplet,6,R3_ema_K2,"['CAM_FRONT', 'CAM_FRONT_LEFT', 'CAM_FRONT_RIGHT']",ema,"[1, 2]",,False,False,False
0.2484001347254968,0.0968074572723547,0.49260405916752664,0.060107483523820227,1.5500515995872033,0.6576576576576577,0.0,0.2739549839228296,0.37697715289982425,0.5006134216660533,54072,0.1383442265795207,0.0,0.7260450160771704,0.3423423423423423,0.0,0.2739549839228296,0.09522745664359994,0.029302163891265692,0.0026160273402124554,0.18941510305536613,0.24684669189313158,0.02780644421511294,0.0026160273402124554,0.2739549839228296,0.6576576576576577,0.37697715289982425,0.0,0.0,0.060107483523820227,0.24684669189313158,0.1383442265795207,0.09522745664359994,3,2,0.0444224477943146,1.0,17306.16564687093,epoch_56_original,11,A10_drop_front_triplet,0,R4_ema_K3,"['CAM_FRONT', 'CAM_FRONT_LEFT', 'CAM_FRONT_RIGHT']",ema,"[1, 2, 3]",,False,False,False
0.21613032447589797,0.08337426121268059,0.5487971454854627,0.06458410234934045,1.5388453711705181,0.8048780487804879,0.3110655532776639,0.3778026905829596,0.4919702311006659,0.5530573649926455,55203,0.1290106765533967,0.0,0.6221973094170403,0.19512195121951215,0.3110655532776639,0.3778026905829596,0.08223284289844232,0.02582427416576248,0.0013176037488806108,0.14667026712641767,0.19683327293507635,0.038719928637136566,0.0013176037488806108,0.3778026905829596,0.8048780487804879,0.4919702311006659,0.0,0.0,0.06458410234934045,0.19683327293507635,0.1290106765533967,0.08223284289844232,3,2,0.0444224477943146,1.0,17306.16564687093,epoch_56_original,11,A10_drop_front_triplet,2,R4_ema_K3,"['CAM_FRONT', 'CAM_FRONT_LEFT', 'CAM_FRONT_RIGHT']",ema,"[1, 2, 3]",,False,False,False
0.2386194029850746,0.09509555801176313,0.49703660009550293,0.06525325157718659,1.6107693604112243,0.697986577181208,0.37292442497261774,0.30112209010216046,0.470860671555384,0.49909118448954864,57345,0.14575433274346225,0.0,0.6988779098978395,0.30201342281879195,0.37292442497261774,0.30112209010216046,0.11039161832018393,0.0386914631034847,-0.0013004654210215516,0.14809401777848963,0.2077750624982444,0.050588466616106276,-0.0013004654210215516,0.30112209010216046,0.697986577181208,0.470860671555384,0.49703660009550293,0.0,0.06525325157718659,0.2077750624982444,0.14575433274346225,0.11039161832018393,3,2,0.0444224477943146,1.0,17306.16564687093,epoch_56_original,11,A10_drop_front_triplet,4,R4_ema_K3,"['CAM_FRONT', 'CAM_FRONT_LEFT', 'CAM_FRONT_RIGHT']",ema,"[1, 2, 3]",,False,False,False
0.24660530768913286,0.08365962603872536,0.4892871388683116,0.06214064426965029,1.5816855661291243,0.6870229007633588,0.3812142638907075,0.3248441674087266,0.4670510708401977,0.4909397000306091,55514,0.1562197276198074,0.5823686553873553,0.6751558325912734,0.3129770992366412,0.3812142638907075,0.3248441674087266,0.11503976622467191,0.033826488842795925,-0.0031525767810323055,0.12581626444940175,0.17676220867285886,0.052738047752008674,-0.0031525767810323055,0.3248441674087266,0.6870229007633588,0.4670510708401977,0.4892871388683116,0.5823686553873553,0.06214064426965029,0.17676220867285886,0.1562197276198074,0.11503976622467191,3,2,0.0444224477943146,1.0,17306.16564687093,epoch_56_original,11,A10_drop_front_triplet,6,R4_ema_K3,"['CAM_FRONT', 'CAM_FRONT_LEFT', 'CAM_FRONT_RIGHT']",ema,"[1, 2, 3]",,False,False,False
0.2528263674069553,0.0929085675633301,0.4775255131292283,0.06148407908566291,1.5890092879256965,0.6666666666666666,0.0,0.2292604501607717,0.35808435852372583,0.4857992884308674,55431,0.13722623552344915,0.0,0.7707395498392283,0.33333333333333337,0.0,0.2292604501607717,0.09965368932505844,0.0254032741822411,0.00399262290205514,0.21930885814214382,0.2858043802316248,0.026688453159041392,0.00399262290205514,0.2292604501607717,0.6666666666666666,0.35808435852372583,0.0,0.0,0.06148407908566291,0.2858043802316248,0.13722623552344915,0.09965368932505844,3,1,0.04643724824894558,1.0,18675.651323954266,epoch_56_original,11,A10_drop_front_triplet,0,R8_camera_group_repair_front_triplet,"['CAM_FRONT', 'CAM_FRONT_LEFT', 'CAM_FRONT_RIGHT']",replace,[1],,False,False,False
0.22080126307479772,0.07986784016006211,0.532182978842026,0.06642974076642826,1.5865414099740751,0.7967479674796748,0.3335666783339167,0.3794042280589366,0.4774774774774775,0.5362771290487197,56914,0.1352270509854208,0.0,0.6205957719410634,0.2032520325203252,0.3335666783339167,0.3794042280589366,0.08690378149734207,0.022317853113144007,0.0031632421659684162,0.1822109592455652,0.24452931173863335,0.044936303069160646,0.0031632421659684162,0.3794042280589366,0.7967479674796748,0.4774774774774775,0.0,0.0,0.06642974076642826,0.24452931173863335,0.1352270509854208,0.08690378149734207,3,1,0.04643724824894558,1.0,18675.651323954266,epoch_56_original,11,A10_drop_front_triplet,2,R8_camera_group_repair_front_triplet,"['CAM_FRONT', 'CAM_FRONT_LEFT', 'CAM_FRONT_RIGHT']",replace,[1],,False,False,False
0.23982807647451942,0.0961258847136703,0.48591331704165613,0.0673594761076706,1.6576500660093818,0.6845637583892618,0.3887404162102957,0.2949254731200804,0.462369741412582,0.48776128445925476,59014,0.1450240161793208,0.0,0.7050745268799197,0.31543624161073824,0.3887404162102957,0.2949254731200804,0.11160029180962874,0.03972178980539187,0.0008057591094624561,0.18150876911988467,0.2546557680964019,0.04985815005196484,0.0008057591094624561,0.2949254731200804,0.6845637583892618,0.462369741412582,0.48591331704165613,0.0,0.0673594761076706,0.2546557680964019,0.1450240161793208,0.11160029180962874,3,1,0.04643724824894558,1.0,18675.651323954266,epoch_56_original,11,A10_drop_front_triplet,4,R8_camera_group_repair_front_triplet,"['CAM_FRONT', 'CAM_FRONT_LEFT', 'CAM_FRONT_RIGHT']",replace,[1],,False,False,False
0.24800399201596807,0.08763433419431378,0.47606701236537696,0.06455591153608353,1.6365319961251354,0.6335877862595419,0.3978438304744446,0.2977738201246661,0.44192751235584843,0.4786042240587695,57439,0.1560772693600775,0.601246660730187,0.702226179875334,0.36641221374045807,0.3978438304744446,0.2977738201246661,0.11643845055150712,0.03780119699838435,-0.0007373095145990632,0.1648549989860069,0.23160863866887005,0.05259558949227876,-0.0007373095145990632,0.2977738201246661,0.6335877862595419,0.44192751235584843,0.47606701236537696,0.601246660730187,0.06455591153608353,0.23160863866887005,0.1560772693600775,0.11643845055150712,3,1,0.04643724824894558,1.0,18675.651323954266,epoch_56_original,11,A10_drop_front_triplet,6,R8_camera_group_repair_front_triplet,"['CAM_FRONT', 'CAM_FRONT_LEFT', 'CAM_FRONT_RIGHT']",replace,[1],,False,False,False
0.15765753681895003,0.07021622248244976,0.6630546955624355,0.06555767819723822,1.4741428735236786,0.9819819819819819,0.0,0.46093247588424435,0.5263620386643234,0.6726168568273831,51424,0.11713106295149639,0.0,0.5390675241157556,0.018018018018018056,0.0,0.46093247588424435,0.0,0.0,0.0,0.0,0.0,0.0,0.0,0.46093247588424435,0.9819819819819819,0.5263620386643234,0.0,0.0,0.06555767819723822,0.0,0.11713106295149639,0.0,0,0,0.0,0.0,0.0,epoch_56_original,11,C4_motion_blur_9,0,R0_degraded_native,[],native,[],,False,False,False
0.18647943831494485,0.0756635255009998,0.6112954032280545,0.06439374502381122,1.473141359797062,0.8536585365853658,0.2666133306665333,0.50416399743754,0.5088131609870741,0.6190976495662354,52846,0.12923368550163075,0.0,0.49583600256245997,0.14634146341463417,0.2666133306665333,0.50416399743754,0.0,0.0,0.0,0.0,0.0,0.0,0.0,0.50416399743754,0.8536585365853658,0.5088131609870741,0.0,0.0,0.06439374502381122,0.0,0.12923368550163075,0.0,0,0,0.0,0.0,0.0,epoch_56_original,11,C4_motion_blur_9,2,R0_degraded_native,[],native,[],,False,False,False
0.18886658347349575,0.08485667786195691,0.6088873908036291,0.063075881991863,1.4619533159180922,0.912751677852349,0.30400876232201535,0.4922123597387372,0.5472790428406021,0.6137231142078158,52047,0.11808657060194938,0.0,0.5077876402612628,0.08724832214765099,0.30400876232201535,0.4922123597387372,0.0,0.0,0.0,0.0,0.0,0.0,0.0,0.4922123597387372,0.912751677852349,0.5472790428406021,0.6088873908036291,0.0,0.063075881991863,0.0,0.11808657060194938,0.0,0,0,0.0,0.0,0.0,epoch_56_original,11,C4_motion_blur_9,4,R0_degraded_native,[],native,[],,False,False,False
0.18566814858857073,0.06759539031756522,0.6085247022622372,0.06431620328582151,1.499943016696108,0.816793893129771,0.3034786783641046,0.4959928762243989,0.521828665568369,0.6149678604224059,52645,0.1272437175907459,0.0,0.5040071237756011,0.18320610687022898,0.3034786783641046,0.4959928762243989,0.0,0.0,0.0,0.0,0.0,0.0,0.0,0.4959928762243989,0.816793893129771,0.521828665568369,0.6085247022622372,0.0,0.06431620328582151,0.0,0.1272437175907459,0.0,0,0,0.0,0.0,0.0,epoch_56_original,11,C4_motion_blur_9,6,R0_degraded_native,[],native,[],,False,False,False
0.19220051790137357,0.08265560954633426,0.6085024653136109,0.059776968382921625,1.4284199059740856,0.8108108108108109,0.0,0.3742765273311897,0.45210896309314585,0.6194331983805668,49829,0.12080036693039789,0.0,0.6257234726688103,0.18918918918918914,0.0,0.3742765273311897,0.03454298108242354,0.012439387063884505,-0.005780709814316595,-0.03101664592408214,-0.04572296754959293,0.0036693039789015003,-0.005780709814316595,0.3742765273311897,0.8108108108108109,0.45210896309314585,0.0,0.0,0.059776968382921625,-0.04572296754959293,0.12080036693039789,0.03454298108242354,6,1,0.03890327516604553,1.0,1344.594029744466,epoch_56_original,11,C4_motion_blur_9,0,R5_blend_alpha03,"['CAM_FRONT', 'CAM_FRONT_RIGHT', 'CAM_FRONT_LEFT', 'CAM_BACK', 'CAM_BACK_LEFT', 'CAM_BACK_RIGHT']",blend,"[1, 2]",0.3,False,False,False
0.21640294787038042,0.08786729567833375,0.5547068826136649,0.06280633045700655,1.502996682741895,0.7642276422764228,0.2942147107355368,0.33327994875080075,0.4892283587935762,0.5597214300723441,53917,0.1236305856772503,0.0,0.6667200512491993,0.2357723577235772,0.2942147107355368,0.33327994875080075,0.029923509555435573,0.012203770177333942,-0.001587414566804668,0.020266434545660978,0.029855322944833063,-0.005603099824380453,-0.001587414566804668,0.33327994875080075,0.7642276422764228,0.4892283587935762,0.0,0.0,0.06280633045700655,0.029855322944833063,0.1236305856772503,0.029923509555435573,6,1,0.03890327516604553,1.0,1344.594029744466,epoch_56_original,11,C4_motion_blur_9,2,R5_blend_alpha03,"['CAM_FRONT', 'CAM_FRONT_RIGHT', 'CAM_FRONT_LEFT', 'CAM_BACK', 'CAM_BACK_LEFT', 'CAM_BACK_RIGHT']",blend,"[1, 2]",0.3,False,False,False
0.22675222658626984,0.09403307714840724,0.539451139012949,0.06073305879063334,1.4916154040616836,0.8120805369127517,0.3412486308871851,0.3540445486518171,0.4990351215746816,0.5426234474401697,53103,0.12774922052751328,0.0,0.6459554513481829,0.18791946308724827,0.3412486308871851,0.3540445486518171,0.03788564311277409,0.009176399286450324,-0.002342823201229652,0.020289353853248027,0.029662088143591392,0.009662649925563899,-0.002342823201229652,0.3540445486518171,0.8120805369127517,0.4990351215746816,0.539451139012949,0.0,0.06073305879063334,0.029662088143591392,0.12774922052751328,0.03788564311277409,6,1,0.03890327516604553,1.0,1344.594029744466,epoch_56_original,11,C4_motion_blur_9,4,R5_blend_alpha03,"['CAM_FRONT', 'CAM_FRONT_RIGHT', 'CAM_FRONT_LEFT', 'CAM_BACK', 'CAM_BACK_LEFT', 'CAM_BACK_RIGHT']",blend,"[1, 2]",0.3,False,False,False
0.22293028322440087,0.08097807639028348,0.5335346743404182,0.06338547401066619,1.5588922445723403,0.7786259541984732,0.3506176072628868,0.363846838824577,0.5304777594728172,0.5337618610345883,54714,0.13892529488859764,0.0,0.636153161175423,0.22137404580152675,0.3506176072628868,0.363846838824577,0.03726213463583014,0.013382686072718267,-0.0009307292751553203,0.03930097825054611,0.058949227876232246,0.011681577297851742,-0.0009307292751553203,0.363846838824577,0.7786259541984732,0.5304777594728172,0.5335346743404182,0.0,0.06338547401066619,0.058949227876232246,0.13892529488859764,0.03726213463583014,6,1,0.03890327516604553,1.0,1344.594029744466,epoch_56_original,11,C4_motion_blur_9,6,R5_blend_alpha03,"['CAM_FRONT', 'CAM_FRONT_RIGHT', 'CAM_FRONT_LEFT', 'CAM_BACK', 'CAM_BACK_LEFT', 'CAM_BACK_RIGHT']",blend,"[1, 2]",0.3,False,False,False
0.1815345183038948,0.07928552661678812,0.6264189886480909,0.06098665379861051,1.4314872147689486,0.9279279279279279,0.0,0.3726688102893891,0.5074692442882249,0.6347380689485953,49936,0.11916638000229332,0.0,0.6273311897106109,0.07207207207207211,0.0,0.3726688102893891,0.02387698148494477,0.00906930413433836,-0.004571024398627707,-0.02893590541381456,-0.042655658754729986,0.002035317050796931,-0.004571024398627707,0.3726688102893891,0.9279279279279279,0.5074692442882249,0.0,0.0,0.06098665379861051,-0.042655658754729986,0.11916638000229332,0.02387698148494477,6,1,0.03890327516604553,1.0,1499.1947682698567,epoch_56_original,11,C4_motion_blur_9,0,R6_blend_alpha05,"['CAM_FRONT', 'CAM_FRONT_RIGHT', 'CAM_FRONT_LEFT', 'CAM_BACK', 'CAM_BACK_LEFT', 'CAM_BACK_RIGHT']",blend,"[1, 2]",0.5,False,False,False
0.2122382458879439,0.08850340677082537,0.56800379115212,0.061483760864851265,1.4674267554985643,0.8455284552845529,0.28111405570278514,0.3329596412556054,0.5013709361535449,0.5730495602317414,52641,0.12209739915814122,0.0,0.6670403587443946,0.1544715447154471,0.28111405570278514,0.3329596412556054,0.02575880757299906,0.012839881269825562,-0.0029099841589599537,-0.0038791961548650796,-0.005714604298497683,-0.007136286343489534,-0.0029099841589599537,0.3329596412556054,0.8455284552845529,0.5013709361535449,0.0,0.0,0.061483760864851265,-0.005714604298497683,0.12209739915814122,0.02575880757299906,6,1,0.03890327516604553,1.0,1499.1947682698567,epoch_56_original,11,C4_motion_blur_9,2,R6_blend_alpha05,"['CAM_FRONT', 'CAM_FRONT_RIGHT', 'CAM_FRONT_LEFT', 'CAM_BACK', 'CAM_BACK_LEFT', 'CAM_BACK_RIGHT']",blend,"[1, 2]",0.5,False,False,False
0.21688666675823798,0.09550184843484834,0.5564731327771691,0.06155205418936828,1.488497514114772,0.8120805369127517,0.3322672508214677,0.3756489700217719,0.507912003087611,0.5602847621932747,52992,0.12423808319991012,0.0,0.6243510299782281,0.18791946308724827,0.3322672508214677,0.3756489700217719,0.02802008328474223,0.010645170572891424,-0.001523827802494715,0.01815666609026457,0.026544198196679858,0.006151512597960734,-0.001523827802494715,0.3756489700217719,0.8120805369127517,0.507912003087611,0.5564731327771691,0.0,0.06155205418936828,0.026544198196679858,0.12423808319991012,0.02802008328474223,6,1,0.03890327516604553,1.0,1499.1947682698567,epoch_56_original,11,C4_motion_blur_9,4,R6_blend_alpha05,"['CAM_FRONT', 'CAM_FRONT_RIGHT', 'CAM_FRONT_LEFT', 'CAM_BACK', 'CAM_BACK_LEFT', 'CAM_BACK_RIGHT']",blend,"[1, 2]",0.5,False,False,False
0.21318384549285976,0.0751582338797724,0.5546754800843353,0.06318213528803013,1.5342469656390678,0.7404580152671756,0.3308890925756187,0.3886019590382903,0.5304777594728172,0.5564738292011019,53849,0.1358766881303778,0.0,0.6113980409617097,0.2595419847328244,0.3308890925756187,0.3886019590382903,0.02751569690428904,0.007562843562207183,-0.0011340679977913798,0.02287016810713268,0.03430394894295974,0.008632970539631885,-0.0011340679977913798,0.3886019590382903,0.7404580152671756,0.5304777594728172,0.5546754800843353,0.0,0.06318213528803013,0.03430394894295974,0.1358766881303778,0.02751569690428904,6,1,0.03890327516604553,1.0,1499.1947682698567,epoch_56_original,11,C4_motion_blur_9,6,R6_blend_alpha05,"['CAM_FRONT', 'CAM_FRONT_RIGHT', 'CAM_FRONT_LEFT', 'CAM_BACK', 'CAM_BACK_LEFT', 'CAM_BACK_RIGHT']",blend,"[1, 2]",0.5,False,False,False
0.1721483267352502,0.07852776416965644,0.639748882008944,0.06299122812816055,1.4529297098956542,0.9369369369369369,0.0,0.3892282958199357,0.5109841827768014,0.6487547540179119,50684,0.11638573558078202,0.0,0.6107717041800643,0.06306306306306309,0.0,0.3892282958199357,0.014490789916300179,0.008311541687206686,-0.002566450069077672,-0.014390168014934661,-0.02121316362802439,-0.0007453273707143659,-0.002566450069077672,0.3892282958199357,0.9369369369369369,0.5109841827768014,0.0,0.0,0.06299122812816055,-0.02121316362802439,0.11638573558078202,0.014490789916300179,6,1,0.03890327516604553,1.0,1414.3955739339192,epoch_56_original,11,C4_motion_blur_9,0,R7_blend_alpha07,"['CAM_FRONT', 'CAM_FRONT_RIGHT', 'CAM_FRONT_LEFT', 'CAM_BACK', 'CAM_BACK_LEFT', 'CAM_BACK_RIGHT']",blend,"[1, 2]",0.7,False,False,False
0.20396535390445256,0.0907196086515847,0.579879017645583,0.06292882125778189,1.4798873804811419,0.8211382113821138,0.28351417570878545,0.3737988468930173,0.49236192714453586,0.5865578002581575,53088,0.12329607225489923,0.0,0.6262011531069827,0.17886178861788615,0.28351417570878545,0.3737988468930173,0.01748591558950771,0.01505608315058489,-0.0014649237660293302,0.004579343753548046,0.006746020684079923,-0.0059376132467315185,-0.0014649237660293302,0.3737988468930173,0.8211382113821138,0.49236192714453586,0.0,0.0,0.06292882125778189,0.006746020684079923,0.12329607225489923,0.01748591558950771,6,1,0.03890327516604553,1.0,1414.3955739339192,epoch_56_original,11,C4_motion_blur_9,2,R7_blend_alpha07,"['CAM_FRONT', 'CAM_FRONT_RIGHT', 'CAM_FRONT_LEFT', 'CAM_BACK', 'CAM_BACK_LEFT', 'CAM_BACK_RIGHT']",blend,"[1, 2]",0.7,False,False,False
0.20610084628153147,0.09540726755815329,0.574506334091739,0.06270195681991532,1.4899862363416758,0.87248322147651,0.3224972617743702,0.3816781108692011,0.499421072944809,0.5803998788245986,53045,0.12168197522541502,0.0,0.6183218891307989,0.12751677852348997,0.3224972617743702,0.3816781108692011,0.017234262808035722,0.010550589696196377,-0.0003739251719476755,0.019174976463580993,0.02803292042358363,0.0035954046234656367,-0.0003739251719476755,0.3816781108692011,0.87248322147651,0.499421072944809,0.574506334091739,0.0,0.06270195681991532,0.02803292042358363,0.12168197522541502,0.017234262808035722,6,1,0.03890327516604553,1.0,1414.3955739339192,epoch_56_original,11,C4_motion_blur_9,4,R7_blend_alpha07,"['CAM_FRONT', 'CAM_FRONT_RIGHT', 'CAM_FRONT_LEFT', 'CAM_BACK', 'CAM_BACK_LEFT', 'CAM_BACK_RIGHT']",blend,"[1, 2]",0.7,False,False,False
0.2010110867149169,0.08251931535049951,0.5774403099891732,0.06395085484921524,1.5247307538891104,0.8702290076335878,0.31962812622757625,0.40943900267141586,0.45799011532125206,0.5863177226813591,53515,0.1272437175907459,0.0,0.5905609973285841,0.1297709923664122,0.31962812622757625,0.40943900267141586,0.015342938126346184,0.014923925032934299,-0.0003653484366062665,0.01652578592458923,0.024787737193002313,0.0,-0.0003653484366062665,0.40943900267141586,0.8702290076335878,0.45799011532125206,0.5774403099891732,0.0,0.06395085484921524,0.024787737193002313,0.1272437175907459,0.015342938126346184,6,1,0.03890327516604553,1.0,1414.3955739339192,epoch_56_original,11,C4_motion_blur_9,6,R7_blend_alpha07,"['CAM_FRONT', 'CAM_FRONT_RIGHT', 'CAM_FRONT_LEFT', 'CAM_BACK', 'CAM_BACK_LEFT', 'CAM_BACK_RIGHT']",blend,"[1, 2]",0.7,False,False,False
0.22159420972477353,0.09779021865002485,0.5954019034514391,0.047609053470739494,1.2304494897374154,1.0,0.0,0.23263665594855307,0.7021089630931459,0.5879033247454301,42923,0.11558307533539731,0.0,0.7673633440514469,0.0,0.0,0.23263665594855307,0.0,0.0,0.0,0.0,0.0,0.0,0.0,0.23263665594855307,1.0,0.7021089630931459,0.0,0.0,0.047609053470739494,0.0,0.11558307533539731,0.0,0,0,0.0,0.0,0.0,epoch_56_original,11,A7_drop_all_rear,0,R0_degraded_native,[],native,[],,False,False,False
0.22349781224277607,0.08302096299362836,0.5685613135227051,0.0552466617118586,1.3618320185097428,0.983739837398374,0.28891444572228614,0.28299167200512493,0.6842929886408148,0.5596013568276649,48853,0.13988236277980653,0.0,0.7170083279948751,0.016260162601625994,0.28891444572228614,0.28299167200512493,0.0,0.0,0.0,0.0,0.0,0.0,0.0,0.28299167200512493,0.983739837398374,0.6842929886408148,0.0,0.0,0.0552466617118586,0.0,0.13988236277980653,0.0,0,0,0.0,0.0,0.0,epoch_56_original,11,A7_drop_all_rear,2,R0_degraded_native,[],native,[],,False,False,False
0.24820298404879865,0.10147740091369595,0.513103564506615,0.05664635447775394,1.4485829049745793,0.9463087248322147,0.3601752464403067,0.2746608608273321,0.7313778463913547,0.49597091790366554,51571,0.14659700570208703,0.0,0.7253391391726679,0.05369127516778527,0.3601752464403067,0.2746608608273321,0.0,0.0,0.0,0.0,0.0,0.0,0.0,0.2746608608273321,0.9463087248322147,0.7313778463913547,0.513103564506615,0.0,0.05664635447775394,0.0,0.14659700570208703,0.0,0,0,0.0,0.0,0.0,epoch_56_original,11,A7_drop_all_rear,4,R0_degraded_native,[],native,[],,False,False,False
0.25071515848487025,0.09640788122186805,0.5030770984101658,0.056979477667456875,1.4789446692119208,0.8702290076335878,0.3930862904281786,0.3205699020480855,0.742998352553542,0.4852464034282216,51908,0.14821357342298708,0.0,0.6794300979519146,0.1297709923664122,0.3930862904281786,0.3205699020480855,0.0,0.0,0.0,0.0,0.0,0.0,0.0,0.3205699020480855,0.8702290076335878,0.742998352553542,0.5030770984101658,0.0,0.056979477667456875,0.0,0.14821357342298708,0.0,0,0,0.0,0.0,0.0,epoch_56_original,11,A7_drop_all_rear,6,R0_degraded_native,[],native,[],,False,False,False
0.2736694263749261,0.1158821706289878,0.47980890824785727,0.05303475261202981,1.4209919910074469,0.7203389830508474,0.0,0.23472620304721678,0.32918506623845845,0.4910849199153823,50566,0.13809189265139807,0.0,0.7652737969527832,0.2796610169491526,0.0,0.23472620304721678,0.0,0.0,0.0,0.0,0.0,0.0,0.0,0.23472620304721678,0.7203389830508474,0.32918506623845845,0.0,0.0,0.05303475261202981,0.0,0.13809189265139807,0.0,0,0,0.0,0.0,0.0,epoch_56_original,12,A0_clean,0,R0_degraded_native,[],native,[],,False,False,False
0.2843597810627936,0.12067860598184489,0.44278354868676634,0.05638924227059094,1.5167637868423276,0.6617647058823529,0.4075349203226441,0.2538240917782027,0.35025184037194884,0.45003339202234227,53880,0.15854516791937617,0.0,0.7461759082217974,0.3382352941176471,0.4075349203226441,0.2538240917782027,0.0,0.0,0.0,0.0,0.0,0.0,0.0,0.2538240917782027,0.6617647058823529,0.35025184037194884,0.0,0.0,0.05638924227059094,0.0,0.15854516791937617,0.0,0,0,0.0,0.0,0.0,epoch_56_original,12,A0_clean,2,R0_degraded_native,[],native,[],,False,False,False
0.2795038428440013,0.10508326934173651,0.4648447487287293,0.05323586844554968,1.4498167665691315,0.5522388059701493,0.4033907549656834,0.26906927921623514,0.36075441412520065,0.4727750771958788,51035,0.1551944547029914,0.0,0.7309307207837649,0.4477611940298507,0.4033907549656834,0.26906927921623514,0.0,0.0,0.0,0.0,0.0,0.0,0.0,0.26906927921623514,0.5522388059701493,0.36075441412520065,0.4648447487287293,0.0,0.05323586844554968,0.0,0.1551944547029914,0.0,0,0,0.0,0.0,0.0,epoch_56_original,12,A0_clean,4,R0_degraded_native,[],native,[],,False,False,False
0.22281972653067272,0.06948457099259647,0.5629395013657232,0.05463963830075332,1.398558726099843,0.7333333333333333,0.3471495982655274,0.4118575688475706,0.4756501182033097,0.5686553763274405,48130,0.13799616435171733,0.0,0.5881424311524295,0.2666666666666667,0.3471495982655274,0.4118575688475706,0.0,0.0,0.0,0.0,0.0,0.0,0.0,0.4118575688475706,0.7333333333333333,0.4756501182033097,0.5629395013657232,0.0,0.05463963830075332,0.0,0.13799616435171733,0.0,0,0,0.0,0.0,0.0,epoch_56_original,12,A0_clean,6,R0_degraded_native,[],native,[],,False,False,False
0.2008285353180733,0.06926352931293202,0.5981171842068287,0.05894129033859186,1.4030068849234227,0.7457627118644068,0.0,0.5353748680042238,0.47450822962665595,0.6074342701722575,49926,0.13738934944499087,0.0,0.46462513199577615,0.2542372881355932,0.0,0.5353748680042238,0.0,0.0,0.0,0.0,0.0,0.0,0.0,0.5353748680042238,0.7457627118644068,0.47450822962665595,0.0,0.0,0.05894129033859186,0.0,0.13738934944499087,0.0,0,0,0.0,0.0,0.0,epoch_56_original,12,A1_drop_cam_front,0,R0_degraded_native,[],native,[],,False,False,False
0.19813393443090707,0.08214264400256453,0.609042029107902,0.05719158876185529,1.364158432564817,0.9632352941176471,0.3075447570332481,0.6056405353728489,0.5745834947694692,0.6117418493109101,48459,0.128846099710047,0.0,0.3943594646271511,0.03676470588235292,0.3075447570332481,0.6056405353728489,0.0,0.0,0.0,0.0,0.0,0.0,0.0,0.6056405353728489,0.9632352941176471,0.5745834947694692,0.0,0.0,0.05719158876185529,0.0,0.128846099710047,0.0,0,0,0.0,0.0,0.0,epoch_56_original,12,A1_drop_cam_front,2,R0_degraded_native,[],native,[],,False,False,False
0.18412698412698414,0.0684351730929752,0.6358626175392744,0.056901549109704214,1.34178006306639,0.9402985074626866,0.3099404572519431,0.66777466759972,0.5381219903691814,0.643309180959369,47232,0.11627510582085736,0.0,0.33222533240027996,0.05970149253731338,0.3099404572519431,0.66777466759972,0.0,0.0,0.0,0.0,0.0,0.0,0.0,0.66777466759972,0.9402985074626866,0.5381219903691814,0.6358626175392744,0.0,0.056901549109704214,0.0,0.11627510582085736,0.0,0,0,0.0,0.0,0.0,epoch_56_original,12,A1_drop_cam_front,4,R0_degraded_native,[],native,[],,False,False,False
0.15110498806953757,0.046039840320925646,0.6908525600046492,0.05943664483657152,1.3550589876213168,1.0,0.2384899885218722,0.726188388002105,0.5815602836879432,0.6980092262918357,46633,0.11236705991747545,0.0,0.27381161199789505,0.0,0.2384899885218722,0.726188388002105,0.0,0.0,0.0,0.0,0.0,0.0,0.0,0.726188388002105,1.0,0.5815602836879432,0.6908525600046492,0.0,0.05943664483657152,0.0,0.11236705991747545,0.0,0,0,0.0,0.0,0.0,epoch_56_original,12,A1_drop_cam_front,6,R0_degraded_native,[],native,[],,False,False,False
0.26361919792576727,0.09987721890880848,0.47427286778136857,0.05853759420265877,1.5199943796543487,0.7457627118644068,0.0,0.29205008296877355,0.3990365315134484,0.47987307343608343,54089,0.13792328228186032,0.0,0.7079499170312264,0.2542372881355932,0.0,0.29205008296877355,0.06279066260769398,0.03061368959587646,-0.00040369613593309317,0.08338340744301566,0.11698749473092596,0.0005339328368694496,-0.00040369613593309317,0.29205008296877355,0.7457627118644068,0.3990365315134484,0.0,0.0,0.05853759420265877,0.11698749473092596,0.13792328228186032,0.06279066260769398,1,1,0.04596755145625635,1.0,18177.69034576416,epoch_56_original,12,A1_drop_cam_front,0,R1_replace_tminus1,['CAM_FRONT'],replace,[1],,False,False,False
0.2417928242666223,0.10232542060122625,0.5090223235650142,0.06056309834782796,1.5215494186864849,0.7573529411764706,0.39622270312807395,0.380019120458891,0.42115459124370397,0.5159067451885131,54050,0.1376009909072995,0.0,0.619980879541109,0.24264705882352944,0.39622270312807395,0.380019120458891,0.043658889835715226,0.020182776598661717,0.003371509585972668,0.11537588476856724,0.1573909861216678,0.008754891197252479,0.003371509585972668,0.380019120458891,0.7573529411764706,0.42115459124370397,0.0,0.0,0.06056309834782796,0.1573909861216678,0.1376009909072995,0.043658889835715226,1,1,0.04596755145625635,1.0,18177.69034576416,epoch_56_original,12,A1_drop_cam_front,2,R1_replace_tminus1,['CAM_FRONT'],replace,[1],,False,False,False
0.2530694825531443,0.08884711547769258,0.48120792022953895,0.06111286559666931,1.5687906593562684,0.5746268656716418,0.40902686241534475,0.34552134359692094,0.3956661316211878,0.4877250909535602,55223,0.1480355671713872,0.0,0.6544786564030791,0.4253731343283582,0.40902686241534475,0.34552134359692094,0.06894249842616018,0.020411942384717385,0.004211316486965093,0.16918614498644988,0.2270105962898783,0.03176046135052983,0.004211316486965093,0.34552134359692094,0.5746268656716418,0.3956661316211878,0.48120792022953895,0.0,0.06111286559666931,0.2270105962898783,0.1480355671713872,0.06894249842616018,1,1,0.04596755145625635,1.0,18177.69034576416,epoch_56_original,12,A1_drop_cam_front,4,R1_replace_tminus1,['CAM_FRONT'],replace,[1],,False,False,False
0.20977665745107604,0.05574676888455666,0.5502121229732085,0.06501801560802264,1.5939152670424828,0.7222222222222222,0.35875526080857034,0.4316786528679179,0.45721040189125295,0.5563020526951299,54853,0.14906724007671296,0.0,0.568321347132082,0.2777777777777778,0.35875526080857034,0.4316786528679179,0.05867166938153848,0.009706928563631013,0.005581370771451127,0.17627002337400552,0.23885627942116594,0.03670018015923751,0.005581370771451127,0.4316786528679179,0.7222222222222222,0.45721040189125295,0.5502121229732085,0.0,0.06501801560802264,0.23885627942116594,0.14906724007671296,0.05867166938153848,1,1,0.04596755145625635,1.0,18177.69034576416,epoch_56_original,12,A1_drop_cam_front,6,R1_replace_tminus1,['CAM_FRONT'],replace,[1],,False,False,False
0.26325963342880926,0.09493182435281218,0.47567795419418296,0.05838372641314329,1.5159758325136996,0.7203389830508474,0.0,0.30773872378941014,0.3460457647531112,0.4853732245391357,53946,0.14174511732471548,0.0,0.6922612762105899,0.2796610169491526,0.0,0.30773872378941014,0.062431098110735966,0.025668295039880162,-0.0005575639254485759,0.08051916836918639,0.11296894759027687,0.004355767879724609,-0.0005575639254485759,0.30773872378941014,0.7203389830508474,0.3460457647531112,0.0,0.0,0.05838372641314329,0.11296894759027687,0.14174511732471548,0.062431098110735966,1,2,0.04618017680265686,1.0,18188.834938049316,epoch_56_original,12,A1_drop_cam_front,0,R2_replace_tminus2,['CAM_FRONT'],replace,[2],,False,False,False
0.24927480177915295,0.09608749326801042,0.491991104354925,0.060996530885376946,1.545956141091687,0.8161764705882353,0.3960259689159945,0.3543658381134481,0.4618364974815963,0.4943537125857568,54917,0.14126059172930214,0.0,0.645634161886552,0.18382352941176472,0.3960259689159945,0.3543658381134481,0.05114086734824588,0.013944849265445883,0.003804942123521657,0.13326729812831467,0.18179770852687005,0.012414492019255124,0.003804942123521657,0.3543658381134481,0.8161764705882353,0.4618364974815963,0.0,0.0,0.060996530885376946,0.18179770852687005,0.14126059172930214,0.05114086734824588,1,2,0.04618017680265686,1.0,18188.834938049316,epoch_56_original,12,A1_drop_cam_front,2,R2_replace_tminus2,['CAM_FRONT'],replace,[2],,False,False,False
0.25764739940171766,0.08498707101071518,0.469049174739354,0.06173952007195779,1.591716144427715,0.5970149253731343,0.4097541020862688,0.322778166550035,0.43298555377207065,0.47179675318719616,56030,0.1544558393227465,0.0,0.677221833449965,0.4029850746268657,0.4097541020862688,0.322778166550035,0.07352041527473352,0.016551897917739977,0.004837970962253579,0.1862720189701897,0.24993608136132495,0.03818073350188915,0.004837970962253579,0.322778166550035,0.5970149253731343,0.43298555377207065,0.469049174739354,0.0,0.06173952007195779,0.24993608136132495,0.1544558393227465,0.07352041527473352,1,2,0.04618017680265686,1.0,18188.834938049316,epoch_56_original,12,A1_drop_cam_front,4,R2_replace_tminus2,['CAM_FRONT'],replace,[2],,False,False,False
0.2165670157852444,0.061487632198580916,0.5379496716452606,0.06441529361643103,1.5955715697100017,0.6888888888888889,0.36513199846958294,0.4081740045606034,0.47470449172576834,0.542091086411344,54910,0.14906724007671296,0.0,0.5918259954393966,0.3111111111111111,0.36513199846958294,0.4081740045606034,0.06546202771570683,0.01544779187765527,0.0049786487798595125,0.17749233375506615,0.24051258208868487,0.03670018015923751,0.0049786487798595125,0.4081740045606034,0.6888888888888889,0.47470449172576834,0.5379496716452606,0.0,0.06441529361643103,0.24051258208868487,0.14906724007671296,0.06546202771570683,1,2,0.04618017680265686,1.0,18188.834938049316,epoch_56_original,12,A1_drop_cam_front,6,R2_replace_tminus2,['CAM_FRONT'],replace,[2],,False,False,False
0.2610603957202754,0.10166269806553611,0.47683012505269073,0.05911170305171116,1.5271884220879584,0.7033898305084746,0.0,0.2958213908583497,0.3392211963067041,0.4871260199456029,54345,0.1395812842489813,0.0,0.7041786091416503,0.2966101694915254,0.0,0.2958213908583497,0.0602318604022021,0.032399168752604096,0.0001704127131192945,0.08851099627448623,0.12418153716453562,0.0021919348039904363,0.0001704127131192945,0.2958213908583497,0.7033898305084746,0.3392211963067041,0.0,0.0,0.05911170305171116,0.12418153716453562,0.1395812842489813,0.0602318604022021,1,1,0.04513806748119267,1.0,17473.910194396973,epoch_56_original,12,A1_drop_cam_front,0,R3_ema_K2,['CAM_FRONT'],ema,"[1, 2]",,False,False,False
0.24217804904871879,0.10216905979956996,0.5040677870675337,0.0615755438172172,1.5437322298229317,0.8014705882352942,0.39297658862876256,0.3746016571064372,0.4428516079039132,0.5088640641126829,54838,0.14005010838048587,0.0,0.6253983428935628,0.19852941176470584,0.39297658862876256,0.3746016571064372,0.044044114617811714,0.020026415797005426,0.004383955055361911,0.1316370540044161,0.17957379725811462,0.011204008670438859,0.004383955055361911,0.3746016571064372,0.8014705882352942,0.4428516079039132,0.0,0.0,0.0615755438172172,0.17957379725811462,0.14005010838048587,0.044044114617811714,1,1,0.04513806748119267,1.0,17473.910194396973,epoch_56_original,12,A1_drop_cam_front,2,R3_ema_K2,['CAM_FRONT'],ema,"[1, 2]",,False,False,False
0.25204729069463366,0.08919910557895777,0.47975909775290476,0.06193131933088514,1.5843015823414108,0.6268656716417911,0.40439070951320394,0.35444366689993,0.41773675762439805,0.484484392674799,55769,0.14795034231982046,0.0,0.64555633310007,0.3731343283582089,0.40439070951320394,0.35444366689993,0.06792030656764952,0.020763932485982572,0.005029770221180924,0.18074610433604335,0.24252151927502075,0.0316752364989631,0.005029770221180924,0.35444366689993,0.6268656716417911,0.41773675762439805,0.47975909775290476,0.0,0.06193131933088514,0.24252151927502075,0.14795034231982046,0.06792030656764952,1,1,0.04513806748119267,1.0,17473.910194396973,epoch_56_original,12,A1_drop_cam_front,4,R3_ema_K2,['CAM_FRONT'],ema,"[1, 2]",,False,False,False
0.20934045089963146,0.05850359198502233,0.5510257453362004,0.06505104147057561,1.5936828035101993,0.7333333333333333,0.35263359265399824,0.4353622171548851,0.48321513002364064,0.555466113501966,54845,0.14659731504620213,0.0,0.5646377828451149,0.2666666666666667,0.35263359265399824,0.4353622171548851,0.0582354628300939,0.012463751664096683,0.005614396634004093,0.1760984710398216,0.23862381588888248,0.03423025512872668,0.005614396634004093,0.4353622171548851,0.7333333333333333,0.48321513002364064,0.5510257453362004,0.0,0.06505104147057561,0.23862381588888248,0.14659731504620213,0.0582354628300939,1,1,0.04513806748119267,1.0,17473.910194396973,epoch_56_original,12,A1_drop_cam_front,6,R3_ema_K2,['CAM_FRONT'],ema,"[1, 2]",,False,False,False
0.26144535922876644,0.10296613307425219,0.47795419418294227,0.058684844022732725,1.5188141070675847,0.7288135593220338,0.0,0.303816563584251,0.34925732637494983,0.4875793291024479,54047,0.137108332162428,0.0,0.696183436415749,0.27118644067796616,0.0,0.303816563584251,0.060616823910693146,0.03370260376132017,-0.0002564463158591379,0.08254216240035252,0.11580722214416195,-0.0002810172825628843,-0.0002564463158591379,0.303816563584251,0.7288135593220338,0.34925732637494983,0.0,0.0,0.058684844022732725,0.11580722214416195,0.137108332162428,0.060616823910693146,1,2,0.04473559321327643,1.0,17148.386085510254,epoch_56_original,12,A1_drop_cam_front,0,R4_ema_K3,['CAM_FRONT'],ema,"[1, 2, 3]",,False,False,False
0.2468276482391199,0.09437122838068286,0.4978746164456831,0.06078312326192725,1.5364411789544803,0.7867647058823529,0.39587841825693487,0.36615678776290633,0.44556373498643936,0.5019731649565904,54579,0.14035976691157842,0.0,0.6338432122370936,0.21323529411764708,0.39587841825693487,0.36615678776290633,0.04869371380821283,0.012228584378118329,0.0035915345000719634,0.12629232959821704,0.17228274638966323,0.011513667201531408,0.0035915345000719634,0.36615678776290633,0.7867647058823529,0.44556373498643936,0.0,0.0,0.06078312326192725,0.17228274638966323,0.14035976691157842,0.04869371380821283,1,2,0.04473559321327643,1.0,17148.386085510254,epoch_56_original,12,A1_drop_cam_front,2,R4_ema_K3,['CAM_FRONT'],ema,"[1, 2, 3]",,False,False,False
0.2538263017706565,0.09048950385726386,0.4775148433283145,0.06160393783719881,1.5809209965625977,0.6492537313432836,0.4065724285259761,0.344296710986704,0.4317817014446228,0.48099911339386714,55650,0.14613221215306382,0.0,0.655703289013296,0.35074626865671643,0.4065724285259761,0.344296710986704,0.06969931764367238,0.022054330764288657,0.004702388727494594,0.17822662601626016,0.23914093349620758,0.029857106332206465,0.004702388727494594,0.344296710986704,0.6492537313432836,0.4317817014446228,0.4775148433283145,0.0,0.06160393783719881,0.23914093349620758,0.14613221215306382,0.06969931764367238,1,2,0.04473559321327643,1.0,17148.386085510254,epoch_56_original,12,A1_drop_cam_front,4,R4_ema_K3,['CAM_FRONT'],ema,"[1, 2, 3]",,False,False,False
0.21184237391955352,0.06013870604479147,0.5477712558842331,0.06448464792779225,1.586970419015517,0.6777777777777778,0.3551417761339965,0.4225574460620944,0.4728132387706856,0.5526796495247531,54614,0.14645202533852503,0.0,0.5774425539379056,0.3222222222222222,0.3551417761339965,0.4225574460620944,0.06073738585001595,0.014098865723865824,0.005048003091220735,0.17114489739026012,0.23191143139420012,0.03408496542104958,0.005048003091220735,0.4225574460620944,0.6777777777777778,0.4728132387706856,0.5477712558842331,0.0,0.06448464792779225,0.23191143139420012,0.14645202533852503,0.06073738585001595,1,2,0.04473559321327643,1.0,17148.386085510254,epoch_56_original,12,A1_drop_cam_front,6,R4_ema_K3,['CAM_FRONT'],ema,"[1, 2, 3]",,False,False,False
0.15680447889750215,0.06475308348203467,0.6930448222565688,0.0563768271800005,1.2645215680764368,0.8728813559322034,0.0,0.764519535374868,0.5258932155760738,0.7056512541553339,44998,0.11313755795981453,0.0,0.23548046462513195,0.1271186440677966,0.0,0.764519535374868,0.0,0.0,0.0,0.0,0.0,0.0,0.0,0.764519535374868,0.8728813559322034,0.5258932155760738,0.0,0.0,0.0563768271800005,0.0,0.11313755795981453,0.0,0,0,0.0,0.0,0.0,epoch_56_original,12,A10_drop_front_triplet,0,R0_degraded_native,[],native,[],,False,False,False
0.1502322824333825,0.07019981193045964,0.6932128480139628,0.06123971631674985,1.3488725614390678,0.9632352941176471,0.2734113712374582,0.8626513702995539,0.5958930647036033,0.7008378361969522,47916,0.10227176758719703,0.0,0.13734862970044615,0.03676470588235292,0.2734113712374582,0.8626513702995539,0.0,0.0,0.0,0.0,0.0,0.0,0.0,0.8626513702995539,0.9632352941176471,0.5958930647036033,0.0,0.0,0.06123971631674985,0.0,0.10227176758719703,0.0,0,0,0.0,0.0,0.0,epoch_56_original,12,A10_drop_front_triplet,2,R0_degraded_native,[],native,[],,False,False,False
0.1421878239237095,0.05631744167011465,0.7077355756938724,0.06143197988091911,1.3477458026760603,0.9477611940298507,0.2731694013908459,0.8927571728481456,0.6071428571428571,0.71539943134917,47442,0.10476975085935059,0.0,0.1072428271518544,0.052238805970149294,0.2731694013908459,0.8927571728481456,0.0,0.0,0.0,0.0,0.0,0.0,0.0,0.8927571728481456,0.9477611940298507,0.6071428571428571,0.7077355756938724,0.0,0.06143197988091911,0.0,0.10476975085935059,0.0,0,0,0.0,0.0,0.0,epoch_56_original,12,A10_drop_front_triplet,4,R0_degraded_native,[],native,[],,False,False,False
0.11571523032841084,0.038776868761339685,0.7559132911024583,0.06304306902735532,1.3534608008368687,1.0,0.19729626323173063,0.8798456411155937,0.6973995271867612,0.7597448837425307,46578,0.09882605916196896,0.05928784423785301,0.12015435888440629,0.0,0.19729626323173063,0.8798456411155937,0.0,0.0,0.0,0.0,0.0,0.0,0.0,0.8798456411155937,1.0,0.6973995271867612,0.7559132911024583,0.05928784423785301,0.06304306902735532,0.0,0.09882605916196896,0.0,0,0,0.0,0.0,0.0,epoch_56_original,12,A10_drop_front_triplet,6,R0_degraded_native,[],native,[],,False,False,False
0.24608187459222344,0.09773178092881153,0.5018406632007868,0.06030955552062738,1.5225235351974147,0.711864406779661,0.0,0.3566148740383165,0.42874347651545563,0.5072831671199758,54179,0.13379232822818604,0.0,0.6433851259616835,0.288135593220339,0.0,0.3566148740383165,0.08927739569472129,0.03297869744677687,0.003932728340626884,0.20403129027956798,0.2580019671209779,0.02065477026837151,0.003932728340626884,0.3566148740383165,0.711864406779661,0.42874347651545563,0.0,0.0,0.06030955552062738,0.2580019671209779,0.13379232822818604,0.08927739569472129,3,1,0.0463241950580568,1.0,18709.21866607666,epoch_56_original,12,A10_drop_front_triplet,0,R1_replace_tminus1,"['CAM_FRONT', 'CAM_FRONT_LEFT', 'CAM_FRONT_RIGHT']",replace,[1],,False,False,False
0.2317132573809975,0.10400295209566322,0.517917968640036,0.06349786675092683,1.5625932494440222,0.8897058823529411,0.365138697619516,0.40280433397068194,0.4502130956993413,0.5232226337198713,55508,0.13377248543197365,0.0,0.5971956660293181,0.11029411764705888,0.365138697619516,0.40280433397068194,0.081480974947615,0.03380314016520358,0.0022581504341769865,0.1584439435679105,0.21372068800495447,0.03150071784477662,0.0022581504341769865,0.40280433397068194,0.8897058823529411,0.4502130956993413,0.0,0.0,0.06349786675092683,0.21372068800495447,0.13377248543197365,0.081480974947615,3,1,0.0463241950580568,1.0,18709.21866607666,epoch_56_original,12,A10_drop_front_triplet,2,R1_replace_tminus1,"['CAM_FRONT', 'CAM_FRONT_LEFT', 'CAM_FRONT_RIGHT']",replace,[1],,False,False,False
0.24471134903058384,0.09376841006101898,0.4883383994772876,0.06349216847250078,1.6025397005766882,0.6567164179104478,0.3939820917231035,0.36878936319104266,0.391653290529695,0.49570454614937787,56411,0.14777989261668703,0.0,0.6312106368089574,0.34328358208955223,0.3939820917231035,0.36878936319104266,0.10252352510687435,0.03745096839090433,0.002060188591581663,0.18905189494540703,0.2547938979006279,0.043010141757336445,0.002060188591581663,0.36878936319104266,0.6567164179104478,0.391653290529695,0.4883383994772876,0.0,0.06349216847250078,0.2547938979006279,0.14777989261668703,0.10252352510687435,3,1,0.0463241950580568,1.0,18709.21866607666,epoch_56_original,12,A10_drop_front_triplet,4,R1_replace_tminus1,"['CAM_FRONT', 'CAM_FRONT_LEFT', 'CAM_FRONT_RIGHT']",replace,[1],,False,False,False
0.2152641087173403,0.061657433446477256,0.5360318475039229,0.06565541475529488,1.6193119079444411,0.7111111111111111,0.3497853164987459,0.447816172601298,0.4799054373522459,0.5397071116752841,55727,0.15296100424245945,0.431503245044729,0.552183827398702,0.28888888888888886,0.3497853164987459,0.447816172601298,0.09954887838892947,0.02288056468513757,0.002612345727939558,0.19642320408776676,0.2658511071075724,0.05413494508049049,0.002612345727939558,0.447816172601298,0.7111111111111111,0.4799054373522459,0.5360318475039229,0.431503245044729,0.06565541475529488,0.2658511071075724,0.15296100424245945,0.09954887838892947,3,1,0.0463241950580568,1.0,18709.21866607666,epoch_56_original,12,A10_drop_front_triplet,6,R1_replace_tminus1,"['CAM_FRONT', 'CAM_FRONT_LEFT', 'CAM_FRONT_RIGHT']",replace,[1],,False,False,False
0.23490179531503083,0.09268671074682067,0.5150203737529858,0.06267878858069373,1.5495854995082197,0.7203389830508474,0.0,0.3195052044048876,0.35889201124046566,0.5267150196433968,55142,0.14045243782492622,0.0,0.6804947955951124,0.2796610169491526,0.0,0.3195052044048876,0.07809731641752868,0.027933627264786,0.00630196140069323,0.22543224143295257,0.2850639314317829,0.02731487986511169,0.00630196140069323,0.3195052044048876,0.7203389830508474,0.35889201124046566,0.0,0.0,0.06267878858069373,0.2850639314317829,0.14045243782492622,0.07809731641752868,3,2,0.04643724824894558,1.0,18675.651323954266,epoch_56_original,12,A10_drop_front_triplet,0,R2_replace_tminus2,"['CAM_FRONT', 'CAM_FRONT_LEFT', 'CAM_FRONT_RIGHT']",replace,[2],,False,False,False
0.22070540741527675,0.09550739066481952,0.5321341102947387,0.06581060983296304,1.587731892013625,0.8235294117647058,0.3373008066102695,0.3793817718291906,0.4637737311119721,0.5374901341752171,56401,0.1374320862539763,0.0,0.6206182281708095,0.17647058823529416,0.3373008066102695,0.3793817718291906,0.07047312498189426,0.025307578734359876,0.00457089351621319,0.17708072460138577,0.23885933057455722,0.03516031866677927,0.00457089351621319,0.3793817718291906,0.8235294117647058,0.4637737311119721,0.0,0.0,0.06581060983296304,0.23885933057455722,0.1374320862539763,0.07047312498189426,3,2,0.04643724824894558,1.0,18675.651323954266,epoch_56_original,12,A10_drop_front_triplet,2,R2_replace_tminus2,"['CAM_FRONT', 'CAM_FRONT_LEFT', 'CAM_FRONT_RIGHT']",replace,[2],,False,False,False
0.23523620755286612,0.08476868852580399,0.4908951450242891,0.06776135542552153,1.6733331439447743,0.664179104477612,0.3781191764010727,0.3254023792862141,0.44181380417335475,0.4946345042648812,58903,0.16013749609386096,0.0,0.6745976207137858,0.33582089552238803,0.3781191764010727,0.3254023792862141,0.09304838362915663,0.028451246855689345,0.006329375544602417,0.24157919143375067,0.325587341268714,0.05536774523451038,0.006329375544602417,0.3254023792862141,0.664179104477612,0.44181380417335475,0.4908951450242891,0.0,0.06776135542552153,0.325587341268714,0.16013749609386096,0.09304838362915663,3,2,0.04643724824894558,1.0,18675.651323954266,epoch_56_original,12,A10_drop_front_triplet,4,R2_replace_tminus2,"['CAM_FRONT', 'CAM_FRONT_LEFT', 'CAM_FRONT_RIGHT']",replace,[2],,False,False,False
0.2143658514050394,0.062100147332209664,0.5280699715232173,0.06827931953512796,1.6734468530249318,0.7111111111111111,0.352336011563151,0.41238379231713734,0.4955082742316785,0.5302021734419022,57590,0.16379961643517174,0.47658305560427994,0.5876162076828626,0.28888888888888886,0.352336011563151,0.41238379231713734,0.09865062107662854,0.02332327857086998,0.005236250507772641,0.23642062776418052,0.3199860521880631,0.06497355727320278,0.005236250507772641,0.41238379231713734,0.7111111111111111,0.4955082742316785,0.5280699715232173,0.47658305560427994,0.06827931953512796,0.3199860521880631,0.16379961643517174,0.09865062107662854,3,2,0.04643724824894558,1.0,18675.651323954266,epoch_56_original,12,A10_drop_front_triplet,6,R2_replace_tminus2,"['CAM_FRONT', 'CAM_FRONT_LEFT', 'CAM_FRONT_RIGHT']",replace,[2],,False,False,False
0.24147653037367112,0.10010674436354651,0.5065898552760995,0.061424683371524534,1.53671490796684,0.6779661016949152,0.0,0.34318901795142553,0.3532717784022481,0.518071925052886,54684,0.13160039342419558,0.0,0.6568109820485745,0.3220338983050848,0.0,0.34318901795142553,0.08467205147616896,0.035353660881511845,0.005047856191524036,0.21525401128939065,0.2721933398904033,0.018462835464381044,0.005047856191524036,0.34318901795142553,0.6779661016949152,0.3532717784022481,0.0,0.0,0.061424683371524534,0.2721933398904033,0.13160039342419558,0.08467205147616896,3,1,0.044887329254186516,1.0,17711.402707417805,epoch_56_original,12,A10_drop_front_triplet,0,R3_ema_K2,"['CAM_FRONT', 'CAM_FRONT_LEFT', 'CAM_FRONT_RIGHT']",ema,"[1, 2]",,False,False,False
0.22856796410816055,0.1017519566445224,0.5224220927286547,0.06402228703490787,1.5670129212059791,0.8970588235294118,0.35938422191619124,0.3849585723390695,0.46106160402944596,0.5272296764009471,55665,0.13250570053204966,0.0,0.6150414276609305,0.1029411764705882,0.35938422191619124,0.3849585723390695,0.07833568167477806,0.03155214471406276,0.0027825707181580173,0.1617205108940646,0.21814035976691137,0.03023393294485263,0.0027825707181580173,0.3849585723390695,0.8970588235294118,0.46106160402944596,0.0,0.0,0.06402228703490787,0.21814035976691137,0.13250570053204966,0.07833568167477806,3,1,0.044887329254186516,1.0,17711.402707417805,epoch_56_original,12,A10_drop_front_triplet,2,R3_ema_K2,"['CAM_FRONT', 'CAM_FRONT_LEFT', 'CAM_FRONT_RIGHT']",ema,"[1, 2]",,False,False,False
0.23857793053448437,0.09373054115499467,0.4951847958864805,0.06495050421710354,1.62074941052811,0.6567164179104478,0.3806190627698741,0.3568929321203639,0.42897271268057785,0.500229294689535,57052,0.1454504133405301,0.0,0.6431070678796361,0.34328358208955223,0.3806190627698741,0.3568929321203639,0.09639010661077488,0.03741309948488002,0.0035185243361844226,0.20256312971628515,0.2730036078520497,0.04068066248117952,0.0035185243361844226,0.3568929321203639,0.6567164179104478,0.42897271268057785,0.4951847958864805,0.0,0.06495050421710354,0.2730036078520497,0.1454504133405301,0.09639010661077488,3,1,0.044887329254186516,1.0,17711.402707417805,epoch_56_original,12,A10_drop_front_triplet,4,R3_ema_K2,"['CAM_FRONT', 'CAM_FRONT_LEFT', 'CAM_FRONT_RIGHT']",ema,"[1, 2]",,False,False,False
0.208464033888308,0.06401057230141688,0.5481199511826582,0.06635556304141774,1.6195443714767246,0.7222222222222222,0.3335458912553671,0.43097702157516227,0.4718676122931442,0.553113099476764,55735,0.14860231301214621,0.4576390106998772,0.5690229784248377,0.2777777777777778,0.3335458912553671,0.43097702157516227,0.09274880355989716,0.025233703540077194,0.003312494014062417,0.19659495899351626,0.2660835706398559,0.049776253850177254,0.003312494014062417,0.43097702157516227,0.7222222222222222,0.4718676122931442,0.5481199511826582,0.4576390106998772,0.06635556304141774,0.2660835706398559,0.14860231301214621,0.09274880355989716,3,1,0.044887329254186516,1.0,17711.402707417805,epoch_56_original,12,A10_drop_front_triplet,6,R3_ema_K2,"['CAM_FRONT', 'CAM_FRONT_LEFT', 'CAM_FRONT_RIGHT']",ema,"[1, 2]",,False,False,False
0.2422082595217006,0.09935473825947626,0.5081916537867078,0.06067188934755094,1.5223268230996205,0.6864406779661016,0.0,0.34861970131241515,0.3608992372541148,0.5192203082502267,54172,0.13367992131516088,0.0,0.6513802986875848,0.31355932203389836,0.0,0.34861970131241515,0.08540378062419846,0.03460165477744159,0.004295062167550441,0.2038757278101249,0.25780525502318374,0.020542363355346344,0.004295062167550441,0.34861970131241515,0.6864406779661016,0.3608992372541148,0.0,0.0,0.06067188934755094,0.25780525502318374,0.13367992131516088,0.08540378062419846,3,2,0.044326807964931846,1.0,17330.336870829266,epoch_56_original,12,A10_drop_front_triplet,0,R4_ema_K3,"['CAM_FRONT', 'CAM_FRONT_LEFT', 'CAM_FRONT_RIGHT']",ema,"[1, 2, 3]",,False,False,False
0.22993086620577471,0.10123895468547342,0.5225065450553162,0.06327287886884034,1.554176167553416,0.8676470588235294,0.3570725949242573,0.38766730401529637,0.4583494769469198,0.5275332402404226,55209,0.13602454747628298,0.0,0.6123326959847036,0.13235294117647056,0.3570725949242573,0.38766730401529637,0.07969858377239222,0.03103914275501378,0.0020331625520904895,0.1522038567493113,0.20530360611434828,0.033752779889085954,0.0020331625520904895,0.38766730401529637,0.8676470588235294,0.4583494769469198,0.0,0.0,0.06327287886884034,0.20530360611434828,0.13602454747628298,0.07969858377239222,3,2,0.044326807964931846,1.0,17330.336870829266,epoch_56_original,12,A10_drop_front_triplet,2,R4_ema_K3,"['CAM_FRONT', 'CAM_FRONT_LEFT', 'CAM_FRONT_RIGHT']",ema,"[1, 2, 3]",,False,False,False
0.23922955869100299,0.0901421688988977,0.49473026334479137,0.0647256361204301,1.6173404164654412,0.6343283582089553,0.3807554202081724,0.34167249825052487,0.4281701444622793,0.49980127793573637,56932,0.1478083009005426,0.0,0.6583275017494752,0.3656716417910447,0.3807554202081724,0.34167249825052487,0.0970417347672935,0.033824727228783054,0.0032936562395109864,0.20003372539100375,0.269594613789381,0.043038550041192,0.0032936562395109864,0.34167249825052487,0.6343283582089553,0.4281701444622793,0.49473026334479137,0.0,0.0647256361204301,0.269594613789381,0.1478083009005426,0.0970417347672935,3,2,0.044326807964931846,1.0,17330.336870829266,epoch_56_original,12,A10_drop_front_triplet,4,R4_ema_K3,"['CAM_FRONT', 'CAM_FRONT_LEFT', 'CAM_FRONT_RIGHT']",ema,"[1, 2, 3]",,False,False,False
0.21314018262992487,0.06584526669993046,0.5408264078572674,0.06559761949582718,1.613500319637357,0.7111111111111111,0.33971007099434597,0.4164181722504824,0.45390070921985815,0.5465184680640267,55527,0.1526123089440344,0.47307489914050166,0.5835818277495176,0.28888888888888886,0.33971007099434597,0.4164181722504824,0.09742495230151403,0.027068397938590776,0.002554550468471861,0.19212933144402938,0.26003951880048826,0.05378624978206545,0.002554550468471861,0.4164181722504824,0.7111111111111111,0.45390070921985815,0.5408264078572674,0.47307489914050166,0.06559761949582718,0.26003951880048826,0.1526123089440344,0.09742495230151403,3,2,0.044326807964931846,1.0,17330.336870829266,epoch_56_original,12,A10_drop_front_triplet,6,R4_ema_K3,"['CAM_FRONT', 'CAM_FRONT_LEFT', 'CAM_FRONT_RIGHT']",ema,"[1, 2, 3]",,False,False,False
0.24608187459222344,0.09773178092881153,0.5018406632007868,0.06030955552062738,1.5225235351974147,0.711864406779661,0.0,0.3566148740383165,0.42874347651545563,0.5072831671199758,54179,0.13379232822818604,0.0,0.6433851259616835,0.288135593220339,0.0,0.3566148740383165,0.08927739569472129,0.03297869744677687,0.003932728340626884,0.20403129027956798,0.2580019671209779,0.02065477026837151,0.003932728340626884,0.3566148740383165,0.711864406779661,0.42874347651545563,0.0,0.0,0.06030955552062738,0.2580019671209779,0.13379232822818604,0.08927739569472129,3,1,0.0463241950580568,1.0,18709.21866607666,epoch_56_original,12,A10_drop_front_triplet,0,R8_camera_group_repair_front_triplet,"['CAM_FRONT', 'CAM_FRONT_LEFT', 'CAM_FRONT_RIGHT']",replace,[1],,False,False,False
0.2317132573809975,0.10400295209566322,0.517917968640036,0.06349786675092683,1.5625932494440222,0.8897058823529411,0.365138697619516,0.40280433397068194,0.4502130956993413,0.5232226337198713,55508,0.13377248543197365,0.0,0.5971956660293181,0.11029411764705888,0.365138697619516,0.40280433397068194,0.081480974947615,0.03380314016520358,0.0022581504341769865,0.1584439435679105,0.21372068800495447,0.03150071784477662,0.0022581504341769865,0.40280433397068194,0.8897058823529411,0.4502130956993413,0.0,0.0,0.06349786675092683,0.21372068800495447,0.13377248543197365,0.081480974947615,3,1,0.0463241950580568,1.0,18709.21866607666,epoch_56_original,12,A10_drop_front_triplet,2,R8_camera_group_repair_front_triplet,"['CAM_FRONT', 'CAM_FRONT_LEFT', 'CAM_FRONT_RIGHT']",replace,[1],,False,False,False
0.24471134903058384,0.09376841006101898,0.4883383994772876,0.06349216847250078,1.6025397005766882,0.6567164179104478,0.3939820917231035,0.36878936319104266,0.391653290529695,0.49570454614937787,56411,0.14777989261668703,0.0,0.6312106368089574,0.34328358208955223,0.3939820917231035,0.36878936319104266,0.10252352510687435,0.03745096839090433,0.002060188591581663,0.18905189494540703,0.2547938979006279,0.043010141757336445,0.002060188591581663,0.36878936319104266,0.6567164179104478,0.391653290529695,0.4883383994772876,0.0,0.06349216847250078,0.2547938979006279,0.14777989261668703,0.10252352510687435,3,1,0.0463241950580568,1.0,18709.21866607666,epoch_56_original,12,A10_drop_front_triplet,4,R8_camera_group_repair_front_triplet,"['CAM_FRONT', 'CAM_FRONT_LEFT', 'CAM_FRONT_RIGHT']",replace,[1],,False,False,False
0.2152641087173403,0.061657433446477256,0.5360318475039229,0.06565541475529488,1.6193119079444411,0.7111111111111111,0.3497853164987459,0.447816172601298,0.4799054373522459,0.5397071116752841,55727,0.15296100424245945,0.431503245044729,0.552183827398702,0.28888888888888886,0.3497853164987459,0.447816172601298,0.09954887838892947,0.02288056468513757,0.002612345727939558,0.19642320408776676,0.2658511071075724,0.05413494508049049,0.002612345727939558,0.447816172601298,0.7111111111111111,0.4799054373522459,0.5360318475039229,0.431503245044729,0.06565541475529488,0.2658511071075724,0.15296100424245945,0.09954887838892947,3,1,0.0463241950580568,1.0,18709.21866607666,epoch_56_original,12,A10_drop_front_triplet,6,R8_camera_group_repair_front_triplet,"['CAM_FRONT', 'CAM_FRONT_LEFT', 'CAM_FRONT_RIGHT']",replace,[1],,False,False,False
0.16911240729499327,0.07445521595632087,0.6398763523956723,0.06649901144081467,1.4896164114093016,0.8389830508474576,0.0,0.41514557248453765,0.40666399036531514,0.6573889392565729,53008,0.12381621469720387,0.0,0.5848544275154623,0.1610169491525424,0.0,0.41514557248453765,0.0,0.0,0.0,0.0,0.0,0.0,0.0,0.41514557248453765,0.8389830508474576,0.40666399036531514,0.0,0.0,0.06649901144081467,0.0,0.12381621469720387,0.0,0,0,0.0,0.0,0.0,epoch_56_original,12,C4_motion_blur_9,0,R0_degraded_native,[],native,[],,False,False,False
0.18388759517517464,0.08618445072443641,0.6043126988148524,0.06768661173212545,1.5474762829715958,0.8970588235294118,0.2971670273460555,0.4611217335882728,0.49399457574583494,0.6129561046688119,54971,0.1370942769473299,0.0,0.5388782664117272,0.1029411764705882,0.2971670273460555,0.4611217335882728,0.0,0.0,0.0,0.0,0.0,0.0,0.0,0.4611217335882728,0.8970588235294118,0.49399457574583494,0.0,0.0,0.06768661173212545,0.0,0.1370942769473299,0.0,0,0,0.0,0.0,0.0,epoch_56_original,12,C4_motion_blur_9,2,R0_degraded_native,[],native,[],,False,False,False
0.1853478589721474,0.08171116303051686,0.6031930911053663,0.06640222619415706,1.5376835885344167,0.835820895522388,0.3124403436207445,0.4632610216934919,0.5024077046548957,0.6108716255464857,54128,0.12377489275872844,0.0,0.5367389783065081,0.16417910447761197,0.3124403436207445,0.4632610216934919,0.0,0.0,0.0,0.0,0.0,0.0,0.0,0.4632610216934919,0.835820895522388,0.5024077046548957,0.6031930911053663,0.0,0.06640222619415706,0.0,0.12377489275872844,0.0,0,0,0.0,0.0,0.0,epoch_56_original,12,C4_motion_blur_9,4,R0_degraded_native,[],native,[],,False,False,False
0.16972162913427064,0.06291468437358962,0.632736676933806,0.06614254622795111,1.5311791712675074,0.8444444444444444,0.2602984313225354,0.5437642518856342,0.5423167848699764,0.6386575435772005,52694,0.12834892776195733,0.0,0.45623574811436585,0.15555555555555556,0.2602984313225354,0.5437642518856342,0.0,0.0,0.0,0.0,0.0,0.0,0.0,0.5437642518856342,0.8444444444444444,0.5423167848699764,0.632736676933806,0.0,0.06614254622795111,0.0,0.12834892776195733,0.0,0,0,0.0,0.0,0.0,epoch_56_original,12,C4_motion_blur_9,6,R0_degraded_native,[],native,[],,False,False,False
0.19614733641240426,0.08475068654286706,0.6157088660952649,0.056472787736902626,1.3434874244766053,0.8220338983050848,0.0,0.33941771006184945,0.45122440786832596,0.6280749471139317,47808,0.11993817619783617,0.0,0.6605822899381506,0.17796610169491522,0.0,0.33941771006184945,0.027034929117410983,0.010295470586546188,-0.010026223703912047,-0.09809840024147298,-0.14612898693269627,-0.0038780384993677003,-0.010026223703912047,0.33941771006184945,0.8220338983050848,0.45122440786832596,0.0,0.0,0.056472787736902626,-0.14612898693269627,0.11993817619783617,0.027034929117410983,6,1,0.038689994112108696,1.0,1139.1772359212239,epoch_56_original,12,C4_motion_blur_9,0,R5_blend_alpha03,"['CAM_FRONT', 'CAM_FRONT_RIGHT', 'CAM_FRONT_LEFT', 'CAM_BACK', 'CAM_BACK_LEFT', 'CAM_BACK_RIGHT']",blend,"[1, 2]",0.3,False,False,False
0.2241630684685695,0.0961320509200762,0.5498690988936745,0.05923964021790738,1.4581820229147313,0.7794117647058824,0.31841432225063937,0.28935627788400253,0.47268500581170086,0.5559164592313763,51799,0.13326577147200405,0.0,0.7106437221159975,0.22058823529411764,0.31841432225063937,0.28935627788400253,0.04027547329339487,0.009947600195639797,-0.008446971514218068,-0.057703152571355804,-0.08929426005686447,-0.003828505475325844,-0.008446971514218068,0.28935627788400253,0.7794117647058824,0.47268500581170086,0.0,0.0,0.05923964021790738,-0.08929426005686447,0.13326577147200405,0.04027547329339487,6,1,0.038689994112108696,1.0,1139.1772359212239,epoch_56_original,12,C4_motion_blur_9,2,R5_blend_alpha03,"['CAM_FRONT', 'CAM_FRONT_RIGHT', 'CAM_FRONT_LEFT', 'CAM_BACK', 'CAM_BACK_LEFT', 'CAM_BACK_RIGHT']",blend,"[1, 2]",0.3,False,False,False
0.23276603544789273,0.08955123688219041,0.5310360501122128,0.059060944214524166,1.4837078492088294,0.6417910447761194,0.35412026726057905,0.30475857242827153,0.5024077046548957,0.5332171573573022,52228,0.13604727138433567,0.0,0.6952414275717285,0.35820895522388063,0.35412026726057905,0.30475857242827153,0.04741817647574534,0.007840073851673554,-0.007341281979632894,-0.03510198049068874,-0.0539757393255873,0.012272378625607233,-0.007341281979632894,0.30475857242827153,0.6417910447761194,0.5024077046548957,0.5310360501122128,0.0,0.059060944214524166,-0.0539757393255873,0.13604727138433567,0.04741817647574534,6,1,0.038689994112108696,1.0,1139.1772359212239,epoch_56_original,12,C4_motion_blur_9,4,R5_blend_alpha03,"['CAM_FRONT', 'CAM_FRONT_RIGHT', 'CAM_FRONT_LEFT', 'CAM_BACK', 'CAM_BACK_LEFT', 'CAM_BACK_RIGHT']",blend,"[1, 2]",0.3,False,False,False
0.20999217177365243,0.06475758445348577,0.5634916022548963,0.06129930348455876,1.5151973034230255,0.8888888888888888,0.31726395442758154,0.4281704964041396,0.5659574468085107,0.563330134059878,52144,0.14540593944324984,0.0,0.5718295035958604,0.11111111111111116,0.31726395442758154,0.4281704964041396,0.04027054263938179,0.0018429000798961537,-0.004843242743392352,-0.010437620981515922,-0.015981867844481856,0.017057011681292505,-0.004843242743392352,0.4281704964041396,0.8888888888888888,0.5659574468085107,0.5634916022548963,0.0,0.06129930348455876,-0.015981867844481856,0.14540593944324984,0.04027054263938179,6,1,0.038689994112108696,1.0,1139.1772359212239,epoch_56_original,12,C4_motion_blur_9,6,R5_blend_alpha03,"['CAM_FRONT', 'CAM_FRONT_RIGHT', 'CAM_FRONT_LEFT', 'CAM_BACK', 'CAM_BACK_LEFT', 'CAM_BACK_RIGHT']",blend,"[1, 2]",0.3,False,False,False
0.18628744700564337,0.0783384783448758,0.6270900660390614,0.05898099815524102,1.374708444569341,0.864406779661017,0.0,0.36340322823955346,0.43315937374548374,0.6416440012088244,48919,0.12083743150203738,0.0,0.6365967717604466,0.13559322033898302,0.0,0.36340322823955346,0.017175039710650097,0.003883262388554923,-0.007518013285573652,-0.0771392997283429,-0.11490796683996063,-0.002978783195166493,-0.007518013285573652,0.36340322823955346,0.864406779661017,0.43315937374548374,0.0,0.0,0.05898099815524102,-0.11490796683996063,0.12083743150203738,0.017175039710650097,6,1,0.038689994112108696,1.0,1366.1377054850261,epoch_56_original,12,C4_motion_blur_9,0,R6_blend_alpha05,"['CAM_FRONT', 'CAM_FRONT_RIGHT', 'CAM_FRONT_LEFT', 'CAM_BACK', 'CAM_BACK_LEFT', 'CAM_BACK_RIGHT']",blend,"[1, 2]",0.5,False,False,False
0.213776073996262,0.09293392432141592,0.5588773470709119,0.0624970015401744,1.504602651803057,0.7941176470588235,0.32225063938618925,0.3232950924155513,0.46532351801627275,0.5662072733895939,53448,0.13619345212960618,0.0,0.6767049075844487,0.20588235294117652,0.32225063938618925,0.3232950924155513,0.02988847882108736,0.006749473596979513,-0.0051896101919510496,-0.02770551745465791,-0.042873631168538706,-0.0009008248177237166,-0.0051896101919510496,0.3232950924155513,0.7941176470588235,0.46532351801627275,0.0,0.0,0.0624970015401744,-0.042873631168538706,0.13619345212960618,0.02988847882108736,6,1,0.038689994112108696,1.0,1366.1377054850261,epoch_56_original,12,C4_motion_blur_9,2,R6_blend_alpha05,"['CAM_FRONT', 'CAM_FRONT_RIGHT', 'CAM_FRONT_LEFT', 'CAM_BACK', 'CAM_BACK_LEFT', 'CAM_BACK_RIGHT']",blend,"[1, 2]",0.5,False,False,False
0.2208935392791895,0.08548943389790409,0.5466037896650663,0.06126167536652673,1.5059515354677424,0.8059701492537313,0.34975682923503476,0.34114765570328903,0.5421348314606742,0.5469442661041304,53011,0.13411550808215675,0.0,0.6588523442967109,0.19402985074626866,0.34975682923503476,0.34114765570328903,0.03554568030704211,0.0037782708673872317,-0.005140550827630333,-0.02063626958321017,-0.03173205306667426,0.01034061532342831,-0.005140550827630333,0.34114765570328903,0.8059701492537313,0.5421348314606742,0.5466037896650663,0.0,0.06126167536652673,-0.03173205306667426,0.13411550808215675,0.03554568030704211,6,1,0.038689994112108696,1.0,1366.1377054850261,epoch_56_original,12,C4_motion_blur_9,4,R6_blend_alpha05,"['CAM_FRONT', 'CAM_FRONT_RIGHT', 'CAM_FRONT_LEFT', 'CAM_BACK', 'CAM_BACK_LEFT', 'CAM_BACK_RIGHT']",blend,"[1, 2]",0.5,False,False,False
0.19928815841910705,0.06150618731229856,0.5786017318533155,0.06333534791094907,1.5359156157377811,0.9111111111111111,0.3057008034689453,0.46062094369408874,0.5683215130023641,0.5792749001517075,52857,0.14502818620328936,0.0,0.5393790563059113,0.0888888888888889,0.3057008034689453,0.46062094369408874,0.029566529284836413,-0.0014084970612910572,-0.0028071983170020465,0.003093331309067446,0.004736444470273771,0.01667925844133203,-0.0028071983170020465,0.46062094369408874,0.9111111111111111,0.5683215130023641,0.5786017318533155,0.0,0.06333534791094907,0.004736444470273771,0.14502818620328936,0.029566529284836413,6,1,0.038689994112108696,1.0,1366.1377054850261,epoch_56_original,12,C4_motion_blur_9,6,R6_blend_alpha05,"['CAM_FRONT', 'CAM_FRONT_RIGHT', 'CAM_FRONT_LEFT', 'CAM_BACK', 'CAM_BACK_LEFT', 'CAM_BACK_RIGHT']",blend,"[1, 2]",0.5,False,False,False
0.17530464611256347,0.0778014667523772,0.6438386960798089,0.06073972353432658,1.3878319516650275,0.8050847457627118,0.0,0.39100920199125055,0.4167001204335608,0.6608945300695074,49386,0.1168750878179008,0.0,0.6089907980087494,0.19491525423728817,0.0,0.39100920199125055,0.006192238817570195,0.003346250796056327,-0.005759287906488095,-0.06832930878357983,-0.10178445974427408,-0.006941126879303067,-0.005759287906488095,0.39100920199125055,0.8050847457627118,0.4167001204335608,0.0,0.0,0.06073972353432658,-0.10178445974427408,0.1168750878179008,0.006192238817570195,6,1,0.038689994112108696,1.0,1332.1573282877605,epoch_56_original,12,C4_motion_blur_9,0,R7_blend_alpha07,"['CAM_FRONT', 'CAM_FRONT_RIGHT', 'CAM_FRONT_LEFT', 'CAM_BACK', 'CAM_BACK_LEFT', 'CAM_BACK_RIGHT']",blend,"[1, 2]",0.7,False,False,False
0.2001049430885558,0.09282241519974611,0.5813135151873434,0.06419268226913513,1.5110210286293388,0.8823529411764706,0.31005311823726145,0.3715742511153601,0.4583494769469198,0.5909477263068423,53676,0.13385693775863525,0.0,0.6284257488846399,0.11764705882352944,0.31005311823726145,0.3715742511153601,0.01621734791338117,0.0066379644753097045,-0.0034939294629903195,-0.02355787597096651,-0.03645525434225694,-0.003237339188694649,-0.0034939294629903195,0.3715742511153601,0.8823529411764706,0.4583494769469198,0.0,0.0,0.06419268226913513,-0.03645525434225694,0.13385693775863525,0.01621734791338117,6,1,0.038689994112108696,1.0,1332.1573282877605,epoch_56_original,12,C4_motion_blur_9,2,R7_blend_alpha07,"['CAM_FRONT', 'CAM_FRONT_RIGHT', 'CAM_FRONT_LEFT', 'CAM_BACK', 'CAM_BACK_LEFT', 'CAM_BACK_RIGHT']",blend,"[1, 2]",0.7,False,False,False
0.20867524787391323,0.088241498954116,0.5629385528820204,0.06370050215030118,1.5315189909377573,0.7388059701492538,0.33621199036407434,0.36336599020293914,0.5080256821829856,0.5671221987832095,53911,0.13127467969659953,0.0,0.6366340097970609,0.26119402985074625,0.33621199036407434,0.36336599020293914,0.023327388901765833,0.00653033592359914,-0.00270172404385588,-0.004009015666568135,-0.006164597596659327,0.007499786937871095,-0.00270172404385588,0.36336599020293914,0.7388059701492538,0.5080256821829856,0.5629385528820204,0.0,0.06370050215030118,-0.006164597596659327,0.13127467969659953,0.023327388901765833,6,1,0.038689994112108696,1.0,1332.1573282877605,epoch_56_original,12,C4_motion_blur_9,4,R7_blend_alpha07,"['CAM_FRONT', 'CAM_FRONT_RIGHT', 'CAM_FRONT_LEFT', 'CAM_BACK', 'CAM_BACK_LEFT', 'CAM_BACK_RIGHT']",blend,"[1, 2]",0.7,False,False,False
0.1842870068269679,0.06442458176534038,0.609374091939327,0.06362762679454281,1.5102865113035393,0.8555555555555555,0.2853802661225184,0.4807928433608139,0.5385342789598109,0.6140128177342952,51975,0.13593305050270238,0.0,0.519207156639186,0.1444444444444445,0.2853802661225184,0.4807928433608139,0.014565377692697251,0.0015098973917507669,-0.0025149194334082997,-0.01364481724674536,-0.020892659963968052,0.007584122740745047,-0.0025149194334082997,0.4807928433608139,0.8555555555555555,0.5385342789598109,0.609374091939327,0.0,0.06362762679454281,-0.020892659963968052,0.13593305050270238,0.014565377692697251,6,1,0.038689994112108696,1.0,1332.1573282877605,epoch_56_original,12,C4_motion_blur_9,6,R7_blend_alpha07,"['CAM_FRONT', 'CAM_FRONT_RIGHT', 'CAM_FRONT_LEFT', 'CAM_BACK', 'CAM_BACK_LEFT', 'CAM_BACK_RIGHT']",blend,"[1, 2]",0.7,False,False,False
0.23176949717804002,0.10637605323444467,0.5937895180553604,0.04431226888809841,1.1588590698327947,0.8983050847457628,0.0,0.24739779755619248,0.6647932557205941,0.5883952855847688,41238,0.11403681326401574,0.0,0.7526022024438075,0.10169491525423724,0.0,0.24739779755619248,0.0,0.0,0.0,0.0,0.0,0.0,0.0,0.24739779755619248,0.8983050847457628,0.6647932557205941,0.0,0.0,0.04431226888809841,0.0,0.11403681326401574,0.0,0,0,0.0,0.0,0.0,epoch_56_original,12,A7_drop_all_rear,0,R0_degraded_native,[],native,[],,False,False,False
0.23773746914242783,0.10417112522442804,0.5635222250372998,0.04912676578265178,1.27244320581032,0.9926470588235294,0.3108400550855794,0.26179094964945826,0.6698953893839598,0.5551879060166353,45201,0.13301241449201925,0.0,0.7382090503505417,0.007352941176470562,0.3108400550855794,0.26179094964945826,0.0,0.0,0.0,0.0,0.0,0.0,0.0,0.26179094964945826,0.9926470588235294,0.6698953893839598,0.0,0.0,0.04912676578265178,0.0,0.13301241449201925,0.0,0,0,0.0,0.0,0.0,epoch_56_original,12,A7_drop_all_rear,2,R0_degraded_native,[],native,[],,False,False,False
0.2542904290429043,0.09864245185117988,0.5184511803641942,0.052015628332718805,1.3752450214482543,0.8582089552238806,0.3472569428662334,0.2641707487753674,0.702247191011236,0.5044483169769788,48410,0.1397971648532712,0.0,0.7358292512246326,0.14179104477611937,0.3472569428662334,0.2641707487753674,0.0,0.0,0.0,0.0,0.0,0.0,0.0,0.2641707487753674,0.8582089552238806,0.702247191011236,0.5184511803641942,0.0,0.052015628332718805,0.0,0.1397971648532712,0.0,0,0,0.0,0.0,0.0,epoch_56_original,12,A7_drop_all_rear,4,R0_degraded_native,[],native,[],,False,False,False
0.22918049716013866,0.08609092848216517,0.548584878247225,0.05510530296275013,1.4211076887313303,0.5777777777777777,0.3475322025251881,0.40396421680406946,0.684160756501182,0.5397071116752841,48906,0.14032079967455105,0.0,0.5960357831959305,0.4222222222222223,0.3475322025251881,0.40396421680406946,0.0,0.0,0.0,0.0,0.0,0.0,0.0,0.40396421680406946,0.5777777777777777,0.684160756501182,0.548584878247225,0.0,0.05510530296275013,0.0,0.14032079967455105,0.0,0,0,0.0,0.0,0.0,epoch_56_original,12,A7_drop_all_rear,6,R0_degraded_native,[],native,[],,False,False,False
0.2826463560334528,0.11981385979009895,0.4724165807153012,0.05145772329328105,1.3941683160036797,0.7642276422764228,0.0,0.22357463164638053,0.34234234234234234,0.48227418725422505,50013,0.13444651966660162,0.0,0.7764253683536195,0.2357723577235772,0.0,0.22357463164638053,0.0,0.0,0.0,0.0,0.0,0.0,0.0,0.22357463164638053,0.7642276422764228,0.34234234234234234,0.0,0.0,0.05145772329328105,0.0,0.13444651966660162,0.0,0,0,0.0,0.0,0.0,epoch_56_original,13,A0_clean,0,R0_degraded_native,[],native,[],,False,False,False
0.28994283857436154,0.1277787434099686,0.4486109940732002,0.05311391977815979,1.4531052498525323,0.5369127516778524,0.40205611263040614,0.25171663038017084,0.32728676186800465,0.45813389881853983,51732,0.14943400466279036,0.0,0.7482833696198292,0.46308724832214765,0.40205611263040614,0.25171663038017084,0.0,0.0,0.0,0.0,0.0,0.0,0.0,0.25171663038017084,0.5369127516778524,0.32728676186800465,0.0,0.0,0.05311391977815979,0.0,0.14943400466279036,0.0,0,0,0.0,0.0,0.0,epoch_56_original,13,A0_clean,2,R0_degraded_native,[],native,[],,False,False,False
0.2867496092912083,0.11177138769123714,0.4667787338309875,0.049872541337274465,1.3927574220753318,0.7251908396946565,0.4146110056925996,0.28459483526268925,0.38138385502471167,0.4731251913070095,48883,0.1491822895891504,0.0,0.7154051647373108,0.2748091603053435,0.4146110056925996,0.28459483526268925,0.0,0.0,0.0,0.0,0.0,0.0,0.0,0.28459483526268925,0.7251908396946565,0.38138385502471167,0.4667787338309875,0.0,0.049872541337274465,0.0,0.1491822895891504,0.0,0,0,0.0,0.0,0.0,epoch_56_original,13,A0_clean,4,R0_degraded_native,[],native,[],,False,False,False
0.245185942953424,0.0785509274823779,0.5333027890727908,0.05214203788602461,1.370139167287097,0.7064220183486238,0.3479728248959018,0.3871743486973948,0.45002368545712934,0.5386608149705892,47848,0.13773552488402727,0.0,0.6128256513026051,0.29357798165137616,0.3479728248959018,0.3871743486973948,0.0,0.0,0.0,0.0,0.0,0.0,0.0,0.3871743486973948,0.7064220183486238,0.45002368545712934,0.5333027890727908,0.0,0.05214203788602461,0.0,0.13773552488402727,0.0,0,0,0.0,0.0,0.0,epoch_56_original,13,A0_clean,6,R0_degraded_native,[],native,[],,False,False,False
0.20848845867460908,0.06549821186839606,0.5941237142140329,0.056218311712603476,1.3526328993950882,0.7073170731707317,0.0,0.5254644458680333,0.5123384253819037,0.6003061867739321,48523,0.13380536894042874,0.0,0.4745355541319667,0.29268292682926833,0.0,0.5254644458680333,0.0,0.0,0.0,0.0,0.0,0.0,0.0,0.5254644458680333,0.7073170731707317,0.5123384253819037,0.0,0.0,0.056218311712603476,0.0,0.13380536894042874,0.0,0,0,0.0,0.0,0.0,epoch_56_original,13,A1_drop_cam_front,0,R0_degraded_native,[],native,[],,False,False,False
0.20456857094422784,0.07639751611982791,0.5932417628718294,0.0582181638288614,1.3951293502991489,0.7919463087248322,0.3361187075863466,0.623513649304974,0.5824006175221922,0.5940926991820661,49668,0.13581079183169012,0.0,0.376486350695026,0.20805369127516782,0.3361187075863466,0.623513649304974,0.0,0.0,0.0,0.0,0.0,0.0,0.0,0.623513649304974,0.7919463087248322,0.5824006175221922,0.0,0.0,0.0582181638288614,0.0,0.13581079183169012,0.0,0,0,0.0,0.0,0.0,epoch_56_original,13,A1_drop_cam_front,2,R0_degraded_native,[],native,[],,False,False,False
0.19196346515474996,0.06507109086062841,0.6131688415294319,0.05890044999024635,1.4019602256538835,0.9389312977099237,0.33524667931688806,0.6683882457702582,0.578665568369028,0.6157330884603612,49206,0.1230269531027409,0.0,0.33161175422974176,0.06106870229007633,0.33524667931688806,0.6683882457702582,0.0,0.0,0.0,0.0,0.0,0.0,0.0,0.6683882457702582,0.9389312977099237,0.578665568369028,0.6131688415294319,0.0,0.05890044999024635,0.0,0.1230269531027409,0.0,0,0,0.0,0.0,0.0,epoch_56_original,13,A1_drop_cam_front,4,R0_degraded_native,[],native,[],,False,False,False
0.19036137861831562,0.04935522979684767,0.6088711986713247,0.060869838268785184,1.4457934826184067,0.981651376146789,0.32632040324348016,0.6366733466933868,0.5831359545239223,0.6105269574228155,50490,0.13240936945192142,0.0,0.3633266533066132,0.01834862385321101,0.32632040324348016,0.6366733466933868,0.0,0.0,0.0,0.0,0.0,0.0,0.0,0.6366733466933868,0.981651376146789,0.5831359545239223,0.6088711986713247,0.0,0.060869838268785184,0.0,0.13240936945192142,0.0,0,0,0.0,0.0,0.0,epoch_56_original,13,A1_drop_cam_front,6,R0_degraded_native,[],native,[],,False,False,False
0.26363043231589695,0.0962806149904455,0.48186658489671896,0.057324039481764594,1.4835112758899451,0.6341463414634146,0.0,0.26409352978859707,0.44535840188014103,0.4845555789031309,53218,0.13779165389011233,0.0,0.7359064702114029,0.36585365853658536,0.0,0.26409352978859707,0.05514197364128787,0.03078240312204944,0.0011057277691611175,0.09675823836118953,0.1308783764948569,0.003986284949683588,0.0011057277691611175,0.26409352978859707,0.6341463414634146,0.44535840188014103,0.0,0.0,0.057324039481764594,0.1308783764948569,0.13779165389011233,0.05514197364128787,1,1,0.04642707312648947,1.0,18421.52744293213,epoch_56_original,13,A1_drop_cam_front,0,R1_replace_tminus1,['CAM_FRONT'],replace,[1],,False,False,False
0.23802151126943893,0.09420014766376697,0.5120361787590236,0.06185317977031729,1.5380466840819078,0.5167785234899329,0.3765825990073939,0.42723161949422206,0.4754920879969124,0.5149045743714026,54756,0.14381618493862533,0.0,0.5727683805057779,0.4832214765100671,0.3765825990073939,0.42723161949422206,0.033452940325211095,0.01780263154393906,0.003635015941455891,0.10244020294757188,0.14291733378275895,0.00800539310693521,0.003635015941455891,0.42723161949422206,0.5167785234899329,0.4754920879969124,0.0,0.0,0.06185317977031729,0.14291733378275895,0.14381618493862533,0.033452940325211095,1,1,0.04642707312648947,1.0,18421.52744293213,epoch_56_original,13,A1_drop_cam_front,2,R1_replace_tminus1,['CAM_FRONT'],replace,[1],,False,False,False
0.24550764016302748,0.07615457966031879,0.5005698330389196,0.06001137374318485,1.5337056242520941,0.4580152671755725,0.394022770398482,0.4010685663401603,0.436161449752883,0.5053565962656872,53830,0.1548236366744544,0.0,0.5989314336598397,0.5419847328244275,0.394022770398482,0.4010685663401603,0.05354417500827752,0.011083488799690372,0.001110923752938496,0.09397227980327602,0.13174539859821066,0.0317966835717135,0.001110923752938496,0.4010685663401603,0.4580152671755725,0.436161449752883,0.5005698330389196,0.0,0.06001137374318485,0.13174539859821066,0.1548236366744544,0.05354417500827752,1,1,0.04642707312648947,1.0,18421.52744293213,epoch_56_original,13,A1_drop_cam_front,4,R1_replace_tminus1,['CAM_FRONT'],replace,[1],,False,False,False
0.24959196307969383,0.06502481372910769,0.49203940209609986,0.05974436353660189,1.5431246778535022,0.5596330275229358,0.3789173789173789,0.2545090180360721,0.5049739459971577,0.49120721709182896,53889,0.15992783918446823,0.0,0.7454909819639279,0.44036697247706424,0.3789173789173789,0.2545090180360721,0.059230584461378216,0.01566958393226002,-0.0011254747321832945,0.0673202614379085,0.09733119523509548,0.02751846973254682,-0.0011254747321832945,0.2545090180360721,0.5596330275229358,0.5049739459971577,0.49203940209609986,0.0,0.05974436353660189,0.09733119523509548,0.15992783918446823,0.059230584461378216,1,1,0.04642707312648947,1.0,18421.52744293213,epoch_56_original,13,A1_drop_cam_front,6,R1_replace_tminus1,['CAM_FRONT'],replace,[1],,False,False,False
0.2614967676368461,0.09664724289462345,0.4835670281270036,0.057890145615077625,1.491344465196666,0.6991869918699187,0.0,0.3062139654067905,0.4520172346259303,0.4858763845946027,53499,0.1373735121121735,0.0,0.6937860345932094,0.30081300813008127,0.0,0.3062139654067905,0.053008308962237016,0.03114903102622739,0.0016718339024741485,0.10254930651443646,0.13871156580157784,0.003568143171744753,0.0016718339024741485,0.3062139654067905,0.6991869918699187,0.4520172346259303,0.0,0.0,0.057890145615077625,0.13871156580157784,0.1373735121121735,0.053008308962237016,1,2,0.04596755145625635,1.0,18177.69034576416,epoch_56_original,13,A1_drop_cam_front,0,R2_replace_tminus2,['CAM_FRONT'],replace,[2],,False,False,False
0.23162488470380924,0.09229572073892128,0.527400915704615,0.06128071025928236,1.5129631190135109,0.5906040268456376,0.37602552415679125,0.42589181041701557,0.4731763797761482,0.5316570736140563,53863,0.14095109687930113,0.0,0.5741081895829845,0.4093959731543624,0.37602552415679125,0.42589181041701557,0.027056313759581396,0.015898204619093373,0.003062546430420962,0.08446081984376258,0.11783376871436202,0.00514030504761101,0.003062546430420962,0.42589181041701557,0.5906040268456376,0.4731763797761482,0.0,0.0,0.06128071025928236,0.11783376871436202,0.14095109687930113,0.027056313759581396,1,2,0.04596755145625635,1.0,18177.69034576416,epoch_56_original,13,A1_drop_cam_front,2,R2_replace_tminus2,['CAM_FRONT'],replace,[2],,False,False,False
0.24615363367676713,0.0789089609413753,0.4921932873668015,0.06167610621224595,1.5707732634338138,0.6183206106870229,0.3925521821631879,0.39804096170970615,0.4802306425041186,0.493082338536884,55131,0.15599179440423955,0.0,0.6019590382902938,0.38167938931297707,0.3925521821631879,0.39804096170970615,0.05419016852201716,0.013837870080746884,0.0027756562219996006,0.12041214486038287,0.1688130377799304,0.032964841301498654,0.0027756562219996006,0.39804096170970615,0.6183206106870229,0.4802306425041186,0.4921932873668015,0.0,0.06167610621224595,0.1688130377799304,0.15599179440423955,0.05419016852201716,1,2,0.04596755145625635,1.0,18177.69034576416,epoch_56_original,13,A1_drop_cam_front,4,R2_replace_tminus2,['CAM_FRONT'],replace,[2],,False,False,False
0.2516535082222872,0.0633667301540251,0.48247523051371627,0.06097560975609756,1.5740221064085678,0.5412844036697247,0.38614946307254,0.26753507014028055,0.5376598768356229,0.4789247508457529,54968,0.169635186988145,0.0,0.7324649298597194,0.45871559633027525,0.38614946307254,0.26753507014028055,0.061292129603971596,0.014011500357177423,0.00010577148731237551,0.08869082986730045,0.1282286237901611,0.03722581753622359,0.00010577148731237551,0.26753507014028055,0.5412844036697247,0.5376598768356229,0.48247523051371627,0.0,0.06097560975609756,0.1282286237901611,0.169635186988145,0.061292129603971596,1,2,0.04596755145625635,1.0,18177.69034576416,epoch_56_original,13,A1_drop_cam_front,6,R2_replace_tminus2,['CAM_FRONT'],replace,[2],,False,False,False
0.26321962524376114,0.09533085545937547,0.4807515401555487,0.05775772312775294,1.4919298636857803,0.6341463414634146,0.0,0.2709801409352979,0.46337641989815903,0.48197400414252695,53520,0.13765227329746607,0.0,0.7290198590647021,0.36585365853658536,0.0,0.2709801409352979,0.05473116656915206,0.02983264359097941,0.001539411415149461,0.1029820909671702,0.13929696429069205,0.0038469043570373285,0.001539411415149461,0.2709801409352979,0.6341463414634146,0.46337641989815903,0.0,0.0,0.05775772312775294,0.13929696429069205,0.13765227329746607,0.05473116656915206,1,1,0.04546928405761719,1.0,17695.67472076416,epoch_56_original,13,A1_drop_cam_front,0,R3_ema_K2,['CAM_FRONT'],ema,"[1, 2]",,False,False,False
0.23455455838896794,0.0940653530283381,0.5184124041459509,0.062036833283973004,1.534788348641892,0.5637583892617449,0.37921604375569734,0.42605928655166636,0.4515631030490158,0.5236594971220843,54640,0.14305777927586305,0.0,0.5739407134483336,0.43624161073825507,0.37921604375569734,0.42605928655166636,0.029985987444740098,0.01766783690851019,0.003818669455111605,0.10010469517596843,0.1396589983427432,0.007246987444172931,0.003818669455111605,0.42605928655166636,0.5637583892617449,0.4515631030490158,0.0,0.0,0.062036833283973004,0.1396589983427432,0.14305777927586305,0.029985987444740098,1,1,0.04546928405761719,1.0,17695.67472076416,epoch_56_original,13,A1_drop_cam_front,2,R3_ema_K2,['CAM_FRONT'],ema,"[1, 2]",,False,False,False
0.24462984007317276,0.0784988678000267,0.49706535984956407,0.06126612244628055,1.5588352612684484,0.5648854961832062,0.3932637571157495,0.4065894924309884,0.44275123558484347,0.5011019283746556,54712,0.15485212832640036,0.0,0.5934105075690116,0.43511450381679384,0.3932637571157495,0.4065894924309884,0.0526663749184228,0.013427776939398284,0.0023656724560342027,0.11189692313945454,0.15687503561456495,0.03182517522365946,0.0023656724560342027,0.4065894924309884,0.5648854961832062,0.44275123558484347,0.49706535984956407,0.0,0.06126612244628055,0.15687503561456495,0.15485212832640036,0.0526663749184228,1,1,0.04546928405761719,1.0,17695.67472076416,epoch_56_original,13,A1_drop_cam_front,4,R3_ema_K2,['CAM_FRONT'],ema,"[1, 2]",,False,False,False
0.24856369924141009,0.06379790800373447,0.4895767710898574,0.060802078409725686,1.56391386518527,0.5229357798165137,0.37957484111330264,0.26913827655310624,0.5068687825675036,0.48846423455548443,54615,0.1613596013973999,0.0,0.7308617234468937,0.47706422018348627,0.37957484111330264,0.26913827655310624,0.05820232062309447,0.0144426782068868,-6.775985905949772e-05,0.08169934640522876,0.1181203825668633,0.028950231945478494,-6.775985905949772e-05,0.26913827655310624,0.5229357798165137,0.5068687825675036,0.4895767710898574,0.0,0.060802078409725686,0.1181203825668633,0.1613596013973999,0.05820232062309447,1,1,0.04546928405761719,1.0,17695.67472076416,epoch_56_original,13,A1_drop_cam_front,6,R3_ema_K2,['CAM_FRONT'],ema,"[1, 2]",,False,False,False
0.2623878789585592,0.09561539126992835,0.4805564073258439,0.05817319868173414,1.4991219022663285,0.6341463414634146,0.0,0.269859064702114,0.4336075205640423,0.48404526761324407,53778,0.13885094639422407,0.0,0.730140935297886,0.36585365853658536,0.0,0.269859064702114,0.05389942028395012,0.030117179401532287,0.0019548869691306606,0.10829915710075634,0.14648900287124023,0.00504557745379533,0.0019548869691306606,0.269859064702114,0.6341463414634146,0.4336075205640423,0.0,0.0,0.05817319868173414,0.14648900287124023,0.13885094639422407,0.05389942028395012,1,2,0.04500816356052052,1.0,17337.907569885254,epoch_56_original,13,A1_drop_cam_front,0,R4_ema_K3,['CAM_FRONT'],ema,"[1, 2, 3]",,False,False,False
0.23561074907441562,0.0939670586264119,0.5155754051852476,0.062203941436038114,1.5404623465632987,0.5436241610738255,0.3810391978122151,0.4059621503935689,0.44384407564646855,0.5212056952438655,54842,0.14308586837448387,0.0,0.5940378496064311,0.4563758389261745,0.3810391978122151,0.4059621503935689,0.03104217813018778,0.01756954250658399,0.0039857776071767145,0.10417170008858823,0.14533299626414986,0.007275076542793746,0.0039857776071767145,0.4059621503935689,0.5436241610738255,0.44384407564646855,0.0,0.0,0.062203941436038114,0.14533299626414986,0.14308586837448387,0.03104217813018778,1,2,0.04500816356052052,1.0,17337.907569885254,epoch_56_original,13,A1_drop_cam_front,2,R4_ema_K3,['CAM_FRONT'],ema,"[1, 2, 3]",,False,False,False
0.24452439041199742,0.0777008728090438,0.49455809447831783,0.061912508141814704,1.5724827625505726,0.549618320610687,0.3919829222011385,0.39697239536954587,0.44522240527182866,0.49822467095194367,55191,0.15676106900678102,0.0,0.6030276046304541,0.45038167938931295,0.3919829222011385,0.39697239536954587,0.052560925257247454,0.01262978194841538,0.003012058151568353,0.12163150835263992,0.17052253689668917,0.03373411590404013,0.003012058151568353,0.39697239536954587,0.549618320610687,0.44522240527182866,0.49455809447831783,0.0,0.061912508141814704,0.17052253689668917,0.15676106900678102,0.052560925257247454,1,2,0.04500816356052052,1.0,17337.907569885254,epoch_56_original,13,A1_drop_cam_front,4,R4_ema_K3,['CAM_FRONT'],ema,"[1, 2, 3]",,False,False,False
0.24976991940206933,0.06407529307968061,0.48708550483935625,0.0608053837687042,1.5664624019242883,0.5963302752293578,0.38088976550515014,0.2651302605210421,0.5243960208432022,0.48468501417207643,54704,0.16387950289215966,0.0,0.7348697394789578,0.4036697247706422,0.38088976550515014,0.2651302605210421,0.05940854078375371,0.014720063282832943,-6.445450008098208e-05,0.08346207169736582,0.12066891930588164,0.031470133440238246,-6.445450008098208e-05,0.2651302605210421,0.5963302752293578,0.5243960208432022,0.48708550483935625,0.0,0.0608053837687042,0.12066891930588164,0.16387950289215966,0.05940854078375371,1,2,0.04500816356052052,1.0,17337.907569885254,epoch_56_original,13,A1_drop_cam_front,6,R4_ema_K3,['CAM_FRONT'],ema,"[1, 2, 3]",,False,False,False
0.1506849315068493,0.05606058167511832,0.7083879240654531,0.05553468062178979,1.2268558525910853,0.7398373983739838,0.0,0.7592889173606663,0.5315315315315315,0.7219403836340168,44011,0.11225712931731385,0.0,0.24071108263933372,0.26016260162601623,0.0,0.7592889173606663,0.0,0.0,0.0,0.0,0.0,0.0,0.0,0.7592889173606663,0.7398373983739838,0.5315315315315315,0.0,0.0,0.05553468062178979,0.0,0.11225712931731385,0.0,0,0,0.0,0.0,0.0,epoch_56_original,13,A10_drop_front_triplet,0,R0_degraded_native,[],native,[],,False,False,False
0.15368794326241134,0.06351053520585927,0.6956546164433584,0.05774165741505198,1.2846268363248223,0.7919463087248322,0.2481515243593639,0.8400602914084743,0.6182940949440371,0.7017267494698576,45734,0.10485660515154069,0.0,0.15993970859152573,0.20805369127516782,0.2481515243593639,0.8400602914084743,0.0,0.0,0.0,0.0,0.0,0.0,0.0,0.8400602914084743,0.7919463087248322,0.6182940949440371,0.0,0.0,0.05774165741505198,0.0,0.10485660515154069,0.0,0,0,0.0,0.0,0.0,epoch_56_original,13,A10_drop_front_triplet,2,R0_degraded_native,[],native,[],,False,False,False
0.1403437504377425,0.04797912107351465,0.7145421391532281,0.0599948421397185,1.3194484016183259,0.9541984732824428,0.247865275142315,0.8749777382012467,0.6140856672158155,0.7220079583715947,46310,0.10370961308336657,0.0,0.1250222617987533,0.04580152671755722,0.247865275142315,0.8749777382012467,0.0,0.0,0.0,0.0,0.0,0.0,0.0,0.8749777382012467,0.9541984732824428,0.6140856672158155,0.7145421391532281,0.0,0.0599948421397185,0.0,0.10370961308336657,0.0,0,0,0.0,0.0,0.0,epoch_56_original,13,A10_drop_front_triplet,4,R0_degraded_native,[],native,[],,False,False,False
0.1465876797353278,0.037406465453570584,0.7031097875264876,0.05917749447178711,1.3222324036424031,1.0,0.2521586675432829,0.8284569138276553,0.6314542870677404,0.707719971960623,46175,0.11580092778191398,0.07114228456913828,0.1715430861723447,0.0,0.2521586675432829,0.8284569138276553,0.0,0.0,0.0,0.0,0.0,0.0,0.0,0.8284569138276553,1.0,0.6314542870677404,0.7031097875264876,0.07114228456913828,0.05917749447178711,0.0,0.11580092778191398,0.0,0,0,0.0,0.0,0.0,epoch_56_original,13,A10_drop_front_triplet,6,R0_degraded_native,[],native,[],,False,False,False
0.2577315319542387,0.09997230842745836,0.4793856103476152,0.06056673514012782,1.5406015666378614,0.6016260162601627,0.0,0.2453555413196669,0.4320407363885625,0.48290457178879115,55266,0.14032838067627462,0.0,0.7546444586803331,0.39837398373983735,0.0,0.2453555413196669,0.1070466004473894,0.043911726752340036,0.005032054518338033,0.25573152166503826,0.3137457140467761,0.02807125135896077,0.005032054518338033,0.2453555413196669,0.6016260162601627,0.4320407363885625,0.0,0.0,0.06056673514012782,0.3137457140467761,0.14032838067627462,0.1070466004473894,3,1,0.046020741376912956,1.0,18586.603675842285,epoch_56_original,13,A10_drop_front_triplet,0,R1_replace_tminus1,"['CAM_FRONT', 'CAM_FRONT_LEFT', 'CAM_FRONT_RIGHT']",replace,[1],,False,False,False
0.22206212822207536,0.09516481322243812,0.5281312322687565,0.0662625186342135,1.5968090783966742,0.6040268456375839,0.3598703534893143,0.4592195612125272,0.4515631030490158,0.5341411693426235,56848,0.14356338305103788,0.0,0.5407804387874728,0.3959731543624161,0.3598703534893143,0.4592195612125272,0.06837418495966402,0.03165427801657886,0.008520861219161513,0.2430139502339616,0.31218224207185186,0.0387067778994972,0.008520861219161513,0.4592195612125272,0.6040268456375839,0.4515631030490158,0.0,0.0,0.0662625186342135,0.31218224207185186,0.14356338305103788,0.06837418495966402,3,1,0.046020741376912956,1.0,18586.603675842285,epoch_56_original,13,A10_drop_front_triplet,2,R1_replace_tminus1,"['CAM_FRONT', 'CAM_FRONT_LEFT', 'CAM_FRONT_RIGHT']",replace,[1],,False,False,False
0.2301625623692258,0.08046664907087589,0.5110832526069862,0.06523040095751047,1.613140349877486,0.48091603053435117,0.380123339658444,0.45467497773820126,0.4332784184514003,0.5168656259565351,56618,0.15582084449256367,0.0,0.5453250222617987,0.5190839694656488,0.380123339658444,0.45467497773820126,0.0898188119314833,0.03248752799736124,0.005235558817791967,0.22258691427337507,0.29369194825916,0.0521112314091971,0.005235558817791967,0.45467497773820126,0.48091603053435117,0.4332784184514003,0.5110832526069862,0.0,0.06523040095751047,0.29369194825916,0.15582084449256367,0.0898188119314833,3,1,0.046020741376912956,1.0,18586.603675842285,epoch_56_original,13,A10_drop_front_triplet,4,R1_replace_tminus1,"['CAM_FRONT', 'CAM_FRONT_LEFT', 'CAM_FRONT_RIGHT']",replace,[1],,False,False,False
0.23931623931623933,0.06593360753204204,0.4980814386346716,0.06333067802828726,1.5992211213561651,0.4954128440366973,0.3720359412667105,0.29819639278557114,0.48128848886783515,0.49916186644722804,55848,0.16725846171467842,0.5865731462925852,0.7018036072144289,0.5045871559633027,0.3720359412667105,0.29819639278557114,0.09272855958091153,0.028527142078471457,0.004153183556500156,0.2094856524093124,0.276988717713762,0.05145753393276445,0.004153183556500156,0.29819639278557114,0.4954128440366973,0.48128848886783515,0.4980814386346716,0.5865731462925852,0.06333067802828726,0.276988717713762,0.16725846171467842,0.09272855958091153,3,1,0.046020741376912956,1.0,18586.603675842285,epoch_56_original,13,A10_drop_front_triplet,6,R1_replace_tminus1,"['CAM_FRONT', 'CAM_FRONT_LEFT', 'CAM_FRONT_RIGHT']",replace,[1],,False,False,False
0.23815081912543248,0.09689204352318681,0.5222312045270816,0.05974571571871477,1.4839294176678839,0.7235772357723578,0.0,0.3236707238949391,0.43791617704661184,0.5285924413892474,53233,0.12655757812282217,0.0,0.6763292761050609,0.2764227642276422,0.0,0.3236707238949391,0.08746588761858318,0.04083146184806849,0.004211035096924984,0.20953852445979415,0.25707356507679857,0.01430044880550832,0.004211035096924984,0.3236707238949391,0.7235772357723578,0.43791617704661184,0.0,0.0,0.05974571571871477,0.25707356507679857,0.12655757812282217,0.08746588761858318,3,2,0.0463241950580568,1.0,18709.21866607666,epoch_56_original,13,A10_drop_front_triplet,0,R2_replace_tminus2,"['CAM_FRONT', 'CAM_FRONT_LEFT', 'CAM_FRONT_RIGHT']",replace,[2],,False,False,False
0.21586815805866263,0.09914205334876923,0.5522316788854246,0.06327773540326836,1.5220358978680375,0.6577181208053692,0.3231034133495391,0.4545302294423045,0.48321111539945966,0.5576491972129658,54186,0.13075475407994158,0.0,0.5454697705576955,0.3422818791946308,0.3231034133495391,0.4545302294423045,0.0621802147962513,0.03563151814290996,0.005536077988216384,0.18480780163554467,0.23740906154321517,0.025898148928400894,0.005536077988216384,0.4545302294423045,0.6577181208053692,0.48321111539945966,0.0,0.0,0.06327773540326836,0.23740906154321517,0.13075475407994158,0.0621802147962513,3,2,0.0463241950580568,1.0,18709.21866607666,epoch_56_original,13,A10_drop_front_triplet,2,R2_replace_tminus2,"['CAM_FRONT', 'CAM_FRONT_LEFT', 'CAM_FRONT_RIGHT']",replace,[2],,False,False,False
0.2276691565642135,0.08285668292721823,0.5232491879879195,0.06347970415042437,1.5708017550857598,0.6259541984732825,0.34606261859582543,0.41763134461264473,0.4658154859967051,0.5275176002448729,55132,0.14755826542822953,0.0,0.5823686553873553,0.3740458015267175,0.34606261859582543,0.41763134461264473,0.087325406126471,0.03487756185370358,0.003484862010705865,0.19049881235154395,0.2513533534674339,0.04384865234486296,0.003484862010705865,0.41763134461264473,0.6259541984732825,0.4658154859967051,0.5232491879879195,0.0,0.06347970415042437,0.2513533534674339,0.14755826542822953,0.087325406126471,3,2,0.0463241950580568,1.0,18709.21866607666,epoch_56_original,13,A10_drop_front_triplet,4,R2_replace_tminus2,"['CAM_FRONT', 'CAM_FRONT_LEFT', 'CAM_FRONT_RIGHT']",replace,[2],,False,False,False
0.23450728304725432,0.06621953926028927,0.5090201019414695,0.06312078773315176,1.5846457820285207,0.7889908256880734,0.3430637738330046,0.2961923847695391,0.5258171482709616,0.5079394105635305,55339,0.16745890842448885,0.5973947895791584,0.7038076152304609,0.21100917431192656,0.3430637738330046,0.2961923847695391,0.08791960331192653,0.028813073806718686,0.003943293261364653,0.19846237141310233,0.26241337838611756,0.051657980642574874,0.003943293261364653,0.2961923847695391,0.7889908256880734,0.5258171482709616,0.5090201019414695,0.5973947895791584,0.06312078773315176,0.26241337838611756,0.16745890842448885,0.08791960331192653,3,2,0.0463241950580568,1.0,18709.21866607666,epoch_56_original,13,A10_drop_front_triplet,6,R2_replace_tminus2,"['CAM_FRONT', 'CAM_FRONT_LEFT', 'CAM_FRONT_RIGHT']",replace,[2],,False,False,False
0.2542389316783953,0.09974985261911747,0.48838959663256487,0.06011153283994922,1.5239316477573663,0.6585365853658537,0.0,0.26409352978859707,0.4332158245201723,0.4925104313631315,54668,0.13793103448275862,0.0,0.7359064702114029,0.3414634146341463,0.0,0.26409352978859707,0.10355400017154598,0.043689270943999145,0.004576852218159427,0.2421440094521824,0.297075795166281,0.025673905165444766,0.004576852218159427,0.26409352978859707,0.6585365853658537,0.4332158245201723,0.0,0.0,0.06011153283994922,0.297075795166281,0.13793103448275862,0.10355400017154598,3,1,0.04476671530441804,1.0,17695.768308003742,epoch_56_original,13,A10_drop_front_triplet,0,R3_ema_K2,"['CAM_FRONT', 'CAM_FRONT_LEFT', 'CAM_FRONT_RIGHT']",ema,"[1, 2]",,False,False,False
0.22249267764240147,0.10078810248459881,0.532709755343951,0.06480818135039933,1.5675402376337744,0.5570469798657718,0.3533880279550289,0.45051080221068496,0.43303743728290234,0.5405331717661315,55806,0.1383388107075644,0.0,0.549489197789315,0.4429530201342282,0.3533880279550289,0.45051080221068496,0.06880473437999013,0.03727756727873954,0.007066523935347346,0.22023002580137316,0.28291340130895204,0.033482205556023714,0.007066523935347346,0.45051080221068496,0.5570469798657718,0.43303743728290234,0.0,0.0,0.06480818135039933,0.28291340130895204,0.1383388107075644,0.06880473437999013,3,1,0.04476671530441804,1.0,17695.768308003742,epoch_56_original,13,A10_drop_front_triplet,2,R3_ema_K2,"['CAM_FRONT', 'CAM_FRONT_LEFT', 'CAM_FRONT_RIGHT']",ema,"[1, 2]",,False,False,False
0.2284202835804741,0.08354994470281724,0.5189754401960226,0.06416576569427775,1.5868995384352385,0.6106870229007634,0.37039848197343456,0.45983971504897597,0.4242174629324547,0.5260177532904806,55697,0.15376944555245314,0.0,0.5401602849510241,0.3893129770992366,0.37039848197343456,0.45983971504897597,0.08807653314273159,0.035570823629302584,0.004170923554559246,0.2026992010364932,0.26745113681691257,0.050059832469086574,0.004170923554559246,0.45983971504897597,0.6106870229007634,0.4242174629324547,0.5189754401960226,0.0,0.06416576569427775,0.26745113681691257,0.15376944555245314,0.08807653314273159,3,1,0.04476671530441804,1.0,17695.768308003742,epoch_56_original,13,A10_drop_front_triplet,4,R3_ema_K2,"['CAM_FRONT', 'CAM_FRONT_LEFT', 'CAM_FRONT_RIGHT']",ema,"[1, 2]",,False,False,False
0.24152085579235427,0.07068422707103299,0.49959910658037915,0.061863098641828,1.572275356508791,0.5321100917431193,0.36344510190664037,0.2725450901803607,0.4888678351492184,0.500289537045503,54907,0.16496764217398774,0.6076152304609218,0.7274549098196392,0.4678899082568807,0.36344510190664037,0.2725450901803607,0.09493317605702647,0.033277761617462404,0.0026856041700408922,0.18910665944775312,0.2500429528663879,0.04916671439207376,0.0026856041700408922,0.2725450901803607,0.5321100917431193,0.4888678351492184,0.49959910658037915,0.6076152304609218,0.061863098641828,0.2500429528663879,0.16496764217398774,0.09493317605702647,3,1,0.04476671530441804,1.0,17695.768308003742,epoch_56_original,13,A10_drop_front_triplet,6,R3_ema_K2,"['CAM_FRONT', 'CAM_FRONT_LEFT', 'CAM_FRONT_RIGHT']",ema,"[1, 2]",,False,False,False
0.2527906457554278,0.10003206276547287,0.4949683606054693,0.05925078667233876,1.5028573021492488,0.6504065040650406,0.0,0.26409352978859707,0.42420681551116335,0.5002851739561133,53912,0.13349873163660692,0.0,0.7359064702114029,0.34959349593495936,0.0,0.26409352978859707,0.1021057142485785,0.04397148109035455,0.0037161060505489715,0.22496648565131444,0.2760014495581635,0.021241602319293063,0.0037161060505489715,0.26409352978859707,0.6504065040650406,0.42420681551116335,0.0,0.0,0.05925078667233876,0.2760014495581635,0.13349873163660692,0.1021057142485785,3,2,0.044225134858579346,1.0,17323.66155751546,epoch_56_original,13,A10_drop_front_triplet,0,R4_ema_K3,"['CAM_FRONT', 'CAM_FRONT_LEFT', 'CAM_FRONT_RIGHT']",ema,"[1, 2, 3]",,False,False,False
0.22100923837146846,0.1015141325938884,0.5376815257998371,0.06431347503884023,1.5541698266902615,0.5503355704697986,0.3465005570748506,0.4466588511137163,0.4230027016595909,0.5466828233868525,55330,0.13463104968961545,0.0,0.5533411488862837,0.44966442953020136,0.3465005570748506,0.4466588511137163,0.06732129510905713,0.03800359738802914,0.006571817623788251,0.20982201425635194,0.26954299036543916,0.029774444538074762,0.006571817623788251,0.4466588511137163,0.5503355704697986,0.4230027016595909,0.0,0.0,0.06431347503884023,0.26954299036543916,0.13463104968961545,0.06732129510905713,3,2,0.044225134858579346,1.0,17323.66155751546,epoch_56_original,13,A10_drop_front_triplet,2,R4_ema_K3,"['CAM_FRONT', 'CAM_FRONT_LEFT', 'CAM_FRONT_RIGHT']",ema,"[1, 2, 3]",,False,False,False
0.23061814610726172,0.08727954381059409,0.518263148897373,0.0631804821276835,1.570630805174084,0.5801526717557252,0.36755218216318786,0.44986642920748,0.41762767710049425,0.5257422711968166,55126,0.15063536383839535,0.0,0.55013357079252,0.41984732824427484,0.36755218216318786,0.44986642920748,0.09027439566951923,0.03930042273707944,0.0031856399879649985,0.19036925070179228,0.25118240355575816,0.04692575075502878,0.0031856399879649985,0.44986642920748,0.5801526717557252,0.41762767710049425,0.518263148897373,0.0,0.0631804821276835,0.25118240355575816,0.15063536383839535,0.09027439566951923,3,2,0.044225134858579346,1.0,17323.66155751546,epoch_56_original,13,A10_drop_front_triplet,4,R4_ema_K3,"['CAM_FRONT', 'CAM_FRONT_LEFT', 'CAM_FRONT_RIGHT']",ema,"[1, 2, 3]",,False,False,False
0.2403058891982877,0.06809447280834934,0.5032930530897428,0.061580490449165234,1.5636847832312009,0.5871559633027523,0.35498575498575496,0.27595190380761525,0.4921837991473235,0.5040078022614367,54607,0.16479583070843595,0.6080160320641282,0.7240480961923847,0.4128440366972477,0.35498575498575496,0.27595190380761525,0.09371820946295989,0.03068800735477875,0.002402995977378128,0.18260963724959395,0.24145237958879773,0.04899490292652198,0.002402995977378128,0.27595190380761525,0.5871559633027523,0.4921837991473235,0.5032930530897428,0.6080160320641282,0.061580490449165234,0.24145237958879773,0.16479583070843595,0.09371820946295989,3,2,0.044225134858579346,1.0,17323.66155751546,epoch_56_original,13,A10_drop_front_triplet,6,R4_ema_K3,"['CAM_FRONT', 'CAM_FRONT_LEFT', 'CAM_FRONT_RIGHT']",ema,"[1, 2, 3]",,False,False,False
0.2577315319542387,0.09997230842745836,0.4793856103476152,0.06056673514012782,1.5406015666378614,0.6016260162601627,0.0,0.2453555413196669,0.4320407363885625,0.48290457178879115,55266,0.14032838067627462,0.0,0.7546444586803331,0.39837398373983735,0.0,0.2453555413196669,0.1070466004473894,0.043911726752340036,0.005032054518338033,0.25573152166503826,0.3137457140467761,0.02807125135896077,0.005032054518338033,0.2453555413196669,0.6016260162601627,0.4320407363885625,0.0,0.0,0.06056673514012782,0.3137457140467761,0.14032838067627462,0.1070466004473894,3,1,0.046020741376912956,1.0,18586.603675842285,epoch_56_original,13,A10_drop_front_triplet,0,R8_camera_group_repair_front_triplet,"['CAM_FRONT', 'CAM_FRONT_LEFT', 'CAM_FRONT_RIGHT']",replace,[1],,False,False,False
0.22206212822207536,0.09516481322243812,0.5281312322687565,0.0662625186342135,1.5968090783966742,0.6040268456375839,0.3598703534893143,0.4592195612125272,0.4515631030490158,0.5341411693426235,56848,0.14356338305103788,0.0,0.5407804387874728,0.3959731543624161,0.3598703534893143,0.4592195612125272,0.06837418495966402,0.03165427801657886,0.008520861219161513,0.2430139502339616,0.31218224207185186,0.0387067778994972,0.008520861219161513,0.4592195612125272,0.6040268456375839,0.4515631030490158,0.0,0.0,0.0662625186342135,0.31218224207185186,0.14356338305103788,0.06837418495966402,3,1,0.046020741376912956,1.0,18586.603675842285,epoch_56_original,13,A10_drop_front_triplet,2,R8_camera_group_repair_front_triplet,"['CAM_FRONT', 'CAM_FRONT_LEFT', 'CAM_FRONT_RIGHT']",replace,[1],,False,False,False
0.2301625623692258,0.08046664907087589,0.5110832526069862,0.06523040095751047,1.613140349877486,0.48091603053435117,0.380123339658444,0.45467497773820126,0.4332784184514003,0.5168656259565351,56618,0.15582084449256367,0.0,0.5453250222617987,0.5190839694656488,0.380123339658444,0.45467497773820126,0.0898188119314833,0.03248752799736124,0.005235558817791967,0.22258691427337507,0.29369194825916,0.0521112314091971,0.005235558817791967,0.45467497773820126,0.48091603053435117,0.4332784184514003,0.5110832526069862,0.0,0.06523040095751047,0.29369194825916,0.15582084449256367,0.0898188119314833,3,1,0.046020741376912956,1.0,18586.603675842285,epoch_56_original,13,A10_drop_front_triplet,4,R8_camera_group_repair_front_triplet,"['CAM_FRONT', 'CAM_FRONT_LEFT', 'CAM_FRONT_RIGHT']",replace,[1],,False,False,False
0.23931623931623933,0.06593360753204204,0.4980814386346716,0.06333067802828726,1.5992211213561651,0.4954128440366973,0.3720359412667105,0.29819639278557114,0.48128848886783515,0.49916186644722804,55848,0.16725846171467842,0.5865731462925852,0.7018036072144289,0.5045871559633027,0.3720359412667105,0.29819639278557114,0.09272855958091153,0.028527142078471457,0.004153183556500156,0.2094856524093124,0.276988717713762,0.05145753393276445,0.004153183556500156,0.29819639278557114,0.4954128440366973,0.48128848886783515,0.4980814386346716,0.5865731462925852,0.06333067802828726,0.276988717713762,0.16725846171467842,0.09272855958091153,3,1,0.046020741376912956,1.0,18586.603675842285,epoch_56_original,13,A10_drop_front_triplet,6,R8_camera_group_repair_front_triplet,"['CAM_FRONT', 'CAM_FRONT_LEFT', 'CAM_FRONT_RIGHT']",replace,[1],,False,False,False
0.1709132288696471,0.09154905263327119,0.635742759178212,0.06717296197653805,1.4954980068575252,0.7886178861788617,0.0,0.43065342729019856,0.4226400313356835,0.6520877735418605,53648,0.11627129038552672,0.0,0.5693465727098015,0.21138211382113825,0.0,0.43065342729019856,0.0,0.0,0.0,0.0,0.0,0.0,0.0,0.43065342729019856,0.7886178861788617,0.4226400313356835,0.0,0.0,0.06717296197653805,0.0,0.11627129038552672,0.0,0,0,0.0,0.0,0.0,epoch_56_original,13,C4_motion_blur_9,0,R0_degraded_native,[],native,[],,False,False,False
0.18322733980176817,0.0926677681988804,0.6058818572512008,0.06779627365366256,1.5450970478357349,0.9328859060402684,0.2983389040818394,0.43778261597722323,0.46622925511385566,0.6168433807936988,55007,0.12715934945647595,0.0,0.5622173840227768,0.06711409395973156,0.2983389040818394,0.43778261597722323,0.0,0.0,0.0,0.0,0.0,0.0,0.0,0.43778261597722323,0.9328859060402684,0.46622925511385566,0.0,0.0,0.06779627365366256,0.0,0.12715934945647595,0.0,0,0,0.0,0.0,0.0,epoch_56_original,13,C4_motion_blur_9,2,R0_degraded_native,[],native,[],,False,False,False
0.19060017710577445,0.08521885406874359,0.5891218872870249,0.06705714314054177,1.566584990597755,0.8778625954198473,0.3195920303605313,0.4596616206589492,0.46540362438220756,0.5983164983164984,54984,0.13408171405778108,0.0,0.5403383793410508,0.12213740458015265,0.3195920303605313,0.4596616206589492,0.0,0.0,0.0,0.0,0.0,0.0,0.0,0.4596616206589492,0.8778625954198473,0.46540362438220756,0.5891218872870249,0.0,0.06705714314054177,0.0,0.13408171405778108,0.0,0,0,0.0,0.0,0.0,epoch_56_original,13,C4_motion_blur_9,4,R0_degraded_native,[],native,[],,False,False,False
0.18843014252342583,0.07093107078131052,0.5888551629345399,0.0682159985985278,1.5930931790848175,0.7889908256880734,0.30861275476660094,0.398997995991984,0.46660350544765516,0.5967206119898815,55634,0.1416299181032014,0.0,0.601002004008016,0.21100917431192656,0.30861275476660094,0.398997995991984,0.0,0.0,0.0,0.0,0.0,0.0,0.0,0.398997995991984,0.7889908256880734,0.46660350544765516,0.5888551629345399,0.0,0.0682159985985278,0.0,0.1416299181032014,0.0,0,0,0.0,0.0,0.0,epoch_56_original,13,C4_motion_blur_9,6,R0_degraded_native,[],native,[],,False,False,False
0.20292470530944298,0.08615393857461391,0.6050511526775012,0.05619017193404698,1.3412315669166226,0.8292682926829268,0.0,0.35666239590006404,0.4594594594594595,0.6161558550715936,48114,0.12388147074401361,0.0,0.6433376040999359,0.1707317073170732,0.0,0.35666239590006404,0.03201147643979588,-0.00539511405865728,-0.010982790042491065,-0.1031538920369818,-0.1542664399409026,0.007610180358486887,-0.010982790042491065,0.35666239590006404,0.8292682926829268,0.4594594594594595,0.0,0.0,0.05619017193404698,-0.1542664399409026,0.12388147074401361,0.03201147643979588,6,1,0.03878798606720837,1.0,983.2213083902994,epoch_56_original,13,C4_motion_blur_9,0,R5_blend_alpha03,"['CAM_FRONT', 'CAM_FRONT_RIGHT', 'CAM_FRONT_LEFT', 'CAM_BACK', 'CAM_BACK_LEFT', 'CAM_BACK_RIGHT']",blend,"[1, 2]",0.3,False,False,False
0.2223234432593797,0.0898059754728046,0.554422628577849,0.05914966768641245,1.449762647116654,0.8523489932885906,0.31677301731996355,0.3878747278512812,0.5368583558471632,0.5558012723417146,51613,0.1390129490744642,0.0,0.6121252721487188,0.1476510067114094,0.31677301731996355,0.3878747278512812,0.039096103457611525,-0.0028617927260757986,-0.008646605967250108,-0.06170123802425146,-0.09533440071908084,0.011853599617988264,-0.008646605967250108,0.3878747278512812,0.8523489932885906,0.5368583558471632,0.0,0.0,0.05914966768641245,-0.09533440071908084,0.1390129490744642,0.039096103457611525,6,1,0.03878798606720837,1.0,983.2213083902994,epoch_56_original,13,C4_motion_blur_9,2,R5_blend_alpha03,"['CAM_FRONT', 'CAM_FRONT_RIGHT', 'CAM_FRONT_LEFT', 'CAM_BACK', 'CAM_BACK_LEFT', 'CAM_BACK_RIGHT']",blend,"[1, 2]",0.3,False,False,False
0.22813747197111792,0.08068594650889306,0.5390905464698843,0.05920132517333386,1.4812240013675992,0.8854961832061069,0.34535104364326374,0.3816562778272484,0.5593080724876441,0.5375880012243649,51988,0.1467320075217961,0.0,0.6183437221727516,0.1145038167938931,0.34535104364326374,0.3816562778272484,0.03753729486534346,-0.00453290755985053,-0.007855817967207912,-0.054488578495562344,-0.08536098923015567,0.012650293464015028,-0.007855817967207912,0.3816562778272484,0.8854961832061069,0.5593080724876441,0.5390905464698843,0.0,0.05920132517333386,-0.08536098923015567,0.1467320075217961,0.03753729486534346,6,1,0.03878798606720837,1.0,983.2213083902994,epoch_56_original,13,C4_motion_blur_9,4,R5_blend_alpha03,"['CAM_FRONT', 'CAM_FRONT_RIGHT', 'CAM_FRONT_LEFT', 'CAM_BACK', 'CAM_BACK_LEFT', 'CAM_BACK_RIGHT']",blend,"[1, 2]",0.3,False,False,False
0.2301471846654116,0.07238594253916507,0.5379130633984308,0.058164401944873226,1.4698757230399175,0.7247706422018348,0.34744685513916285,0.29078156312625253,0.5409758408337281,0.5377160098747371,51331,0.14787240135158353,0.0,0.7092184368737475,0.27522935779816515,0.34744685513916285,0.29078156312625253,0.041717042141985766,0.0014548717578545534,-0.010051596653654571,-0.07734478915770931,-0.12321745604489998,0.0062424832483821135,-0.010051596653654571,0.29078156312625253,0.7247706422018348,0.5409758408337281,0.5379130633984308,0.0,0.058164401944873226,-0.12321745604489998,0.14787240135158353,0.041717042141985766,6,1,0.03878798606720837,1.0,983.2213083902994,epoch_56_original,13,C4_motion_blur_9,6,R5_blend_alpha03,"['CAM_FRONT', 'CAM_FRONT_RIGHT', 'CAM_FRONT_LEFT', 'CAM_BACK', 'CAM_BACK_LEFT', 'CAM_BACK_RIGHT']",blend,"[1, 2]",0.3,False,False,False
0.19444171382830822,0.09275378843626042,0.6140272628439216,0.05849101265131338,1.3710032615058678,0.8211382113821138,0.0,0.3637091607943626,0.4112808460634548,0.6294839852309909,49182,0.1166615560449363,0.0,0.6362908392056374,0.17886178861788615,0.0,0.3637091607943626,0.02352848495866111,0.0012047358029892291,-0.008681949325224668,-0.08324634655532359,-0.12449474535165739,0.00039026565940958324,-0.008681949325224668,0.3637091607943626,0.8211382113821138,0.4112808460634548,0.0,0.0,0.05849101265131338,-0.12449474535165739,0.1166615560449363,0.02352848495866111,6,1,0.03878798606720837,1.0,1259.298807779948,epoch_56_original,13,C4_motion_blur_9,0,R6_blend_alpha05,"['CAM_FRONT', 'CAM_FRONT_RIGHT', 'CAM_FRONT_LEFT', 'CAM_BACK', 'CAM_BACK_LEFT', 'CAM_BACK_RIGHT']",blend,"[1, 2]",0.5,False,False,False
0.21075034782968055,0.08979866275565888,0.5702648801999943,0.06120460159596558,1.4688070559815736,0.8859060402684564,0.3113035551504102,0.3974208675263775,0.5245079120030877,0.5738564071493487,52291,0.13412544591444062,0.0,0.6025791324736225,0.11409395973154357,0.3113035551504102,0.3974208675263775,0.027523008027912382,-0.002869105443221512,-0.006591672057696979,-0.049375534022942535,-0.0762899918541613,0.006966096457964671,-0.006591672057696979,0.3974208675263775,0.8859060402684564,0.5245079120030877,0.0,0.0,0.06120460159596558,-0.0762899918541613,0.13412544591444062,0.027523008027912382,6,1,0.03878798606720837,1.0,1259.298807779948,epoch_56_original,13,C4_motion_blur_9,2,R6_blend_alpha05,"['CAM_FRONT', 'CAM_FRONT_RIGHT', 'CAM_FRONT_LEFT', 'CAM_BACK', 'CAM_BACK_LEFT', 'CAM_BACK_RIGHT']",blend,"[1, 2]",0.5,False,False,False
0.22111035337016882,0.08328728447593951,0.5473531255342184,0.06075860221986371,1.499800558436378,0.8625954198473282,0.34606261859582543,0.40195903829029384,0.5403624382207578,0.5478726660544843,52640,0.14334150094022452,0.0,0.5980409617097062,0.13740458015267176,0.34606261859582543,0.40195903829029384,0.030510176264394367,-0.0019315695928040777,-0.00629854092067806,-0.04263058344245599,-0.06678443216137686,0.009259786882443444,-0.00629854092067806,0.40195903829029384,0.8625954198473282,0.5403624382207578,0.5473531255342184,0.0,0.06075860221986371,-0.06678443216137686,0.14334150094022452,0.030510176264394367,6,1,0.03878798606720837,1.0,1259.298807779948,epoch_56_original,13,C4_motion_blur_9,4,R6_blend_alpha05,"['CAM_FRONT', 'CAM_FRONT_RIGHT', 'CAM_FRONT_LEFT', 'CAM_BACK', 'CAM_BACK_LEFT', 'CAM_BACK_RIGHT']",blend,"[1, 2]",0.5,False,False,False
0.21842898615453327,0.06964190664453192,0.5518584273523853,0.06069630692241331,1.4997995532901895,0.7155963302752294,0.34074074074074073,0.3130260521042084,0.5291331122690668,0.5533205327481637,52376,0.14658381535994502,0.0,0.6869739478957916,0.2844036697247706,0.34074074074074073,0.3130260521042084,0.02999884363110744,-0.0012891641367785978,-0.007519691676114486,-0.05856131142826329,-0.09329362579462797,0.004953897256743611,-0.007519691676114486,0.3130260521042084,0.7155963302752294,0.5291331122690668,0.5518584273523853,0.0,0.06069630692241331,-0.09329362579462797,0.14658381535994502,0.02999884363110744,6,1,0.03878798606720837,1.0,1259.298807779948,epoch_56_original,13,C4_motion_blur_9,6,R6_blend_alpha05,"['CAM_FRONT', 'CAM_FRONT_RIGHT', 'CAM_FRONT_LEFT', 'CAM_BACK', 'CAM_BACK_LEFT', 'CAM_BACK_RIGHT']",blend,"[1, 2]",0.5,False,False,False
0.1861977746263772,0.09495852926784248,0.6193516014830095,0.062011795533058446,1.4249714269785074,0.8130081300813008,0.0,0.376040999359385,0.3971797884841363,0.6362981418665385,51118,0.11908677835698157,0.0,0.623959000640615,0.1869918699186992,0.0,0.376040999359385,0.015284545756730106,0.003409476634571293,-0.005161166443479602,-0.04715926036385327,-0.07052657987901778,0.0028154879714548525,-0.005161166443479602,0.376040999359385,0.8130081300813008,0.3971797884841363,0.0,0.0,0.062011795533058446,-0.07052657987901778,0.11908677835698157,0.015284545756730106,6,1,0.03878798606720837,1.0,1291.9405059814453,epoch_56_original,13,C4_motion_blur_9,0,R7_blend_alpha07,"['CAM_FRONT', 'CAM_FRONT_RIGHT', 'CAM_FRONT_LEFT', 'CAM_BACK', 'CAM_BACK_LEFT', 'CAM_BACK_RIGHT']",blend,"[1, 2]",0.7,False,False,False
0.20103183762134275,0.09117133473059642,0.5840847167214404,0.06296171899688782,1.4848178421954439,0.912751677852349,0.3103919781221513,0.3957461061798694,0.47703589347742187,0.5924871251136019,52861,0.13440633690064885,0.0,0.6042538938201306,0.08724832214765099,0.3103919781221513,0.3957461061798694,0.017804497819574577,-0.0014964334682839725,-0.004834554656774737,-0.039013216499718215,-0.06027920564029099,0.007246987444172903,-0.004834554656774737,0.3957461061798694,0.912751677852349,0.47703589347742187,0.0,0.0,0.06296171899688782,-0.06027920564029099,0.13440633690064885,0.017804497819574577,6,1,0.03878798606720837,1.0,1291.9405059814453,epoch_56_original,13,C4_motion_blur_9,2,R7_blend_alpha07,"['CAM_FRONT', 'CAM_FRONT_RIGHT', 'CAM_FRONT_LEFT', 'CAM_BACK', 'CAM_BACK_LEFT', 'CAM_BACK_RIGHT']",blend,"[1, 2]",0.7,False,False,False
0.21020888699172438,0.08526943238612798,0.5650464413926719,0.062034842007465674,1.504102797880221,0.8702290076335878,0.33111954459203036,0.3996438112199466,0.48887973640856675,0.5707070707070707,52791,0.13938116131973333,0.0,0.6003561887800535,0.1297709923664122,0.33111954459203036,0.3996438112199466,0.019608709885949926,5.057831738439211e-05,-0.005022301133076099,-0.03988432998690528,-0.06248219271753386,0.00529944726195225,-0.005022301133076099,0.3996438112199466,0.8702290076335878,0.48887973640856675,0.5650464413926719,0.0,0.062034842007465674,-0.06248219271753386,0.13938116131973333,0.019608709885949926,6,1,0.03878798606720837,1.0,1291.9405059814453,epoch_56_original,13,C4_motion_blur_9,4,R7_blend_alpha07,"['CAM_FRONT', 'CAM_FRONT_RIGHT', 'CAM_FRONT_LEFT', 'CAM_BACK', 'CAM_BACK_LEFT', 'CAM_BACK_RIGHT']",blend,"[1, 2]",0.7,False,False,False
0.20818183056202422,0.07034503410604358,0.5622530210182692,0.06364303445175663,1.5404616001374491,0.7064220183486238,0.3324128862590401,0.3196392785571142,0.4680246328754145,0.568315503946847,53796,0.14867418819082526,0.0,0.6803607214428857,0.29357798165137616,0.3324128862590401,0.3196392785571142,0.01975168803859839,-0.0005860366752669377,-0.0045729641467711635,-0.03303735126002085,-0.05263157894736836,0.007044270087623844,-0.0045729641467711635,0.3196392785571142,0.7064220183486238,0.4680246328754145,0.5622530210182692,0.0,0.06364303445175663,-0.05263157894736836,0.14867418819082526,0.01975168803859839,6,1,0.03878798606720837,1.0,1291.9405059814453,epoch_56_original,13,C4_motion_blur_9,6,R7_blend_alpha07,"['CAM_FRONT', 'CAM_FRONT_RIGHT', 'CAM_FRONT_LEFT', 'CAM_BACK', 'CAM_BACK_LEFT', 'CAM_BACK_RIGHT']",blend,"[1, 2]",0.7,False,False,False
0.23376727611281442,0.11008914401790398,0.594040085858445,0.04373914756334347,1.1425584701586151,0.959349593495935,0.0,0.21764894298526585,0.7124951037994516,0.5848767748326479,40987,0.10280712513589607,0.0,0.7823510570147342,0.04065040650406504,0.0,0.21764894298526585,0.0,0.0,0.0,0.0,0.0,0.0,0.0,0.21764894298526585,0.959349593495935,0.7124951037994516,0.0,0.0,0.04373914756334347,0.0,0.10280712513589607,0.0,0,0,0.0,0.0,0.0,epoch_56_original,13,A7_drop_all_rear,0,R0_degraded_native,[],native,[],,False,False,False
0.2479128800714704,0.11647219480713,0.5479059576978175,0.04851265471981257,1.2756945029634,0.8993288590604027,0.3184442418717715,0.23664377826159771,0.6785025086839058,0.5376552559830354,45416,0.12227184629645235,0.0,0.7633562217384022,0.10067114093959728,0.3184442418717715,0.23664377826159771,0.0,0.0,0.0,0.0,0.0,0.0,0.0,0.23664377826159771,0.8993288590604027,0.6785025086839058,0.0,0.0,0.04851265471981257,0.0,0.12227184629645235,0.0,0,0,0.0,0.0,0.0,epoch_56_original,13,A7_drop_all_rear,2,R0_degraded_native,[],native,[],,False,False,False
0.256100363034787,0.10620667947329916,0.5236480711151632,0.04990064506316726,1.3363724428742378,0.8244274809160306,0.3380929791271347,0.26090828138913624,0.6849258649093904,0.511662075298439,46904,0.13183087355404866,0.0,0.7390917186108638,0.17557251908396942,0.3380929791271347,0.26090828138913624,0.0,0.0,0.0,0.0,0.0,0.0,0.0,0.26090828138913624,0.8244274809160306,0.6849258649093904,0.5236480711151632,0.0,0.04990064506316726,0.0,0.13183087355404866,0.0,0,0,0.0,0.0,0.0,epoch_56_original,13,A7_drop_all_rear,4,R0_degraded_native,[],native,[],,False,False,False
0.22211685753884308,0.09400511989322702,0.5640284061623045,0.05556804246725216,1.3987744115457306,0.7614678899082569,0.3219811527503835,0.3246492985971944,0.6527711984841308,0.5583188564810582,48848,0.11749040719317336,0.0,0.6753507014028056,0.23853211009174313,0.3219811527503835,0.3246492985971944,0.0,0.0,0.0,0.0,0.0,0.0,0.0,0.3246492985971944,0.7614678899082569,0.6527711984841308,0.5640284061623045,0.0,0.05556804246725216,0.0,0.11749040719317336,0.0,0,0,0.0,0.0,0.0,epoch_56_original,13,A7_drop_all_rear,6,R0_degraded_native,[],native,[],,False,False,False
0.30399042794542686,0.134143195490359,0.4492863778397095,0.04769577667967516,1.362328632153816,0.6102941176470589,0.0,0.22912683237731038,0.3684618364974816,0.45561896666869045,48394,0.13855811727613096,0.0,0.7708731676226896,0.3897058823529411,0.0,0.22912683237731038,0.0,0.0,0.0,0.0,0.0,0.0,0.0,0.22912683237731038,0.6102941176470589,0.3684618364974816,0.0,0.0,0.04769577667967516,0.0,0.13855811727613096,0.0,0,0,0.0,0.0,0.0,epoch_56_original,14,A0_clean,0,R0_degraded_native,[],native,[],,False,False,False
0.2788796569284374,0.10895125764938333,0.4679412516689867,0.05283904239259655,1.4399022755035369,0.5671641791044776,0.36972854400877436,0.36091672498250527,0.31019261637239165,0.4799596441346418,50686,0.15226840146586745,0.0,0.6390832750174947,0.4328358208955224,0.36972854400877436,0.36091672498250527,0.0,0.0,0.0,0.0,0.0,0.0,0.0,0.36091672498250527,0.5671641791044776,0.31019261637239165,0.0,0.0,0.05283904239259655,0.0,0.15226840146586745,0.0,0,0,0.0,0.0,0.0,epoch_56_original,14,A0_clean,2,R0_degraded_native,[],native,[],,False,False,False
0.25125142032368025,0.08803586574511137,0.5245249026558959,0.050714514536333404,1.3679025977799733,0.8222222222222222,0.3629007158418923,0.36274337835467463,0.37494089834515365,0.5343199479860058,47075,0.1413087696867554,0.0,0.6372566216453254,0.1777777777777778,0.3629007158418923,0.36274337835467463,0.0,0.0,0.0,0.0,0.0,0.0,0.0,0.36274337835467463,0.8222222222222222,0.37494089834515365,0.5245249026558959,0.0,0.050714514536333404,0.0,0.1413087696867554,0.0,0,0,0.0,0.0,0.0,epoch_56_original,14,A0_clean,4,R0_degraded_native,[],native,[],,False,False,False
0.25655782010110967,0.08275914047673139,0.5204872975783688,0.04823491576577691,1.348536621601545,0.6354166666666666,0.3316079559070213,0.3140931114388035,0.4775510204081633,0.5231424514907714,45385,0.14060317931956617,0.0,0.6859068885611965,0.36458333333333337,0.3316079559070213,0.3140931114388035,0.0,0.0,0.0,0.0,0.0,0.0,0.0,0.3140931114388035,0.6354166666666666,0.4775510204081633,0.5204872975783688,0.0,0.04823491576577691,0.0,0.14060317931956617,0.0,0,0,0.0,0.0,0.0,epoch_56_original,14,A0_clean,6,R0_degraded_native,[],native,[],,False,False,False
0.2231433960608852,0.06204486825707833,0.5703910142724432,0.05437427726778686,1.3548686766320412,0.8823529411764706,0.0,0.5369662205226259,0.5610228593568385,0.571125007589096,48129,0.14404751850913491,0.0,0.4630337794773741,0.11764705882352944,0.0,0.5369662205226259,0.0,0.0,0.0,0.0,0.0,0.0,0.0,0.5369662205226259,0.8823529411764706,0.5610228593568385,0.0,0.0,0.05437427726778686,0.0,0.14404751850913491,0.0,0,0,0.0,0.0,0.0,epoch_56_original,14,A1_drop_cam_front,0,R0_degraded_native,[],native,[],,False,False,False
0.21846400404875374,0.061333395833667835,0.5585352688844067,0.05941147389463276,1.4622311866140167,0.8059701492537313,0.3221277762544557,0.6030440867739678,0.5975120385232745,0.555565746430646,51472,0.1454504133405301,0.0,0.3969559132260322,0.19402985074626866,0.3221277762544557,0.6030440867739678,0.0,0.0,0.0,0.0,0.0,0.0,0.0,0.6030440867739678,0.8059701492537313,0.5975120385232745,0.0,0.0,0.05941147389463276,0.0,0.1454504133405301,0.0,0,0,0.0,0.0,0.0,epoch_56_original,14,A1_drop_cam_front,2,R0_degraded_native,[],native,[],,False,False,False
0.16320434670955708,0.04194225339580785,0.6491253559597838,0.06534662294042465,1.5007845644214564,0.9222222222222223,0.2728202392067938,0.6770741975092089,0.633096926713948,0.6501749280163472,51648,0.12070668913814145,0.0,0.32292580249079106,0.07777777777777772,0.2728202392067938,0.6770741975092089,0.0,0.0,0.0,0.0,0.0,0.0,0.0,0.6770741975092089,0.9222222222222223,0.633096926713948,0.6491253559597838,0.0,0.06534662294042465,0.0,0.12070668913814145,0.0,0,0,0.0,0.0,0.0,epoch_56_original,14,A1_drop_cam_front,4,R0_degraded_native,[],native,[],,False,False,False
0.19924386168616012,0.05107577391700005,0.5819046204130144,0.06096694126281243,1.5165057198038925,0.8333333333333334,0.32801341960220465,0.6460922688013482,0.6974489795918367,0.5747594257769364,51038,0.13611647600653692,0.0,0.3539077311986518,0.16666666666666663,0.32801341960220465,0.6460922688013482,0.0,0.0,0.0,0.0,0.0,0.0,0.0,0.6460922688013482,0.8333333333333334,0.6974489795918367,0.5819046204130144,0.0,0.06096694126281243,0.0,0.13611647600653692,0.0,0,0,0.0,0.0,0.0,epoch_56_original,14,A1_drop_cam_front,6,R0_degraded_native,[],native,[],,False,False,False
0.2793216662269516,0.10722564819143825,0.4635306702699659,0.05410131402849074,1.4570841426681305,0.625,0.0,0.2695984703632887,0.5098798915149167,0.45989921680529416,51760,0.1477634208822453,0.0,0.7304015296367112,0.375,0.0,0.2695984703632887,0.056178270166066385,0.04518077993435992,-0.0002729632392961187,0.07544308005568369,0.10221546603608922,0.003715902373110397,-0.0002729632392961187,0.2695984703632887,0.625,0.5098798915149167,0.0,0.0,0.05410131402849074,0.10221546603608922,0.1477634208822453,0.056178270166066385,1,1,0.04649983515793627,1.0,18387.817848205566,epoch_56_original,14,A1_drop_cam_front,0,R1_replace_tminus1,['CAM_FRONT'],replace,[1],,False,False,False
0.2803171185279436,0.09276620372838419,0.43047072526348684,0.060049702463132376,1.6012613278031873,0.5149253731343284,0.38283520701946805,0.24685094471658503,0.4301765650080257,0.4304931364456266,56366,0.17155762620380102,0.0,0.753149055283415,0.4850746268656716,0.38283520701946805,0.24685094471658503,0.06185311447918987,0.03143280789471636,0.0006382285684996131,0.09508082064034815,0.13903014118917056,0.026107212863270918,0.0006382285684996131,0.24685094471658503,0.5149253731343284,0.4301765650080257,0.0,0.0,0.060049702463132376,0.13903014118917056,0.17155762620380102,0.06185311447918987,1,1,0.04649983515793627,1.0,18387.817848205566,epoch_56_original,14,A1_drop_cam_front,2,R1_replace_tminus1,['CAM_FRONT'],replace,[1],,False,False,False
0.20019832375674096,0.05988528017135725,0.571744057650956,0.06473564448319478,1.5674144243621781,0.7777777777777778,0.31559290382819793,0.49745658656376074,0.49267139479905436,0.5769218861265054,53941,0.14404021619108504,0.0,0.5025434134362392,0.2222222222222222,0.31559290382819793,0.49745658656376074,0.03699397704718388,0.017943026775549396,-0.0006109784572298632,0.04439668525402726,0.06662985994072179,0.023333527052943587,-0.0006109784572298632,0.49745658656376074,0.7777777777777778,0.49267139479905436,0.571744057650956,0.0,0.06473564448319478,0.06662985994072179,0.14404021619108504,0.03699397704718388,1,1,0.04649983515793627,1.0,18387.817848205566,epoch_56_original,14,A1_drop_cam_front,4,R1_replace_tminus1,['CAM_FRONT'],replace,[1],,False,False,False
0.25531821442689195,0.06911739329493514,0.48183033724558016,0.05714238593539982,1.5476749368593077,0.4791666666666667,0.371483345315121,0.29049926269222665,0.6061224489795919,0.4741441867802493,52087,0.1588471252414203,0.0,0.7095007373077733,0.5208333333333333,0.371483345315121,0.29049926269222665,0.05607435274073183,0.018041619377935095,-0.0038245553274126112,0.02055331321760257,0.0311692170554152,0.022730649234883382,-0.0038245553274126112,0.29049926269222665,0.4791666666666667,0.6061224489795919,0.48183033724558016,0.0,0.05714238593539982,0.0311692170554152,0.1588471252414203,0.05607435274073183,1,1,0.04649983515793627,1.0,18387.817848205566,epoch_56_original,14,A1_drop_cam_front,6,R1_replace_tminus1,['CAM_FRONT'],replace,[1],,False,False,False
0.2755437311002559,0.09965970116189356,0.46645835092756804,0.055024426074110344,1.4698645947695859,0.6323529411764706,0.0,0.302899936265137,0.4843084075939558,0.46505980207637665,52214,0.15057849843763196,0.0,0.697100063734863,0.36764705882352944,0.0,0.302899936265137,0.052400335039370666,0.03761483290481523,0.0006501488063234834,0.08487606224937148,0.11499591813754462,0.006530979928497049,0.0006501488063234834,0.302899936265137,0.6323529411764706,0.4843084075939558,0.0,0.0,0.055024426074110344,0.11499591813754462,0.15057849843763196,0.052400335039370666,1,2,0.04642707312648947,1.0,18421.52744293213,epoch_56_original,14,A1_drop_cam_front,0,R2_replace_tminus2,['CAM_FRONT'],replace,[2],,False,False,False
0.26443377608576984,0.08001056777009986,0.4632822931166728,0.059930654647246444,1.5664043635124003,0.4253731343283582,0.363476830271456,0.3446466060181945,0.4691011235955056,0.4628389739826959,55139,0.16434192210448567,0.0,0.6553533939818055,0.5746268656716418,0.363476830271456,0.3446466060181945,0.045969772037016104,0.01867717193643203,0.0005191807526136807,0.07124261734535281,0.10417317689838357,0.018891508763955567,0.0005191807526136807,0.3446466060181945,0.4253731343283582,0.4691011235955056,0.0,0.0,0.059930654647246444,0.10417317689838357,0.16434192210448567,0.045969772037016104,1,2,0.04642707312648947,1.0,18421.52744293213,epoch_56_original,14,A1_drop_cam_front,2,R2_replace_tminus2,['CAM_FRONT'],replace,[2],,False,False,False
0.19583806895058722,0.05158441208134359,0.5794153542163073,0.06521617078334044,1.5681989887836345,0.7555555555555555,0.30461073318216175,0.5253464304507981,0.48983451536643025,0.5852812780581442,53968,0.1526123089440344,0.0,0.4746535695492019,0.24444444444444446,0.30461073318216175,0.5253464304507981,0.032633722241030144,0.009642158685535737,-0.00013045215708420987,0.04491945477075589,0.06741442436217815,0.03190561980589296,-0.00013045215708420987,0.5253464304507981,0.7555555555555555,0.48983451536643025,0.5794153542163073,0.0,0.06521617078334044,0.06741442436217815,0.1526123089440344,0.032633722241030144,1,2,0.04642707312648947,1.0,18421.52744293213,epoch_56_original,14,A1_drop_cam_front,4,R2_replace_tminus2,['CAM_FRONT'],replace,[2],,False,False,False
0.2518187878612214,0.06352134650431239,0.48370227306492347,0.05829519497975575,1.5665725746545833,0.53125,0.369326623532231,0.3018748683378976,0.5923469387755103,0.4769837513803439,52723,0.16669142772247808,0.0,0.6981251316621024,0.46875,0.369326623532231,0.3018748683378976,0.05257492617506129,0.01244557258731234,-0.002671746283056678,0.03301461656021004,0.050066854850690845,0.030574951715941157,-0.002671746283056678,0.3018748683378976,0.53125,0.5923469387755103,0.48370227306492347,0.0,0.05829519497975575,0.050066854850690845,0.16669142772247808,0.05257492617506129,1,2,0.04642707312648947,1.0,18421.52744293213,epoch_56_original,14,A1_drop_cam_front,6,R2_replace_tminus2,['CAM_FRONT'],replace,[2],,False,False,False
0.27630525595679956,0.1047730902814132,0.46561382766095205,0.05489042593845589,1.4684289052163386,0.6176470588235294,0.0,0.28123008285532186,0.4812088337853545,0.46439196162953067,52163,0.14931171353770797,0.0,0.7187699171446782,0.38235294117647056,0.0,0.28123008285532186,0.05316185989591435,0.04272822202433487,0.0005161486706690283,0.083816410064618,0.11356022858429737,0.00526419502857306,0.0005161486706690283,0.28123008285532186,0.6176470588235294,0.4812088337853545,0.0,0.0,0.05489042593845589,0.11356022858429737,0.14931171353770797,0.05316185989591435,1,1,0.04551567272706465,1.0,17641.33408355713,epoch_56_original,14,A1_drop_cam_front,0,R3_ema_K2,['CAM_FRONT'],ema,"[1, 2]",,False,False,False
0.2753223354540848,0.0888954954521367,0.4443339677850061,0.059264317566662644,1.5739041504502713,0.5074626865671642,0.37219632574718947,0.2867389783065081,0.46508828250401285,0.44275275917943074,55403,0.1673816084770319,0.0,0.7132610216934919,0.4925373134328358,0.37219632574718947,0.2867389783065081,0.05685833140533106,0.02756209961846886,-0.0001471563279701188,0.07637161952129314,0.11167296383625458,0.021931195136501797,-0.0001471563279701188,0.2867389783065081,0.5074626865671642,0.46508828250401285,0.0,0.0,0.059264317566662644,0.11167296383625458,0.1673816084770319,0.05685833140533106,1,1,0.04551567272706465,1.0,17641.33408355713,epoch_56_original,14,A1_drop_cam_front,2,R3_ema_K2,['CAM_FRONT'],ema,"[1, 2]",,False,False,False
0.1971147309167052,0.056157864544044506,0.5787470215609927,0.06461840267113177,1.5583483466031267,0.6777777777777778,0.306166911208928,0.5183301175232415,0.49598108747044917,0.584166692467259,53629,0.1433137676526995,0.0,0.48166988247675846,0.3222222222222222,0.306166911208928,0.5183301175232415,0.03391038420714812,0.014215611148236655,-0.0007282202692928813,0.038355793060718714,0.05756378218167035,0.022607078514558038,-0.0007282202692928813,0.5183301175232415,0.6777777777777778,0.49598108747044917,0.5787470215609927,0.0,0.06461840267113177,0.05756378218167035,0.1433137676526995,0.03391038420714812,1,1,0.04551567272706465,1.0,17641.33408355713,epoch_56_original,14,A1_drop_cam_front,4,R3_ema_K2,['CAM_FRONT'],ema,"[1, 2]",,False,False,False
0.25224075459519724,0.06651597882456843,0.48908037438716384,0.056921389637912406,1.5364433219432476,0.3645833333333333,0.364150491253295,0.3117758584369075,0.5989795918367347,0.48228427196718726,51709,0.15447927499628583,0.0,0.6882241415630925,0.6354166666666667,0.364150491253295,0.3117758584369075,0.05299689290903711,0.01544020490756838,-0.004045551624900022,0.013147066891335867,0.019937602139355137,0.018362798989748907,-0.004045551624900022,0.3117758584369075,0.3645833333333333,0.5989795918367347,0.48908037438716384,0.0,0.056921389637912406,0.019937602139355137,0.15447927499628583,0.05299689290903711,1,1,0.04551567272706465,1.0,17641.33408355713,epoch_56_original,14,A1_drop_cam_front,6,R3_ema_K2,['CAM_FRONT'],ema,"[1, 2]",,False,False,False
0.2763897382137969,0.1044104009623183,0.46561382766095205,0.05485568516254547,1.4678377389297075,0.6470588235294118,0.0,0.2912683237731039,0.49709414955443626,0.46314734988768136,52142,0.15080370464206289,0.0,0.708731676226896,0.3529411764705882,0.0,0.2912683237731039,0.05324634215291171,0.04236553270523997,0.0004814078947586106,0.0833800826944254,0.11296906229766623,0.0067561861329279715,0.0004814078947586106,0.2912683237731039,0.6470588235294118,0.49709414955443626,0.0,0.0,0.05485568516254547,0.11296906229766623,0.15080370464206289,0.05324634215291171,1,2,0.04502715576778758,1.0,17291.137977600098,epoch_56_original,14,A1_drop_cam_front,0,R4_ema_K3,['CAM_FRONT'],ema,"[1, 2, 3]",,False,False,False
0.275668449197861,0.08690579518721771,0.4435101275531945,0.05929077263685952,1.575182523223772,0.47761194029850745,0.37323827803674253,0.28691392582225334,0.4606741573033708,0.44220245192454677,55448,0.17002357887560013,0.0,0.7130860741777467,0.5223880597014925,0.37323827803674253,0.28691392582225334,0.05720444514910725,0.025572399353549873,-0.00012070125777324109,0.07724588125582842,0.1129513366097552,0.024573165535070024,-0.00012070125777324109,0.28691392582225334,0.47761194029850745,0.4606741573033708,0.0,0.0,0.05929077263685952,0.1129513366097552,0.17002357887560013,0.05720444514910725,1,2,0.04502715576778758,1.0,17291.137977600098,epoch_56_original,14,A1_drop_cam_front,2,R4_ema_K3,['CAM_FRONT'],ema,"[1, 2, 3]",,False,False,False
0.1974582158473295,0.05657153635979343,0.5787760795025281,0.06439878068515455,1.55445458243738,0.7222222222222222,0.30541105331021295,0.5195579722855639,0.5035460992907801,0.5837022818043902,53495,0.1452025338525019,0.0,0.4804420277144361,0.2777777777777778,0.30541105331021295,0.5195579722855639,0.034253869137772425,0.01462928296398558,-0.000947842255270101,0.0357613073110285,0.05367001801592375,0.02449584471436045,-0.000947842255270101,0.5195579722855639,0.7222222222222222,0.5035460992907801,0.5787760795025281,0.0,0.06439878068515455,0.05367001801592375,0.1452025338525019,0.034253869137772425,1,2,0.04502715576778758,1.0,17291.137977600098,epoch_56_original,14,A1_drop_cam_front,4,R4_ema_K3,['CAM_FRONT'],ema,"[1, 2, 3]",,False,False,False
0.2541031652989449,0.06717065930335044,0.48477195067597684,0.05703848469105872,1.5428613876095676,0.40625,0.3670261202971483,0.3086159679797767,0.6035714285714285,0.4774254614292475,51925,0.15765859456247214,0.0,0.6913840320202234,0.59375,0.3670261202971483,0.3086159679797767,0.054859303612784766,0.016094885386350385,-0.003928456571753711,0.017379207649202554,0.02635566780567511,0.021542118555935214,-0.003928456571753711,0.3086159679797767,0.40625,0.6035714285714285,0.48477195067597684,0.0,0.05703848469105872,0.02635566780567511,0.15765859456247214,0.054859303612784766,1,2,0.04502715576778758,1.0,17291.137977600098,epoch_56_original,14,A1_drop_cam_front,6,R4_ema_K3,['CAM_FRONT'],ema,"[1, 2, 3]",,False,False,False
0.15876887166519535,0.04865622718986566,0.7012921205979225,0.05179684255976654,1.1801086619936378,0.9411764705882353,0.0,0.7469725940089229,0.5714839209608679,0.7114625705785926,41921,0.11654421079300735,0.0,0.2530274059910771,0.05882352941176472,0.0,0.7469725940089229,0.0,0.0,0.0,0.0,0.0,0.0,0.0,0.7469725940089229,0.9411764705882353,0.5714839209608679,0.0,0.0,0.05179684255976654,0.0,0.11654421079300735,0.0,0,0,0.0,0.0,0.0,epoch_56_original,14,A10_drop_front_triplet,0,R0_degraded_native,[],native,[],,False,False,False
0.16228190834720915,0.04638416885668109,0.6815999545467458,0.05599215607168662,1.2804181699383541,0.8283582089552238,0.20998080614203454,0.810706787963611,0.598314606741573,0.6879452138555138,45072,0.11363313542228914,0.0,0.18929321203638905,0.17164179104477617,0.20998080614203454,0.810706787963611,0.0,0.0,0.0,0.0,0.0,0.0,0.0,0.810706787963611,0.8283582089552238,0.598314606741573,0.0,0.0,0.05599215607168662,0.0,0.11363313542228914,0.0,0,0,0.0,0.0,0.0,epoch_56_original,14,A10_drop_front_triplet,2,R0_degraded_native,[],native,[],,False,False,False
0.11115340156192732,0.025717284853734004,0.7708781309932005,0.0603118301942251,1.2904341256465393,0.9888888888888889,0.1649104086078876,0.8431854060691106,0.6553191489361702,0.7784451531007152,44409,0.09798337885744174,0.0,0.15681459393088937,0.011111111111111072,0.1649104086078876,0.8431854060691106,0.0,0.0,0.0,0.0,0.0,0.0,0.0,0.8431854060691106,0.9888888888888889,0.6553191489361702,0.7708781309932005,0.0,0.0603118301942251,0.0,0.09798337885744174,0.0,0,0,0.0,0.0,0.0,epoch_56_original,14,A10_drop_front_triplet,4,R0_degraded_native,[],native,[],,False,False,False
0.15468801535186352,0.03614711574792492,0.6934185113653246,0.05450197494825553,1.2885158223146636,1.0,0.22554517133956387,0.7876553612808089,0.6714285714285714,0.6947783562076038,43365,0.11953647303521023,0.09437539498630713,0.21234463871919107,0.0,0.22554517133956387,0.7876553612808089,0.0,0.0,0.0,0.0,0.0,0.0,0.0,0.7876553612808089,1.0,0.6714285714285714,0.6934185113653246,0.09437539498630713,0.05450197494825553,0.0,0.11953647303521023,0.0,0,0,0.0,0.0,0.0,epoch_56_original,14,A10_drop_front_triplet,6,R0_degraded_native,[],native,[],,False,False,False
0.2534263888108746,0.10803585989285028,0.4919629535793711,0.059041121498419294,1.5127100751625708,0.6102941176470589,0.0,0.3173996175908222,0.5257652072839984,0.48931455285046443,53736,0.14275258283365708,0.0,0.6826003824091778,0.3897058823529411,0.0,0.3173996175908222,0.09465751714567924,0.05937963270298462,0.007244278938652753,0.2818396507716896,0.332601413168933,0.026208372040649727,0.007244278938652753,0.3173996175908222,0.6102941176470589,0.5257652072839984,0.0,0.0,0.059041121498419294,0.332601413168933,0.14275258283365708,0.09465751714567924,3,1,0.04581550553892599,1.0,18378.643124898274,epoch_56_original,14,A10_drop_front_triplet,0,R1_replace_tminus1,"['CAM_FRONT', 'CAM_FRONT_LEFT', 'CAM_FRONT_RIGHT']",replace,[1],,False,False,False
0.2536991284989004,0.08529775320919641,0.46907758302320957,0.06359964219517558,1.6236470554813784,0.4253731343283582,0.33326021387441734,0.31630510846745974,0.434991974317817,0.47167446268611085,57154,0.166642993096787,0.0,0.6836948915325403,0.5746268656716418,0.33326021387441734,0.31630510846745974,0.09141722015169126,0.038913584352515324,0.007607486123488959,0.2680599929002485,0.34322888554302433,0.05300985767449787,0.007607486123488959,0.31630510846745974,0.4253731343283582,0.434991974317817,0.0,0.0,0.06359964219517558,0.34322888554302433,0.166642993096787,0.09141722015169126,3,1,0.04581550553892599,1.0,18378.643124898274,epoch_56_original,14,A10_drop_front_triplet,2,R1_replace_tminus1,"['CAM_FRONT', 'CAM_FRONT_LEFT', 'CAM_FRONT_RIGHT']",replace,[1],,False,False,False
0.19204629924604438,0.060906434332026325,0.5795897018655198,0.06757421736962214,1.6095193816470041,0.6666666666666666,0.29896403005646704,0.5062269777232065,0.4657210401891253,0.5870460385770457,55390,0.15133375951647585,0.0,0.49377302227679354,0.33333333333333337,0.29896403005646704,0.5062269777232065,0.08089289768411706,0.035189149478292325,0.007262387175397046,0.2472696975838231,0.3190852560004649,0.05335038065903411,0.007262387175397046,0.5062269777232065,0.6666666666666666,0.4657210401891253,0.5795897018655198,0.0,0.06757421736962214,0.3190852560004649,0.15133375951647585,0.08089289768411706,3,1,0.04581550553892599,1.0,18378.643124898274,epoch_56_original,14,A10_drop_front_triplet,4,R1_replace_tminus1,"['CAM_FRONT', 'CAM_FRONT_LEFT', 'CAM_FRONT_RIGHT']",replace,[1],,False,False,False
0.23237787196074058,0.06824107824648987,0.5047392660823058,0.06279098533013383,1.6265339474075176,0.59375,0.3364485981308411,0.2919738782388877,0.5933673469387755,0.4992585581321975,54741,0.15762888129549843,0.6187065515062145,0.7080261217611123,0.40625,0.3364485981308411,0.2919738782388877,0.07768985660887706,0.03209396249856495,0.0082890103818783,0.262331373227257,0.338018125092854,0.0380924082602882,0.0082890103818783,0.2919738782388877,0.59375,0.5933673469387755,0.5047392660823058,0.6187065515062145,0.06279098533013383,0.338018125092854,0.15762888129549843,0.07768985660887706,3,1,0.04581550553892599,1.0,18378.643124898274,epoch_56_original,14,A10_drop_front_triplet,6,R1_replace_tminus1,"['CAM_FRONT', 'CAM_FRONT_LEFT', 'CAM_FRONT_RIGHT']",replace,[1],,False,False,False
0.25761338940475853,0.09992581948062482,0.4861075922641669,0.05846210856657904,1.5087126650339218,0.7058823529411765,0.0,0.31469088591459526,0.48624564122433167,0.4860967761520248,53594,0.15336542521746474,0.0,0.6853091140854047,0.2941176470588235,0.0,0.31469088591459526,0.09884451773956318,0.051269592290759156,0.006665266006812498,0.2784523269960163,0.3286040030402839,0.03682121442445739,0.006665266006812498,0.31469088591459526,0.7058823529411765,0.48624564122433167,0.0,0.0,0.05846210856657904,0.3286040030402839,0.15336542521746474,0.09884451773956318,3,2,0.046020741376912956,1.0,18586.603675842285,epoch_56_original,14,A10_drop_front_triplet,0,R2_replace_tminus2,"['CAM_FRONT', 'CAM_FRONT_LEFT', 'CAM_FRONT_RIGHT']",replace,[2],,False,False,False
0.23218397031338878,0.07339781504820848,0.5129683815800687,0.063884034199792,1.5846424817476776,0.5223880597014925,0.30095969289827257,0.44629111266620014,0.4799357945425361,0.5154850346999297,55781,0.1597965966875941,0.0,0.5537088873337999,0.4776119402985075,0.30095969289827257,0.44629111266620014,0.06990206196617962,0.027013646191527393,0.007891878128105372,0.23759762158324457,0.3042243118093235,0.04616346126530496,0.007891878128105372,0.44629111266620014,0.5223880597014925,0.4799357945425361,0.0,0.0,0.063884034199792,0.3042243118093235,0.1597965966875941,0.06990206196617962,3,2,0.046020741376912956,1.0,18586.603675842285,epoch_56_original,14,A10_drop_front_triplet,2,R2_replace_tminus2,"['CAM_FRONT', 'CAM_FRONT_LEFT', 'CAM_FRONT_RIGHT']",replace,[2],,False,False,False
0.17942018658538195,0.051858183552959236,0.6048991689428721,0.06831234539768093,1.5971988144359854,0.7111111111111111,0.275843670801654,0.5830556042799508,0.44964539007092197,0.6150654819034646,54966,0.15269948276864068,0.0,0.41694439572004915,0.28888888888888886,0.275843670801654,0.5830556042799508,0.06826678502345462,0.026140898699225232,0.008000515203455828,0.2377220833614808,0.3067646887894462,0.05471610391119894,0.008000515203455828,0.5830556042799508,0.7111111111111111,0.44964539007092197,0.6048991689428721,0.0,0.06831234539768093,0.3067646887894462,0.15269948276864068,0.06826678502345462,3,2,0.046020741376912956,1.0,18586.603675842285,epoch_56_original,14,A10_drop_front_triplet,4,R2_replace_tminus2,"['CAM_FRONT', 'CAM_FRONT_LEFT', 'CAM_FRONT_RIGHT']",replace,[2],,False,False,False
0.22909656796769853,0.05853847536632547,0.5144555043827069,0.06213129488987293,1.6049324023176348,0.375,0.3184759166067577,0.33178849799873605,0.5627551020408164,0.5114686859126045,54014,0.17263408111721884,0.5605645670950073,0.668211502001264,0.625,0.3184759166067577,0.33178849799873605,0.07440855261583501,0.022391359618400553,0.007629319941617398,0.2455667012567739,0.31641658000297124,0.05309760808200861,0.007629319941617398,0.33178849799873605,0.375,0.5627551020408164,0.5144555043827069,0.5605645670950073,0.06213129488987293,0.31641658000297124,0.17263408111721884,0.07440855261583501,3,2,0.046020741376912956,1.0,18586.603675842285,epoch_56_original,14,A10_drop_front_triplet,6,R2_replace_tminus2,"['CAM_FRONT', 'CAM_FRONT_LEFT', 'CAM_FRONT_RIGHT']",replace,[2],,False,False,False
0.25606720597386434,0.10075928147830404,0.490302057821693,0.05820734287656933,1.5001829800411002,0.5808823529411765,0.0,0.3150095602294455,0.5242154203796978,0.48764495173334954,53291,0.14770711933113756,0.0,0.6849904397705545,0.4191176470588235,0.0,0.3150095602294455,0.097298334308669,0.05210305428843838,0.006410500316802792,0.2712244459817275,0.32007431804746234,0.03116290853813021,0.006410500316802792,0.3150095602294455,0.5808823529411765,0.5242154203796978,0.0,0.0,0.05820734287656933,0.32007431804746234,0.14770711933113756,0.097298334308669,3,1,0.04455690368106871,1.0,17515.6687596639,epoch_56_original,14,A10_drop_front_triplet,0,R3_ema_K2,"['CAM_FRONT', 'CAM_FRONT_LEFT', 'CAM_FRONT_RIGHT']",ema,"[1, 2]",,False,False,False
0.25356179424961706,0.08369180110705134,0.4686230504815204,0.06376994670956797,1.6270276412601914,0.3805970149253731,0.3293117630929531,0.3198040587823653,0.4458266452648475,0.47035983979944357,57273,0.16743842504474304,0.0,0.6801959412176347,0.6194029850746269,0.3293117630929531,0.3198040587823653,0.0912798859024079,0.037307632250370246,0.007777790637881345,0.27070021299254526,0.3466094713218373,0.0538052896224539,0.007777790637881345,0.3198040587823653,0.3805970149253731,0.4458266452648475,0.0,0.0,0.06376994670956797,0.3466094713218373,0.16743842504474304,0.0912798859024079,3,1,0.04455690368106871,1.0,17515.6687596639,epoch_56_original,14,A10_drop_front_triplet,2,R3_ema_K2,"['CAM_FRONT', 'CAM_FRONT_LEFT', 'CAM_FRONT_RIGHT']",ema,"[1, 2]",,False,False,False
0.1961839399684888,0.05708687286489175,0.57305166502005,0.06684434580720162,1.6032138083338177,0.6666666666666666,0.30647814681428126,0.5011401508507279,0.49267139479905436,0.5783151181151119,55173,0.15022955773812982,0.0,0.49885984914927206,0.33333333333333337,0.30647814681428126,0.5011401508507279,0.08503053840656147,0.031369588011157745,0.006532515612976526,0.24238330068229413,0.3127796826872784,0.05224617888068808,0.006532515612976526,0.5011401508507279,0.6666666666666666,0.49267139479905436,0.57305166502005,0.0,0.06684434580720162,0.3127796826872784,0.15022955773812982,0.08503053840656147,3,1,0.04455690368106871,1.0,17515.6687596639,epoch_56_original,14,A10_drop_front_triplet,4,R3_ema_K2,"['CAM_FRONT', 'CAM_FRONT_LEFT', 'CAM_FRONT_RIGHT']",ema,"[1, 2]",,False,False,False
0.23269179175080135,0.06399303744308832,0.5103550735403357,0.061291838804640925,1.5939087802703906,0.59375,0.32978672417924754,0.30440278070360227,0.6,0.5048114844612714,53643,0.15777744763036697,0.6008005055824731,0.6955972192963977,0.40625,0.32978672417924754,0.30440278070360227,0.07800377639893782,0.0278459216951634,0.006789863856385393,0.23701141473538567,0.3053929579557271,0.03824097459515674,0.006789863856385393,0.30440278070360227,0.59375,0.6,0.5103550735403357,0.6008005055824731,0.061291838804640925,0.3053929579557271,0.15777744763036697,0.07800377639893782,3,1,0.04455690368106871,1.0,17515.6687596639,epoch_56_original,14,A10_drop_front_triplet,6,R3_ema_K2,"['CAM_FRONT', 'CAM_FRONT_LEFT', 'CAM_FRONT_RIGHT']",ema,"[1, 2]",,False,False,False
0.2522363899696135,0.10120599736889514,0.4999296230611153,0.05774082388577233,1.4826168960954875,0.5808823529411765,0.0,0.3207456978967495,0.51762882603642,0.4985428935705179,52667,0.14483574022464318,0.0,0.6792543021032504,0.4191176470588235,0.0,0.3207456978967495,0.09346751830441816,0.05254977017902948,0.005943981326005786,0.2563393048829942,0.3025082341018497,0.028291529431635834,0.005943981326005786,0.3207456978967495,0.5808823529411765,0.51762882603642,0.0,0.0,0.05774082388577233,0.3025082341018497,0.14483574022464318,0.09346751830441816,3,2,0.04404520186962504,1.0,17174.785926818848,epoch_56_original,14,A10_drop_front_triplet,0,R4_ema_K3,"['CAM_FRONT', 'CAM_FRONT_LEFT', 'CAM_FRONT_RIGHT']",ema,"[1, 2, 3]",,False,False,False
0.25134784685729883,0.08416017855853751,0.4768614527996364,0.06293661199836639,1.604471463878867,0.417910447761194,0.3202632300520976,0.32452764170748777,0.4550561797752809,0.4785227307468892,56479,0.1638021647112298,0.0,0.6754723582925122,0.582089552238806,0.3202632300520976,0.32452764170748777,0.08906593851008968,0.03777600970185642,0.00694445592667977,0.25308395456159033,0.32405329394051297,0.05016902928894065,0.00694445592667977,0.32452764170748777,0.417910447761194,0.4550561797752809,0.0,0.0,0.06293661199836639,0.32405329394051297,0.1638021647112298,0.08906593851008968,3,2,0.04404520186962504,1.0,17174.785926818848,epoch_56_original,14,A10_drop_front_triplet,2,R4_ema_K3,"['CAM_FRONT', 'CAM_FRONT_LEFT', 'CAM_FRONT_RIGHT']",ema,"[1, 2, 3]",,False,False,False
0.19111218064412624,0.05845216843512546,0.5846167257511478,0.06668747296007503,1.5888882431568547,0.6888888888888889,0.2928727046374105,0.5278021399754429,0.49267139479905436,0.5906374810365645,54680,0.14892195036903585,0.0,0.4721978600245571,0.3111111111111111,0.2928727046374105,0.5278021399754429,0.07995877908219892,0.032734883581391455,0.006375642765849933,0.23128194735301402,0.2984541175103155,0.050938571511594116,0.006375642765849933,0.5278021399754429,0.6888888888888889,0.49267139479905436,0.5846167257511478,0.0,0.06668747296007503,0.2984541175103155,0.14892195036903585,0.07995877908219892,3,2,0.04404520186962504,1.0,17174.785926818848,epoch_56_original,14,A10_drop_front_triplet,4,R4_ema_K3,"['CAM_FRONT', 'CAM_FRONT_LEFT', 'CAM_FRONT_RIGHT']",ema,"[1, 2, 3]",,False,False,False
0.2331359936244094,0.06493118836119502,0.513237260436785,0.06038311522318152,1.5746545832714307,0.5625,0.3241792475437335,0.3183062987149779,0.6005102040816327,0.5078403533680391,52995,0.1611647600653692,0.5883716031177586,0.6816937012850222,0.4375,0.3241792475437335,0.3183062987149779,0.07844797827254588,0.028784072613270102,0.005881140274925992,0.22206848841231408,0.28613876095676716,0.04162828703015897,0.005881140274925992,0.3183062987149779,0.5625,0.6005102040816327,0.513237260436785,0.5883716031177586,0.06038311522318152,0.28613876095676716,0.1611647600653692,0.07844797827254588,3,2,0.04404520186962504,1.0,17174.785926818848,epoch_56_original,14,A10_drop_front_triplet,6,R4_ema_K3,"['CAM_FRONT', 'CAM_FRONT_LEFT', 'CAM_FRONT_RIGHT']",ema,"[1, 2, 3]",,False,False,False
0.2534263888108746,0.10803585989285028,0.4919629535793711,0.059041121498419294,1.5127100751625708,0.6102941176470589,0.0,0.3173996175908222,0.5257652072839984,0.48931455285046443,53736,0.14275258283365708,0.0,0.6826003824091778,0.3897058823529411,0.0,0.3173996175908222,0.09465751714567924,0.05937963270298462,0.007244278938652753,0.2818396507716896,0.332601413168933,0.026208372040649727,0.007244278938652753,0.3173996175908222,0.6102941176470589,0.5257652072839984,0.0,0.0,0.059041121498419294,0.332601413168933,0.14275258283365708,0.09465751714567924,3,1,0.04581550553892599,1.0,18378.643124898274,epoch_56_original,14,A10_drop_front_triplet,0,R8_camera_group_repair_front_triplet,"['CAM_FRONT', 'CAM_FRONT_LEFT', 'CAM_FRONT_RIGHT']",replace,[1],,False,False,False
0.2536991284989004,0.08529775320919641,0.46907758302320957,0.06359964219517558,1.6236470554813784,0.4253731343283582,0.33326021387441734,0.31630510846745974,0.434991974317817,0.47167446268611085,57154,0.166642993096787,0.0,0.6836948915325403,0.5746268656716418,0.33326021387441734,0.31630510846745974,0.09141722015169126,0.038913584352515324,0.007607486123488959,0.2680599929002485,0.34322888554302433,0.05300985767449787,0.007607486123488959,0.31630510846745974,0.4253731343283582,0.434991974317817,0.0,0.0,0.06359964219517558,0.34322888554302433,0.166642993096787,0.09141722015169126,3,1,0.04581550553892599,1.0,18378.643124898274,epoch_56_original,14,A10_drop_front_triplet,2,R8_camera_group_repair_front_triplet,"['CAM_FRONT', 'CAM_FRONT_LEFT', 'CAM_FRONT_RIGHT']",replace,[1],,False,False,False
0.19204629924604438,0.060906434332026325,0.5795897018655198,0.06757421736962214,1.6095193816470041,0.6666666666666666,0.29896403005646704,0.5062269777232065,0.4657210401891253,0.5870460385770457,55390,0.15133375951647585,0.0,0.49377302227679354,0.33333333333333337,0.29896403005646704,0.5062269777232065,0.08089289768411706,0.035189149478292325,0.007262387175397046,0.2472696975838231,0.3190852560004649,0.05335038065903411,0.007262387175397046,0.5062269777232065,0.6666666666666666,0.4657210401891253,0.5795897018655198,0.0,0.06757421736962214,0.3190852560004649,0.15133375951647585,0.08089289768411706,3,1,0.04581550553892599,1.0,18378.643124898274,epoch_56_original,14,A10_drop_front_triplet,4,R8_camera_group_repair_front_triplet,"['CAM_FRONT', 'CAM_FRONT_LEFT', 'CAM_FRONT_RIGHT']",replace,[1],,False,False,False
0.23237787196074058,0.06824107824648987,0.5047392660823058,0.06279098533013383,1.6265339474075176,0.59375,0.3364485981308411,0.2919738782388877,0.5933673469387755,0.4992585581321975,54741,0.15762888129549843,0.6187065515062145,0.7080261217611123,0.40625,0.3364485981308411,0.2919738782388877,0.07768985660887706,0.03209396249856495,0.0082890103818783,0.262331373227257,0.338018125092854,0.0380924082602882,0.0082890103818783,0.2919738782388877,0.59375,0.5933673469387755,0.5047392660823058,0.6187065515062145,0.06279098533013383,0.338018125092854,0.15762888129549843,0.07768985660887706,3,1,0.04581550553892599,1.0,18378.643124898274,epoch_56_original,14,A10_drop_front_triplet,6,R8_camera_group_repair_front_triplet,"['CAM_FRONT', 'CAM_FRONT_LEFT', 'CAM_FRONT_RIGHT']",replace,[1],,False,False,False
0.1743465938910465,0.09270265116526787,0.6259324944402218,0.0673193521010725,1.5196070151732681,0.8382352941176471,0.0,0.4093371574251115,0.4827586206896552,0.6371501426750046,53981,0.11510852123976016,0.0,0.5906628425748885,0.16176470588235292,0.0,0.4093371574251115,0.0,0.0,0.0,0.0,0.0,0.0,0.0,0.4093371574251115,0.8382352941176471,0.4827586206896552,0.0,0.0,0.0673193521010725,0.0,0.11510852123976016,0.0,0,0,0.0,0.0,0.0,epoch_56_original,14,C4_motion_blur_9,0,R0_degraded_native,[],native,[],,False,False,False
0.18935759724684534,0.07438326445363135,0.587341268713957,0.06863602618390573,1.5919150024147042,0.8507462686567164,0.26827529476281875,0.3558432470258922,0.5,0.5939955363967104,56037,0.13846197551205933,0.0,0.6441567529741078,0.14925373134328357,0.26827529476281875,0.3558432470258922,0.0,0.0,0.0,0.0,0.0,0.0,0.0,0.3558432470258922,0.8507462686567164,0.5,0.0,0.0,0.06863602618390573,0.0,0.13846197551205933,0.0,0,0,0.0,0.0,0.0,epoch_56_original,14,C4_motion_blur_9,2,R0_degraded_native,[],native,[],,False,False,False
0.17355919863752778,0.06448924052485006,0.6120764805021213,0.07018821439068935,1.623031324460975,0.9555555555555556,0.302432083944689,0.5411331345378004,0.45059101654846334,0.6226508560636552,55855,0.1343639216597896,0.0,0.45886686546219957,0.0444444444444444,0.302432083944689,0.5411331345378004,0.0,0.0,0.0,0.0,0.0,0.0,0.0,0.5411331345378004,0.9555555555555556,0.45059101654846334,0.6120764805021213,0.0,0.07018821439068935,0.0,0.1343639216597896,0.0,0,0,0.0,0.0,0.0,epoch_56_original,14,C4_motion_blur_9,4,R0_degraded_native,[],native,[],,False,False,False
0.18050730127217157,0.06329459820704943,0.5893626504234141,0.0707633443006869,1.6855444956172931,0.7395833333333334,0.3093218308171579,0.4261638929850432,0.4326530612244898,0.5990534784666351,56727,0.13650274847719507,0.0,0.5738361070149568,0.26041666666666663,0.3093218308171579,0.4261638929850432,0.0,0.0,0.0,0.0,0.0,0.0,0.0,0.4261638929850432,0.7395833333333334,0.4326530612244898,0.5893626504234141,0.0,0.0707633443006869,0.0,0.13650274847719507,0.0,0,0,0.0,0.0,0.0,epoch_56_original,14,C4_motion_blur_9,6,R0_degraded_native,[],native,[],,False,False,False
0.21032949975305157,0.08627575483411519,0.5804126903696197,0.05846707153456625,1.4144920192551305,0.75,0.0,0.3567558954748247,0.5315769081751259,0.5842389654544351,50247,0.13107001097880247,0.0,0.6432441045251753,0.25,0.0,0.3567558954748247,0.03598290586200506,-0.006426896331152676,-0.008852280566506249,-0.06917248661566107,-0.10511499591813767,0.01596148973904231,-0.008852280566506249,0.3567558954748247,0.75,0.5315769081751259,0.0,0.0,0.05846707153456625,-0.10511499591813767,0.13107001097880247,0.03598290586200506,6,1,0.03885769612635626,1.0,980.2789357503256,epoch_56_original,14,C4_motion_blur_9,0,R5_blend_alpha03,"['CAM_FRONT', 'CAM_FRONT_RIGHT', 'CAM_FRONT_LEFT', 'CAM_BACK', 'CAM_BACK_LEFT', 'CAM_BACK_RIGHT']",blend,"[1, 2]",0.3,False,False,False
0.22243045551810464,0.07261139900153613,0.5481946535609784,0.060019940509160895,1.4830260503962955,0.6716417910447762,0.2870304359747738,0.36913925822253324,0.5742375601926164,0.5462105230976184,52204,0.14837646657765405,0.0,0.6308607417774668,0.32835820895522383,0.2870304359747738,0.36913925822253324,0.0330728582712593,-0.0017718654520952198,-0.008616085674744832,-0.06840123489837072,-0.10888895201840865,0.009914491065594722,-0.008616085674744832,0.36913925822253324,0.6716417910447762,0.5742375601926164,0.0,0.0,0.060019940509160895,-0.10888895201840865,0.14837646657765405,0.0330728582712593,6,1,0.03885769612635626,1.0,980.2789357503256,epoch_56_original,14,C4_motion_blur_9,2,R5_blend_alpha03,"['CAM_FRONT', 'CAM_FRONT_RIGHT', 'CAM_FRONT_LEFT', 'CAM_BACK', 'CAM_BACK_LEFT', 'CAM_BACK_RIGHT']",blend,"[1, 2]",0.3,False,False,False
0.19051776706025833,0.06347272365726446,0.6005404777125588,0.06232310522370068,1.4961643517173244,0.8111111111111111,0.29380641145347025,0.5332397824942993,0.5375886524822695,0.604662683055203,51489,0.14055326320683442,0.0,0.46676021750570074,0.18888888888888888,0.29380641145347025,0.5332397824942993,0.016958568422730552,-0.0010165168675855957,-0.007865109166988675,-0.0781666815862501,-0.12686697274365066,0.006189341547044813,-0.007865109166988675,0.5332397824942993,0.8111111111111111,0.5375886524822695,0.6005404777125588,0.0,0.06232310522370068,-0.12686697274365066,0.14055326320683442,0.016958568422730552,6,1,0.03885769612635626,1.0,980.2789357503256,epoch_56_original,14,C4_motion_blur_9,4,R5_blend_alpha03,"['CAM_FRONT', 'CAM_FRONT_RIGHT', 'CAM_FRONT_LEFT', 'CAM_BACK', 'CAM_BACK_LEFT', 'CAM_BACK_RIGHT']",blend,"[1, 2]",0.3,False,False,False
0.22930634065115463,0.07210993274362885,0.5335314217798247,0.057406262111504174,1.5007279750408558,0.4375,0.333908459142104,0.3254687170844744,0.5448979591836735,0.5328285218488721,50507,0.14514930916654287,0.0,0.6745312829155257,0.5625,0.333908459142104,0.3254687170844744,0.048799039378983056,0.008815334536579428,-0.013357082189182724,-0.10964796305110441,-0.18481652057643738,0.008646560689347799,-0.013357082189182724,0.3254687170844744,0.4375,0.5448979591836735,0.5335314217798247,0.0,0.057406262111504174,-0.18481652057643738,0.14514930916654287,0.048799039378983056,6,1,0.03885769612635626,1.0,980.2789357503256,epoch_56_original,14,C4_motion_blur_9,6,R5_blend_alpha03,"['CAM_FRONT', 'CAM_FRONT_RIGHT', 'CAM_FRONT_LEFT', 'CAM_BACK', 'CAM_BACK_LEFT', 'CAM_BACK_RIGHT']",blend,"[1, 2]",0.3,False,False,False
0.20227761960974933,0.09412077349546986,0.5899839540579342,0.060352999369703064,1.4370126396982237,0.7794117647058824,0.0,0.3634480560866794,0.4796590468810539,0.598627891445571,51047,0.13194268502097234,0.0,0.6365519439133206,0.22058823529411764,0.0,0.3634480560866794,0.027931025718702818,0.0014181223302019985,-0.006966352731369432,-0.05435245734610326,-0.08259437547504445,0.016834163781212177,-0.006966352731369432,0.3634480560866794,0.7794117647058824,0.4796590468810539,0.0,0.0,0.060352999369703064,-0.08259437547504445,0.13194268502097234,0.027931025718702818,6,1,0.03885769612635626,1.0,1370.4338836669922,epoch_56_original,14,C4_motion_blur_9,0,R6_blend_alpha05,"['CAM_FRONT', 'CAM_FRONT_RIGHT', 'CAM_FRONT_LEFT', 'CAM_BACK', 'CAM_BACK_LEFT', 'CAM_BACK_RIGHT']",blend,"[1, 2]",0.5,False,False,False
0.2147427517785147,0.0769082927152986,0.5566603221499389,0.061957774401082015,1.5078548904860658,0.7761194029850746,0.2833561831642446,0.3504198740377887,0.5248796147672552,0.5590815983368492,53078,0.14581972103065255,0.0,0.6495801259622114,0.22388059701492535,0.2833561831642446,0.3504198740377887,0.02538515453166937,0.002525028261667256,-0.006678251782823712,-0.05280439709477667,-0.08406011192863838,0.007357745518593223,-0.006678251782823712,0.3504198740377887,0.7761194029850746,0.5248796147672552,0.0,0.0,0.061957774401082015,-0.08406011192863838,0.14581972103065255,0.02538515453166937,6,1,0.03885769612635626,1.0,1370.4338836669922,epoch_56_original,14,C4_motion_blur_9,2,R6_blend_alpha05,"['CAM_FRONT', 'CAM_FRONT_RIGHT', 'CAM_FRONT_LEFT', 'CAM_BACK', 'CAM_BACK_LEFT', 'CAM_BACK_RIGHT']",blend,"[1, 2]",0.5,False,False,False
0.1876251038276665,0.06209726801880305,0.5996106235834253,0.0644417143064734,1.5343755448364038,0.8888888888888888,0.3078120136943666,0.5530608665146466,0.47706855791962177,0.6076349112975634,52804,0.1461323879816354,0.0,0.4469391334853534,0.11111111111111116,0.3078120136943666,0.5530608665146466,0.014065905190138728,-0.002391972506047002,-0.005746500084215955,-0.05462357890967684,-0.08865577962457127,0.011768466321845777,-0.005746500084215955,0.5530608665146466,0.8888888888888888,0.47706855791962177,0.5996106235834253,0.0,0.0644417143064734,-0.08865577962457127,0.1461323879816354,0.014065905190138728,6,1,0.03885769612635626,1.0,1370.4338836669922,epoch_56_original,14,C4_motion_blur_9,4,R6_blend_alpha05,"['CAM_FRONT', 'CAM_FRONT_RIGHT', 'CAM_FRONT_LEFT', 'CAM_BACK', 'CAM_BACK_LEFT', 'CAM_BACK_RIGHT']",blend,"[1, 2]",0.5,False,False,False
0.21436562672595696,0.06644385344517485,0.5502302778190462,0.06095209822790656,1.5479126429950973,0.4791666666666667,0.33165588305775223,0.37054982093954075,0.5025510204081632,0.553178734816217,52095,0.14803149606299212,0.0,0.6294501790604592,0.5208333333333333,0.33165588305775223,0.37054982093954075,0.03385832545378539,0.0031492552381254257,-0.00981124607278034,-0.08165423872230156,-0.1376318526221958,0.011528747585797056,-0.00981124607278034,0.37054982093954075,0.4791666666666667,0.5025510204081632,0.5502302778190462,0.0,0.06095209822790656,-0.1376318526221958,0.14803149606299212,0.03385832545378539,6,1,0.03885769612635626,1.0,1370.4338836669922,epoch_56_original,14,C4_motion_blur_9,6,R6_blend_alpha05,"['CAM_FRONT', 'CAM_FRONT_RIGHT', 'CAM_FRONT_LEFT', 'CAM_BACK', 'CAM_BACK_LEFT', 'CAM_BACK_RIGHT']",blend,"[1, 2]",0.5,False,False,False
0.19212606997536846,0.09335205428479844,0.6025673507305126,0.06279808826473134,1.46603608929426,0.7867647058823529,0.0,0.3730082855321861,0.48004649360712903,0.6121668386861757,52078,0.12608732370576808,0.0,0.6269917144678139,0.21323529411764708,0.0,0.3730082855321861,0.017779476084321955,0.0006494031195305727,-0.004521263836341161,-0.03525314462496063,-0.053570925879008024,0.010978802466007923,-0.004521263836341161,0.3730082855321861,0.7867647058823529,0.48004649360712903,0.0,0.0,0.06279808826473134,-0.053570925879008024,0.12608732370576808,0.017779476084321955,6,1,0.03885769612635626,1.0,1382.3263295491536,epoch_56_original,14,C4_motion_blur_9,0,R7_blend_alpha07,"['CAM_FRONT', 'CAM_FRONT_RIGHT', 'CAM_FRONT_LEFT', 'CAM_BACK', 'CAM_BACK_LEFT', 'CAM_BACK_RIGHT']",blend,"[1, 2]",0.7,False,False,False
0.2072799310010242,0.07683088454063826,0.5630521860174427,0.06448919393054552,1.5449561092014432,0.8134328358208955,0.2831368247874966,0.3397480755773268,0.48996789727126805,0.5686202574215048,54384,0.1430073009289509,0.0,0.6602519244226732,0.18656716417910446,0.2831368247874966,0.3397480755773268,0.01792233375417887,0.002447620087006913,-0.004146832253360211,-0.02949836715027571,-0.046958893213260966,0.004545325416891566,-0.004146832253360211,0.3397480755773268,0.8134328358208955,0.48996789727126805,0.0,0.0,0.06448919393054552,-0.046958893213260966,0.1430073009289509,0.01792233375417887,6,1,0.03885769612635626,1.0,1382.3263295491536,epoch_56_original,14,C4_motion_blur_9,2,R7_blend_alpha07,"['CAM_FRONT', 'CAM_FRONT_RIGHT', 'CAM_FRONT_LEFT', 'CAM_BACK', 'CAM_BACK_LEFT', 'CAM_BACK_RIGHT']",blend,"[1, 2]",0.7,False,False,False
0.1809587663426081,0.06049451622426987,0.6078630789794851,0.06631758329948183,1.559132911024583,0.9444444444444444,0.30763416477702193,0.5676197158393265,0.43877068557919624,0.6189355707607047,53656,0.14107630615447203,0.0,0.43238028416067353,0.05555555555555558,0.30763416477702193,0.5676197158393265,0.007399567705080323,-0.003994724300580184,-0.003870631091207527,-0.03936979679527348,-0.06389841343639202,0.006712384494682422,-0.003870631091207527,0.5676197158393265,0.9444444444444444,0.43877068557919624,0.6078630789794851,0.0,0.06631758329948183,-0.06389841343639202,0.14107630615447203,0.007399567705080323,6,1,0.03885769612635626,1.0,1382.3263295491536,epoch_56_original,14,C4_motion_blur_9,4,R7_blend_alpha07,"['CAM_FRONT', 'CAM_FRONT_RIGHT', 'CAM_FRONT_LEFT', 'CAM_BACK', 'CAM_BACK_LEFT', 'CAM_BACK_RIGHT']",blend,"[1, 2]",0.7,False,False,False
0.19984270872138749,0.062273248639585506,0.5696330411528747,0.06402625567952239,1.5838954093002526,0.59375,0.3251377905583513,0.40825784706130186,0.45816326530612245,0.5765262659725509,53306,0.13938493537364433,0.0,0.5917421529386981,0.40625,0.3251377905583513,0.40825784706130186,0.019335407449215913,-0.0010213495674639209,-0.006737088621164511,-0.060306379678107425,-0.1016490863170405,0.002882186896449257,-0.006737088621164511,0.40825784706130186,0.59375,0.45816326530612245,0.5696330411528747,0.0,0.06402625567952239,-0.1016490863170405,0.13938493537364433,0.019335407449215913,6,1,0.03885769612635626,1.0,1382.3263295491536,epoch_56_original,14,C4_motion_blur_9,6,R7_blend_alpha07,"['CAM_FRONT', 'CAM_FRONT_RIGHT', 'CAM_FRONT_LEFT', 'CAM_BACK', 'CAM_BACK_LEFT', 'CAM_BACK_RIGHT']",blend,"[1, 2]",0.7,False,False,False
0.23325018105737508,0.12421494983692716,0.5920108098978127,0.04402483469180796,1.1571376291416828,0.9044117647058824,0.0,0.20203951561504144,0.7098024021697017,0.5827818590249529,41105,0.10328519550713622,0.0,0.7979604843849586,0.09558823529411764,0.0,0.20203951561504144,0.0,0.0,0.0,0.0,0.0,0.0,0.0,0.20203951561504144,0.9044117647058824,0.7098024021697017,0.0,0.0,0.04402483469180796,0.0,0.10328519550713622,0.0,0,0,0.0,0.0,0.0,epoch_56_original,14,A7_drop_all_rear,0,R0_degraded_native,[],native,[],,False,False,False
0.21292906865098415,0.09307639879434157,0.5968012272378626,0.052009014565169584,1.2967813414391636,0.9701492537313433,0.28034000548395943,0.327851644506648,0.6665329052969502,0.5914885811244611,45648,0.11823527740689185,0.0,0.6721483554933521,0.02985074626865669,0.28034000548395943,0.327851644506648,0.0,0.0,0.0,0.0,0.0,0.0,0.0,0.327851644506648,0.9701492537313433,0.6665329052969502,0.0,0.0,0.052009014565169584,0.0,0.11823527740689185,0.0,0,0,0.0,0.0,0.0,epoch_56_original,14,A7_drop_all_rear,2,R0_degraded_native,[],native,[],,False,False,False
0.2539182074201053,0.10620066326625349,0.5179287499273552,0.051061286093139535,1.3806009182309524,0.8555555555555555,0.3757058378907118,0.2797754779863182,0.6151300236406619,0.5115638255054336,47512,0.13523565990585226,0.0,0.7202245220136818,0.1444444444444445,0.3757058378907118,0.2797754779863182,0.0,0.0,0.0,0.0,0.0,0.0,0.0,0.2797754779863182,0.8555555555555555,0.6151300236406619,0.5179287499273552,0.0,0.051061286093139535,0.0,0.13523565990585226,0.0,0,0,0.0,0.0,0.0,epoch_56_original,14,A7_drop_all_rear,4,R0_degraded_native,[],native,[],,False,False,False
0.22439017239357337,0.09294176755760088,0.5451790224335166,0.05699890326464307,1.481741197444659,0.6145833333333334,0.3240354660915409,0.23383189382768063,0.5673469387755102,0.5438081716359047,49868,0.13281830337245581,0.0,0.7661681061723193,0.38541666666666663,0.3240354660915409,0.23383189382768063,0.0,0.0,0.0,0.0,0.0,0.0,0.0,0.23383189382768063,0.6145833333333334,0.5673469387755102,0.5451790224335166,0.0,0.05699890326464307,0.0,0.13281830337245581,0.0,0,0,0.0,0.0,0.0,epoch_56_original,14,A7_drop_all_rear,6,R0_degraded_native,[],native,[],,False,False,False
0.2944239729573347,0.12569848390166238,0.45686918906772284,0.049756865911426064,1.387854273756355,0.42953020134228187,0.0,0.2502093451683135,0.31879583172520265,0.46770675552862767,49409,0.13749613774893962,0.0,0.7497906548316865,0.5704697986577181,0.0,0.2502093451683135,0.0,0.0,0.0,0.0,0.0,0.0,0.0,0.2502093451683135,0.42953020134228187,0.31879583172520265,0.0,0.0,0.049756865911426064,0.0,0.13749613774893962,0.0,0,0,0.0,0.0,0.0,epoch_56_original,15,A0_clean,0,R0_degraded_native,[],native,[],,False,False,False
0.2987303733754038,0.11395058065278414,0.43352897601002904,0.052003465024086544,1.4627329192546583,0.48854961832061067,0.3902784332232185,0.2288512911843277,0.30518945634266886,0.4430670339761249,51339,0.15673257735483503,0.0,0.7711487088156723,0.5114503816793894,0.3902784332232185,0.2288512911843277,0.0,0.0,0.0,0.0,0.0,0.0,0.0,0.2288512911843277,0.48854961832061067,0.30518945634266886,0.0,0.0,0.052003465024086544,0.0,0.15673257735483503,0.0,0,0,0.0,0.0,0.0,epoch_56_original,15,A0_clean,2,R0_degraded_native,[],native,[],,False,False,False
0.2623446119620605,0.09794768894987306,0.5002290819540691,0.05223293525793369,1.4047878128400435,0.5229357798165137,0.3437294646919072,0.3090180360721443,0.32354334438654664,0.5115967206119899,49058,0.13719145524311321,0.0,0.6909819639278557,0.47706422018348627,0.3437294646919072,0.3090180360721443,0.0,0.0,0.0,0.0,0.0,0.0,0.0,0.3090180360721443,0.5229357798165137,0.32354334438654664,0.5002290819540691,0.0,0.05223293525793369,0.0,0.13719145524311321,0.0,0,0,0.0,0.0,0.0,epoch_56_original,15,A0_clean,4,R0_degraded_native,[],native,[],,False,False,False
0.26891763963395393,0.10220000337203343,0.48148824191536616,0.050251264558273445,1.446655106324724,0.34782608695652173,0.368613695287479,0.32051004970823427,0.39262114537444937,0.486684913862502,47553,0.1448693377140945,0.0,0.6794899502917657,0.6521739130434783,0.368613695287479,0.32051004970823427,0.0,0.0,0.0,0.0,0.0,0.0,0.0,0.32051004970823427,0.34782608695652173,0.39262114537444937,0.48148824191536616,0.0,0.050251264558273445,0.0,0.1448693377140945,0.0,0,0,0.0,0.0,0.0,epoch_56_original,15,A0_clean,6,R0_degraded_native,[],native,[],,False,False,False
0.21129363449691993,0.0620342418548821,0.5953484452683914,0.05390313352603165,1.3197662986994747,0.6845637583892618,0.0,0.5434600569418858,0.5414897722886917,0.5995758860951227,46985,0.1305862194882166,0.0,0.4565399430581142,0.31543624161073824,0.0,0.5434600569418858,0.0,0.0,0.0,0.0,0.0,0.0,0.0,0.5434600569418858,0.6845637583892618,0.5414897722886917,0.0,0.0,0.05390313352603165,0.0,0.1305862194882166,0.0,0,0,0.0,0.0,0.0,epoch_56_original,15,A1_drop_cam_front,0,R0_degraded_native,[],native,[],,False,False,False
0.2070885790416038,0.059871608120943,0.5814861245655023,0.059237694700959825,1.4394552396147928,0.7786259541984732,0.29966965549787633,0.6154942119323241,0.6009060955518946,0.5800428527701255,50522,0.12878226679582883,0.0,0.3845057880676759,0.22137404580152675,0.29966965549787633,0.6154942119323241,0.0,0.0,0.0,0.0,0.0,0.0,0.0,0.6154942119323241,0.7786259541984732,0.6009060955518946,0.0,0.0,0.059237694700959825,0.0,0.12878226679582883,0.0,0,0,0.0,0.0,0.0,epoch_56_original,15,A1_drop_cam_front,2,R0_degraded_native,[],native,[],,False,False,False
0.2094401133947555,0.05859629041909687,0.576885630834431,0.058881664843210293,1.4433308516121643,0.7981651376146789,0.3311429004701006,0.6531062124248497,0.605873993368072,0.5750205723690226,50404,0.12653914437890154,0.0,0.3468937875751503,0.2018348623853211,0.3311429004701006,0.6531062124248497,0.0,0.0,0.0,0.0,0.0,0.0,0.0,0.6531062124248497,0.7981651376146789,0.605873993368072,0.576885630834431,0.0,0.058881664843210293,0.0,0.12653914437890154,0.0,0,0,0.0,0.0,0.0,epoch_56_original,15,A1_drop_cam_front,4,R0_degraded_native,[],native,[],,False,False,False
0.20673283800453254,0.059479925461055294,0.561528398892641,0.06069056164340692,1.559429284171458,0.782608695652174,0.3395861928727569,0.6481521504214394,0.6965859030837004,0.5536306552890033,51260,0.13409996653585227,0.0,0.35184784957856063,0.21739130434782605,0.3395861928727569,0.6481521504214394,0.0,0.0,0.0,0.0,0.0,0.0,0.0,0.6481521504214394,0.782608695652174,0.6965859030837004,0.561528398892641,0.0,0.06069056164340692,0.0,0.13409996653585227,0.0,0,0,0.0,0.0,0.0,epoch_56_original,15,A1_drop_cam_front,6,R0_degraded_native,[],native,[],,False,False,False
0.2686141480489175,0.10639949864248227,0.4761944889188506,0.05595972197174383,1.4738350046347013,0.5302013422818792,0.0,0.2895662368112544,0.4465457352373601,0.47852166010299907,52470,0.1422431954158591,0.0,0.7104337631887456,0.4697986577181208,0.0,0.2895662368112544,0.05732051355199755,0.04436525678760017,0.0020565884457121805,0.11673938491007768,0.1540687059352266,0.011656975927642504,0.0020565884457121805,0.2895662368112544,0.5302013422818792,0.4465457352373601,0.0,0.0,0.05595972197174383,0.1540687059352266,0.1422431954158591,0.05732051355199755,1,1,0.04765282401984389,1.0,18635.236488342285,epoch_56_original,15,A1_drop_cam_front,0,R1_replace_tminus1,['CAM_FRONT'],replace,[1],,False,False,False
0.2563398746364046,0.08241152342675827,0.46518320132201263,0.06303335085683301,1.6211749957262522,0.5343511450381679,0.36644643699858426,0.40943900267141586,0.4369851729818781,0.46727884909703093,56900,0.15898341785856743,0.0,0.5905609973285841,0.46564885496183206,0.36644643699858426,0.40943900267141586,0.04925129559480082,0.02253991530581527,0.003795656155873184,0.12624203317366692,0.1817197561114594,0.0302011510627386,0.003795656155873184,0.40943900267141586,0.5343511450381679,0.4369851729818781,0.0,0.0,0.06303335085683301,0.1817197561114594,0.15898341785856743,0.04925129559480082,1,1,0.04765282401984389,1.0,18635.236488342285,epoch_56_original,15,A1_drop_cam_front,2,R1_replace_tminus1,['CAM_FRONT'],replace,[1],,False,False,False
0.2609941707591925,0.08154688020469592,0.46280281770803505,0.061078075884431426,1.5954699043582843,0.5963302752293578,0.39195268665015415,0.243687374749499,0.43012790146849833,0.46490506232665874,55717,0.15949831052058874,0.0,0.756312625250501,0.4036697247706422,0.39195268665015415,0.243687374749499,0.05155405736443702,0.022950589785599045,0.002196411041221133,0.10540830092849773,0.15213905274611994,0.0329591661416872,0.002196411041221133,0.243687374749499,0.5963302752293578,0.43012790146849833,0.46280281770803505,0.0,0.061078075884431426,0.15213905274611994,0.15949831052058874,0.05155405736443702,1,1,0.04765282401984389,1.0,18635.236488342285,epoch_56_original,15,A1_drop_cam_front,4,R1_replace_tminus1,['CAM_FRONT'],replace,[1],,False,False,False
0.24874966727840742,0.07282079463100478,0.45982781174895804,0.0634296829833528,1.7117215782908948,0.4673913043478261,0.3859488587260434,0.32396801383185647,0.5424008810572687,0.4549991949766543,56266,0.16744242645492988,0.0,0.6760319861681435,0.5326086956521738,0.3859488587260434,0.32396801383185647,0.04201682927387487,0.01334086916994949,0.002739121339945881,0.09765899336714787,0.15229229411943668,0.03334245991907761,0.002739121339945881,0.32396801383185647,0.4673913043478261,0.5424008810572687,0.45982781174895804,0.0,0.0634296829833528,0.15229229411943668,0.16744242645492988,0.04201682927387487,1,1,0.04765282401984389,1.0,18635.236488342285,epoch_56_original,15,A1_drop_cam_front,6,R1_replace_tminus1,['CAM_FRONT'],replace,[1],,False,False,False
0.2747810984875895,0.10058767056904351,0.46670037358501165,0.05541703411157199,1.4741158956209095,0.4966442953020134,0.0,0.2984424719477474,0.4754920879969124,0.46601029990911846,52480,0.1531417656807393,0.0,0.7015575280522526,0.5033557046979866,0.0,0.2984424719477474,0.0634874639906696,0.03855342871416141,0.001513900585540344,0.11695221879323188,0.1543495969214348,0.022555546192522702,0.001513900585540344,0.2984424719477474,0.4966442953020134,0.4754920879969124,0.0,0.0,0.05541703411157199,0.1543495969214348,0.1531417656807393,0.0634874639906696,1,2,0.04649983515793627,1.0,18387.817848205566,epoch_56_original,15,A1_drop_cam_front,0,R2_replace_tminus2,['CAM_FRONT'],replace,[2],,False,False,False
0.2525544050664077,0.07807670630900239,0.47393013846942844,0.06283827793593012,1.6090660436492108,0.37404580152671757,0.3609603586597452,0.409973285841496,0.4728171334431631,0.47401285583103764,56475,0.16040800045586642,0.0,0.590026714158504,0.6259541984732824,0.3609603586597452,0.409973285841496,0.045465826024803896,0.01820509818805939,0.0036005832349702976,0.11782985630022565,0.16961080403441797,0.0316257336600376,0.0036005832349702976,0.409973285841496,0.37404580152671757,0.4728171334431631,0.0,0.0,0.06283827793593012,0.16961080403441797,0.16040800045586642,0.045465826024803896,1,2,0.04649983515793627,1.0,18387.817848205566,epoch_56_original,15,A1_drop_cam_front,2,R2_replace_tminus2,['CAM_FRONT'],replace,[2],,False,False,False
0.26815579434244297,0.07812749770774745,0.4554721951778249,0.05948324017729945,1.575167516178913,0.48623853211009177,0.4024162159429813,0.25871743486973947,0.49407863571766936,0.4529883270854287,55008,0.16173185957276215,0.0,0.7412825651302606,0.5137614678899083,0.4024162159429813,0.25871743486973947,0.058715680947687476,0.019531207288650577,0.0006015753340891591,0.09134195698754068,0.13183666456674858,0.03519271519386061,0.0006015753340891591,0.25871743486973947,0.48623853211009177,0.49407863571766936,0.4554721951778249,0.0,0.05948324017729945,0.13183666456674858,0.16173185957276215,0.058715680947687476,1,2,0.04649983515793627,1.0,18387.817848205566,epoch_56_original,15,A1_drop_cam_front,4,R2_replace_tminus2,['CAM_FRONT'],replace,[2],,False,False,False
0.2590866324093508,0.0733059453101536,0.4554774725441879,0.05964794961202644,1.646223114599495,0.358695652173913,0.3806618880585634,0.35271234060946616,0.598568281938326,0.4471099661890195,54113,0.17203614127954733,0.0,0.6472876593905339,0.6413043478260869,0.3806618880585634,0.35271234060946616,0.05235379440481827,0.0138260198490983,-0.0010426120313804799,0.05565743269605931,0.0867938304280369,0.03793617474369507,-0.0010426120313804799,0.35271234060946616,0.358695652173913,0.598568281938326,0.4554774725441879,0.0,0.05964794961202644,0.0867938304280369,0.17203614127954733,0.05235379440481827,1,2,0.04649983515793627,1.0,18387.817848205566,epoch_56_original,15,A1_drop_cam_front,6,R2_replace_tminus2,['CAM_FRONT'],replace,[2],,False,False,False
0.27391209905148073,0.1035664917997524,0.46869469958709026,0.055350852665209574,1.470998005673998,0.4228187919463087,0.0,0.26812929157595045,0.46777306059436513,0.46876704029082095,52369,0.14847897530968232,0.0,0.7318707084240496,0.5771812080536913,0.0,0.26812929157595045,0.0626184645545608,0.0415322499448703,0.0014477191391779262,0.11458976269022028,0.15123170697452326,0.01789275582146571,0.0014477191391779262,0.26812929157595045,0.4228187919463087,0.46777306059436513,0.0,0.0,0.055350852665209574,0.15123170697452326,0.14847897530968232,0.0626184645545608,1,1,0.04594176702878692,1.0,17542.976722717285,epoch_56_original,15,A1_drop_cam_front,0,R3_ema_K2,['CAM_FRONT'],ema,"[1, 2]",,False,False,False
0.2571888500591618,0.081237713923596,0.4674055501737991,0.06213237846791712,1.6034246965639067,0.48854961832061067,0.35983954695611137,0.39982190560997327,0.4542833607907743,0.46838077747168655,56277,0.15841358481964785,0.0,0.6001780943900268,0.5114503816793894,0.35983954695611137,0.39982190560997327,0.05010027101755801,0.021366105802652996,0.0028946837669572914,0.11391077154506947,0.1639694569491139,0.02963131802381902,0.0028946837669572914,0.39982190560997327,0.48854961832061067,0.4542833607907743,0.0,0.0,0.06213237846791712,0.1639694569491139,0.15841358481964785,0.05010027101755801,1,1,0.04594176702878692,1.0,17542.976722717285,epoch_56_original,15,A1_drop_cam_front,2,R3_ema_K2,['CAM_FRONT'],ema,"[1, 2]",,False,False,False
0.26177564084644844,0.0786035684851548,0.4636905102800527,0.0605277336145092,1.5850466754481416,0.6055045871559633,0.3892736187635849,0.25490981963927856,0.4504973945997158,0.4645393313218128,55353,0.1556325525456732,0.0,0.7450901803607215,0.39449541284403666,0.3892736187635849,0.25490981963927856,0.052335527451692954,0.020007278066057933,0.0016460687712989072,0.09818665185302754,0.14171582383597725,0.029093408166771667,0.0016460687712989072,0.25490981963927856,0.6055045871559633,0.4504973945997158,0.4636905102800527,0.0,0.0605277336145092,0.14171582383597725,0.1556325525456732,0.052335527451692954,1,1,0.04594176702878692,1.0,17542.976722717285,epoch_56_original,15,A1_drop_cam_front,4,R3_ema_K2,['CAM_FRONT'],ema,"[1, 2]",,False,False,False
0.2509678791746437,0.07262719860500433,0.46162270694533175,0.062003297487024996,1.6835812722460528,0.4782608695652174,0.38361039093081184,0.33174843311000646,0.5600220264317181,0.45586862018998553,55341,0.163335462870007,0.0,0.6682515668899935,0.5217391304347826,0.38361039093081184,0.33174843311000646,0.04423504117011115,0.013147273143949034,0.0013127358436180736,0.0796137339055794,0.12415198807459471,0.02923549633415473,0.0013127358436180736,0.33174843311000646,0.4782608695652174,0.5600220264317181,0.46162270694533175,0.0,0.062003297487024996,0.12415198807459471,0.163335462870007,0.04423504117011115,1,1,0.04594176702878692,1.0,17542.976722717285,epoch_56_original,15,A1_drop_cam_front,6,R3_ema_K2,['CAM_FRONT'],ema,"[1, 2]",,False,False,False
0.2750458021926891,0.10410575900573495,0.4686666104884694,0.05488592800451358,1.463133058060167,0.42953020134228187,0.0,0.2751632892312845,0.458124276341181,0.4694940926991821,52089,0.14715878767450352,0.0,0.7248367107687155,0.5704697986577181,0.0,0.2751632892312845,0.06375216769576916,0.04207151715085285,0.0009827944784819298,0.10863041396190273,0.1433667593606922,0.016572568186286912,0.0009827944784819298,0.2751632892312845,0.42953020134228187,0.458124276341181,0.0,0.0,0.05488592800451358,0.1433667593606922,0.14715878767450352,0.06375216769576916,1,2,0.045261774212121964,1.0,17125.99112701416,epoch_56_original,15,A1_drop_cam_front,0,R4_ema_K3,['CAM_FRONT'],ema,"[1, 2, 3]",,False,False,False
0.2587264737583948,0.08096024938974754,0.4665508006154197,0.061609979798380565,1.5952760841073566,0.5572519083969466,0.3586597451628126,0.4046304541406946,0.46540362438220756,0.4666360575451485,55991,0.15972420080916291,0.0,0.5953695458593053,0.4427480916030534,0.3586597451628126,0.4046304541406946,0.051637894716791005,0.02108864126880454,0.00237228509742074,0.10824987134317723,0.15582084449256373,0.030941934013334088,0.00237228509742074,0.4046304541406946,0.5572519083969466,0.46540362438220756,0.0,0.0,0.061609979798380565,0.15582084449256373,0.15972420080916291,0.051637894716791005,1,2,0.045261774212121964,1.0,17125.99112701416,epoch_56_original,15,A1_drop_cam_front,2,R4_ema_K3,['CAM_FRONT'],ema,"[1, 2, 3]",,False,False,False
0.2633915442463624,0.08041431737328543,0.46142832598362066,0.06029801116550263,1.5833285607926235,0.6055045871559633,0.38942526411565487,0.2503006012024048,0.46518237801989576,0.4611867971107251,55293,0.15729339671267395,0.0,0.7496993987975952,0.39449541284403666,0.38942526411565487,0.2503006012024048,0.05395143085160692,0.02181802695418856,0.0014163463222923375,0.09699627013729069,0.13999770918045917,0.03075425233377241,0.0014163463222923375,0.2503006012024048,0.6055045871559633,0.46518237801989576,0.46142832598362066,0.0,0.06029801116550263,0.13999770918045917,0.15729339671267395,0.05395143085160692,1,2,0.045261774212121964,1.0,17125.99112701416,epoch_56_original,15,A1_drop_cam_front,4,R4_ema_K3,['CAM_FRONT'],ema,"[1, 2, 3]",,False,False,False
0.2542809690166657,0.07302282131279558,0.45970612393903443,0.06089809579183337,1.6650847251376593,0.4782608695652174,0.38294951959737683,0.3311000648368273,0.5737885462555066,0.4530349380132024,54733,0.16503909220893798,0.0,0.6688999351631727,0.5217391304347826,0.38294951959737683,0.3311000648368273,0.04754813101213315,0.013542895851740289,0.00020753414842644702,0.06775263363246196,0.10565544096620116,0.03093912567308571,0.00020753414842644702,0.3311000648368273,0.4782608695652174,0.5737885462555066,0.45970612393903443,0.0,0.06089809579183337,0.10565544096620116,0.16503909220893798,0.04754813101213315,1,2,0.045261774212121964,1.0,17125.99112701416,epoch_56_original,15,A1_drop_cam_front,6,R4_ema_K3,['CAM_FRONT'],ema,"[1, 2, 3]",,False,False,False
0.15046017230733041,0.048114251967668616,0.7125361647144743,0.053635098668263846,1.198028145276818,0.8859060402684564,0.0,0.7539775581979568,0.5453492859899652,0.7256588912450772,42651,0.11322715654054662,0.0,0.24602244180204325,0.11409395973154357,0.0,0.7539775581979568,0.0,0.0,0.0,0.0,0.0,0.0,0.0,0.7539775581979568,0.8859060402684564,0.5453492859899652,0.0,0.0,0.053635098668263846,0.0,0.11322715654054662,0.0,0,0,0.0,0.0,0.0,epoch_56_original,15,A10_drop_front_triplet,0,R0_degraded_native,[],native,[],,False,False,False
0.15868710748836062,0.045791363943765734,0.6882728360590347,0.055957824573236656,1.2761410906604365,0.8015267175572519,0.1966729589428976,0.8377560106856634,0.6029654036243822,0.6946127946127946,44790,0.11211465040743063,0.0,0.1622439893143366,0.1984732824427481,0.1966729589428976,0.8377560106856634,0.0,0.0,0.0,0.0,0.0,0.0,0.0,0.8377560106856634,0.8015267175572519,0.6029654036243822,0.0,0.0,0.055957824573236656,0.0,0.11211465040743063,0.0,0,0,0.0,0.0,0.0,epoch_56_original,15,A10_drop_front_triplet,2,R0_degraded_native,[],native,[],,False,False,False
0.15765334262242736,0.04416680676799548,0.6889639768627226,0.0561514383269595,1.28394708206861,1.0,0.22398018500732952,0.8234468937875752,0.6044528659403127,0.6944012678674835,44838,0.10738216596987572,0.0,0.17655310621242482,0.0,0.22398018500732952,0.8234468937875752,0.0,0.0,0.0,0.0,0.0,0.0,0.0,0.8234468937875752,1.0,0.6044528659403127,0.6889639768627226,0.0,0.0561514383269595,0.0,0.10738216596987572,0.0,0,0,0.0,0.0,0.0,epoch_56_original,15,A10_drop_front_triplet,4,R0_degraded_native,[],native,[],,False,False,False
0.15328118468979518,0.04081734263126442,0.6876273919260139,0.056193988427500584,1.3502783608652003,1.0,0.22637384982969855,0.8348822130970391,0.6679515418502202,0.6887779745612623,44385,0.11399105594597062,0.0739139831424249,0.16511778690296086,0.0,0.22637384982969855,0.8348822130970391,0.0,0.0,0.0,0.0,0.0,0.0,0.0,0.8348822130970391,1.0,0.6679515418502202,0.6876273919260139,0.0739139831424249,0.056193988427500584,0.0,0.11399105594597062,0.0,0,0,0.0,0.0,0.0,epoch_56_original,15,A10_drop_front_triplet,6,R0_degraded_native,[],native,[],,False,False,False
0.2419778478813736,0.08986541082519565,0.5109126148141906,0.06015231659880311,1.5102946546445324,0.5906040268456376,0.0,0.32808574778094124,0.4569664222307989,0.5151469251741896,53768,0.14440605600966264,0.0,0.6719142522190588,0.4093959731543624,0.0,0.32808574778094124,0.0915176755740432,0.04175115885752704,0.0065172179305392625,0.26065039506693866,0.3122665093677144,0.03117889946911602,0.0065172179305392625,0.32808574778094124,0.5906040268456376,0.4569664222307989,0.0,0.0,0.06015231659880311,0.3122665093677144,0.14440605600966264,0.0915176755740432,3,1,0.04631452962304606,1.0,18377.464312235516,epoch_56_original,15,A10_drop_front_triplet,0,R1_replace_tminus1,"['CAM_FRONT', 'CAM_FRONT_LEFT', 'CAM_FRONT_RIGHT']",replace,[1],,False,False,False
0.2280355249204666,0.0738345448375443,0.5098581115733091,0.06669179470393552,1.639552111231409,0.48091603053435117,0.32078810759792353,0.48210151380231525,0.46087314662273476,0.5134986225895317,57545,0.15570687788477977,0.0,0.5178984861976847,0.5190839694656488,0.32078810759792353,0.48210151380231525,0.06934841743210599,0.028043180893778566,0.010733970130698864,0.2847733869167225,0.36341102057097263,0.043592227477349144,0.010733970130698864,0.48210151380231525,0.48091603053435117,0.46087314662273476,0.0,0.0,0.06669179470393552,0.36341102057097263,0.15570687788477977,0.06934841743210599,3,1,0.04631452962304606,1.0,18377.464312235516,epoch_56_original,15,A10_drop_front_triplet,2,R1_replace_tminus1,"['CAM_FRONT', 'CAM_FRONT_LEFT', 'CAM_FRONT_RIGHT']",replace,[1],,False,False,False
0.24218520202155253,0.08090309234416652,0.4813011854991123,0.06589563659561247,1.6604432735811236,0.6605504587155964,0.3685487539806905,0.27134268537074147,0.42775935575556606,0.4847459693395508,57986,0.15694977378157035,0.0,0.7286573146292585,0.33944954128440363,0.3685487539806905,0.27134268537074147,0.08453185939912516,0.03673628557617104,0.00974419826865297,0.2932334180828761,0.37649619151251357,0.04956760781169463,0.00974419826865297,0.27134268537074147,0.6605504587155964,0.42775935575556606,0.4813011854991123,0.0,0.06589563659561247,0.37649619151251357,0.15694977378157035,0.08453185939912516,3,1,0.04631452962304606,1.0,18377.464312235516,epoch_56_original,15,A10_drop_front_triplet,4,R1_replace_tminus1,"['CAM_FRONT', 'CAM_FRONT_LEFT', 'CAM_FRONT_RIGHT']",replace,[1],,False,False,False
0.23136889321227844,0.07165905491632797,0.4790240637644124,0.06776978203973126,1.7726871710626388,0.5543478260869565,0.35636215749072236,0.3347741517181759,0.5291850220264317,0.47609080663339237,58270,0.16564753125855616,0.5636481521504214,0.6652258482818241,0.44565217391304346,0.35636215749072236,0.3347741517181759,0.07808770852248326,0.03084171228506355,0.011575793612230677,0.3128309113439225,0.4224088101974386,0.05165647531258555,0.011575793612230677,0.3347741517181759,0.5543478260869565,0.5291850220264317,0.4790240637644124,0.5636481521504214,0.06776978203973126,0.4224088101974386,0.16564753125855616,0.07808770852248326,3,1,0.04631452962304606,1.0,18377.464312235516,epoch_56_original,15,A10_drop_front_triplet,6,R1_replace_tminus1,"['CAM_FRONT', 'CAM_FRONT_LEFT', 'CAM_FRONT_RIGHT']",replace,[1],,False,False,False
0.24278471138845553,0.08696972074579679,0.5104070110390158,0.059879318132558125,1.5061655571472712,0.4161073825503356,0.0,0.3590688326913415,0.49864917020455424,0.5113299000302939,53621,0.14687789668829526,0.0,0.6409311673086585,0.5838926174496644,0.0,0.3590688326913415,0.09232453908112512,0.03885546877812817,0.006244219464294279,0.2572038170265644,0.3081374118704532,0.033650740147748645,0.006244219464294279,0.3590688326913415,0.4161073825503356,0.49864917020455424,0.0,0.0,0.059879318132558125,0.3081374118704532,0.14687789668829526,0.09232453908112512,3,2,0.04581550553892599,1.0,18378.643124898274,epoch_56_original,15,A10_drop_front_triplet,0,R2_replace_tminus2,"['CAM_FRONT', 'CAM_FRONT_LEFT', 'CAM_FRONT_RIGHT']",replace,[2],,False,False,False
0.23126547547346585,0.07193729028965253,0.5076927460254146,0.06549325345262538,1.6210610291184684,0.37404580152671757,0.30373997168475697,0.46215494211932323,0.48805601317957165,0.5091521273339455,56896,0.15969570915721693,0.0,0.5378450578806768,0.6259541984732824,0.30373997168475697,0.46215494211932323,0.07257836798510522,0.02614592634588679,0.009535428879388727,0.2702835454342487,0.3449199384580319,0.0475810587497863,0.009535428879388727,0.46215494211932323,0.37404580152671757,0.48805601317957165,0.0,0.0,0.06549325345262538,0.3449199384580319,0.15969570915721693,0.07257836798510522,3,2,0.04581550553892599,1.0,18378.643124898274,epoch_56_original,15,A10_drop_front_triplet,2,R2_replace_tminus2,"['CAM_FRONT', 'CAM_FRONT_LEFT', 'CAM_FRONT_RIGHT']",replace,[2],,False,False,False
0.24408485178134348,0.07448091170468914,0.4859973655575282,0.06382317651608553,1.6198384972223814,0.6055045871559633,0.348177728352626,0.2777555110220441,0.5030791094268119,0.48489835725823655,56568,0.15798064257488117,0.0,0.7222444889779559,0.39449541284403666,0.348177728352626,0.2777555110220441,0.08643150915891612,0.030314104936693655,0.007671738189126032,0.2616084571122708,0.3358914151537713,0.05059847660500545,0.007671738189126032,0.2777555110220441,0.6055045871559633,0.5030791094268119,0.4859973655575282,0.0,0.06382317651608553,0.3358914151537713,0.15798064257488117,0.08643150915891612,3,2,0.04581550553892599,1.0,18378.643124898274,epoch_56_original,15,A10_drop_front_triplet,4,R2_replace_tminus2,"['CAM_FRONT', 'CAM_FRONT_LEFT', 'CAM_FRONT_RIGHT']",replace,[2],,False,False,False
0.2364368169494368,0.07210743217086037,0.4853214079279608,0.06371463066333515,1.6914909798910893,0.4673913043478261,0.32921559656346905,0.33088394207910093,0.6365638766519823,0.47647721783931735,55601,0.1647957165890907,0.5902312513507673,0.669116057920899,0.5326086956521738,0.32921559656346905,0.33088394207910093,0.08315563225964162,0.031290089539595944,0.007520642235834561,0.25269798355300216,0.34121261902588906,0.050804660643120086,0.007520642235834561,0.33088394207910093,0.4673913043478261,0.6365638766519823,0.4853214079279608,0.5902312513507673,0.06371463066333515,0.34121261902588906,0.1647957165890907,0.08315563225964162,3,2,0.04581550553892599,1.0,18378.643124898274,epoch_56_original,15,A10_drop_front_triplet,6,R2_replace_tminus2,"['CAM_FRONT', 'CAM_FRONT_LEFT', 'CAM_FRONT_RIGHT']",replace,[2],,False,False,False
0.24502702401515575,0.08221003769460755,0.5059127552596837,0.059872699987921885,1.51054745653212,0.4697986577181208,0.0,0.34282364763021267,0.5021227325357005,0.5062102393214177,53777,0.14932164826830707,0.0,0.6571763523697873,0.5302013422818792,0.0,0.34282364763021267,0.09456685170782533,0.034095785726938936,0.0062376013196580385,0.2608614100490024,0.31251931125530197,0.036094491727760455,0.0062376013196580385,0.34282364763021267,0.4697986577181208,0.5021227325357005,0.0,0.0,0.059872699987921885,0.31251931125530197,0.14932164826830707,0.09456685170782533,3,1,0.0446176715195179,1.0,17309.688046773274,epoch_56_original,15,A10_drop_front_triplet,0,R3_ema_K2,"['CAM_FRONT', 'CAM_FRONT_LEFT', 'CAM_FRONT_RIGHT']",ema,"[1, 2]",,False,False,False
0.22734965286569034,0.07108409625975635,0.5139039261496382,0.06603549004632155,1.624195110832526,0.5038167938931297,0.3081642284096272,0.4870881567230632,0.48805601317957165,0.5158249158249159,57006,0.1601515755883526,0.0,0.5129118432769368,0.4961832061068703,0.3081642284096272,0.4870881567230632,0.06866254537732971,0.02529273231599062,0.01007766547308489,0.27273945077026124,0.34805402017208964,0.04803692518092198,0.01007766547308489,0.4870881567230632,0.5038167938931297,0.48805601317957165,0.0,0.0,0.06603549004632155,0.34805402017208964,0.1601515755883526,0.06866254537732971,3,1,0.0446176715195179,1.0,17309.688046773274,epoch_56_original,15,A10_drop_front_triplet,2,R3_ema_K2,"['CAM_FRONT', 'CAM_FRONT_LEFT', 'CAM_FRONT_RIGHT']",ema,"[1, 2]",,False,False,False
0.24456853204667742,0.07808278664483097,0.483277017352958,0.06422477763197472,1.6295172097817994,0.6238532110091743,0.3614214224334024,0.27875751503006013,0.497868308858361,0.48233824022431504,56906,0.15789473684210525,0.0,0.7212424849699399,0.37614678899082565,0.3614214224334024,0.27875751503006013,0.08691518942425006,0.033915979876835485,0.00807333930501522,0.2691467059190865,0.3455701277131893,0.05051257087222953,0.00807333930501522,0.27875751503006013,0.6238532110091743,0.497868308858361,0.483277017352958,0.0,0.06422477763197472,0.3455701277131893,0.15789473684210525,0.08691518942425006,3,1,0.0446176715195179,1.0,17309.688046773274,epoch_56_original,15,A10_drop_front_triplet,4,R3_ema_K2,"['CAM_FRONT', 'CAM_FRONT_LEFT', 'CAM_FRONT_RIGHT']",ema,"[1, 2]",,False,False,False
0.23197901214219,0.07087415554034492,0.4862036445499072,0.06577350118343878,1.7286361838702808,0.4891304347826087,0.34624574246352496,0.3563864274908148,0.5770925110132159,0.48088874577362745,56822,0.16443065315931976,0.5558677328722714,0.6436135725091852,0.5108695652173914,0.34624574246352496,0.3563864274908148,0.07869782745239481,0.030056812909080494,0.009579512755938192,0.2802072772332995,0.3783578230050806,0.05043959721334915,0.009579512755938192,0.3563864274908148,0.4891304347826087,0.5770925110132159,0.4862036445499072,0.5558677328722714,0.06577350118343878,0.3783578230050806,0.16443065315931976,0.07869782745239481,3,1,0.0446176715195179,1.0,17309.688046773274,epoch_56_original,15,A10_drop_front_triplet,6,R3_ema_K2,"['CAM_FRONT', 'CAM_FRONT_LEFT', 'CAM_FRONT_RIGHT']",ema,"[1, 2]",,False,False,False
0.24436855310844718,0.07883578756334023,0.5075700120783124,0.05979328225228698,1.5075419229796916,0.44966442953020136,0.0,0.35153240663205493,0.5109996140486299,0.5073008179339594,53670,0.1492373809724446,0.0,0.6484675933679451,0.5503355704697986,0.0,0.35153240663205493,0.09390838080111677,0.03072153559567161,0.006158183584023133,0.25835267637335585,0.3095137777028736,0.03601022443189798,0.006158183584023133,0.35153240663205493,0.44966442953020136,0.5109996140486299,0.0,0.0,0.05979328225228698,0.3095137777028736,0.1492373809724446,0.09390838080111677,3,2,0.04399947404409899,1.0,16944.973203023274,epoch_56_original,15,A10_drop_front_triplet,0,R4_ema_K3,"['CAM_FRONT', 'CAM_FRONT_LEFT', 'CAM_FRONT_RIGHT']",ema,"[1, 2, 3]",,False,False,False
0.2265657334348006,0.0713984740780229,0.5164966664767223,0.06580074127709944,1.6175565559291127,0.5877862595419847,0.30533270410571023,0.5027604630454141,0.4847611202635914,0.5188552188552189,56773,0.15849905977548578,0.0,0.4972395369545859,0.4122137404580153,0.30533270410571023,0.5027604630454141,0.06787862594643998,0.025607110134257163,0.00984291670386278,0.2675373967403438,0.3414154652686763,0.04638440936805516,0.00984291670386278,0.5027604630454141,0.5877862595419847,0.4847611202635914,0.0,0.0,0.06580074127709944,0.3414154652686763,0.15849905977548578,0.06787862594643998,3,2,0.04399947404409899,1.0,16944.973203023274,epoch_56_original,15,A10_drop_front_triplet,2,R4_ema_K3,"['CAM_FRONT', 'CAM_FRONT_LEFT', 'CAM_FRONT_RIGHT']",ema,"[1, 2, 3]",,False,False,False
0.2467348329925017,0.07944925241616767,0.48175934940725046,0.0635091674131269,1.6186358169635187,0.6788990825688074,0.36056209877167267,0.2693386773547094,0.4770251065845571,0.4820639419706806,56526,0.15838153599450203,0.0,0.7306613226452906,0.3211009174311926,0.36056209877167267,0.2693386773547094,0.08908149037007435,0.035282445648172185,0.0073577290861674,0.26067175163923456,0.3346887348949086,0.0509993700246263,0.0073577290861674,0.2693386773547094,0.6788990825688074,0.4770251065845571,0.48175934940725046,0.0,0.0635091674131269,0.3346887348949086,0.15838153599450203,0.08908149037007435,3,2,0.04399947404409899,1.0,16944.973203023274,epoch_56_original,15,A10_drop_front_triplet,4,R4_ema_K3,"['CAM_FRONT', 'CAM_FRONT_LEFT', 'CAM_FRONT_RIGHT']",ema,"[1, 2, 3]",,False,False,False
0.23125342841470103,0.07089734897793008,0.4869946153144109,0.0659645643677044,1.7313741595935628,0.5543478260869565,0.34253469574500534,0.3438513075426842,0.585352422907489,0.4812429560457253,56912,0.16443065315931976,0.5653771342122326,0.6561486924573158,0.44565217391304346,0.34253469574500534,0.3438513075426842,0.07797224372490585,0.03008000634666566,0.009770575940203814,0.2822349892981863,0.3810957987283625,0.05043959721334915,0.009770575940203814,0.3438513075426842,0.5543478260869565,0.585352422907489,0.4869946153144109,0.5653771342122326,0.0659645643677044,0.3810957987283625,0.16443065315931976,0.07797224372490585,3,2,0.04399947404409899,1.0,16944.973203023274,epoch_56_original,15,A10_drop_front_triplet,6,R4_ema_K3,"['CAM_FRONT', 'CAM_FRONT_LEFT', 'CAM_FRONT_RIGHT']",ema,"[1, 2, 3]",,False,False,False
0.2419778478813736,0.08986541082519565,0.5109126148141906,0.06015231659880311,1.5102946546445324,0.5906040268456376,0.0,0.32808574778094124,0.4569664222307989,0.5151469251741896,53768,0.14440605600966264,0.0,0.6719142522190588,0.4093959731543624,0.0,0.32808574778094124,0.0915176755740432,0.04175115885752704,0.0065172179305392625,0.26065039506693866,0.3122665093677144,0.03117889946911602,0.0065172179305392625,0.32808574778094124,0.5906040268456376,0.4569664222307989,0.0,0.0,0.06015231659880311,0.3122665093677144,0.14440605600966264,0.0915176755740432,3,1,0.04631452962304606,1.0,18377.464312235516,epoch_56_original,15,A10_drop_front_triplet,0,R8_camera_group_repair_front_triplet,"['CAM_FRONT', 'CAM_FRONT_LEFT', 'CAM_FRONT_RIGHT']",replace,[1],,False,False,False
0.2280355249204666,0.0738345448375443,0.5098581115733091,0.06669179470393552,1.639552111231409,0.48091603053435117,0.32078810759792353,0.48210151380231525,0.46087314662273476,0.5134986225895317,57545,0.15570687788477977,0.0,0.5178984861976847,0.5190839694656488,0.32078810759792353,0.48210151380231525,0.06934841743210599,0.028043180893778566,0.010733970130698864,0.2847733869167225,0.36341102057097263,0.043592227477349144,0.010733970130698864,0.48210151380231525,0.48091603053435117,0.46087314662273476,0.0,0.0,0.06669179470393552,0.36341102057097263,0.15570687788477977,0.06934841743210599,3,1,0.04631452962304606,1.0,18377.464312235516,epoch_56_original,15,A10_drop_front_triplet,2,R8_camera_group_repair_front_triplet,"['CAM_FRONT', 'CAM_FRONT_LEFT', 'CAM_FRONT_RIGHT']",replace,[1],,False,False,False
0.24218520202155253,0.08090309234416652,0.4813011854991123,0.06589563659561247,1.6604432735811236,0.6605504587155964,0.3685487539806905,0.27134268537074147,0.42775935575556606,0.4847459693395508,57986,0.15694977378157035,0.0,0.7286573146292585,0.33944954128440363,0.3685487539806905,0.27134268537074147,0.08453185939912516,0.03673628557617104,0.00974419826865297,0.2932334180828761,0.37649619151251357,0.04956760781169463,0.00974419826865297,0.27134268537074147,0.6605504587155964,0.42775935575556606,0.4813011854991123,0.0,0.06589563659561247,0.37649619151251357,0.15694977378157035,0.08453185939912516,3,1,0.04631452962304606,1.0,18377.464312235516,epoch_56_original,15,A10_drop_front_triplet,4,R8_camera_group_repair_front_triplet,"['CAM_FRONT', 'CAM_FRONT_LEFT', 'CAM_FRONT_RIGHT']",replace,[1],,False,False,False
0.23136889321227844,0.07165905491632797,0.4790240637644124,0.06776978203973126,1.7726871710626388,0.5543478260869565,0.35636215749072236,0.3347741517181759,0.5291850220264317,0.47609080663339237,58270,0.16564753125855616,0.5636481521504214,0.6652258482818241,0.44565217391304346,0.35636215749072236,0.3347741517181759,0.07808770852248326,0.03084171228506355,0.011575793612230677,0.3128309113439225,0.4224088101974386,0.05165647531258555,0.011575793612230677,0.3347741517181759,0.5543478260869565,0.5291850220264317,0.4790240637644124,0.5636481521504214,0.06776978203973126,0.4224088101974386,0.16564753125855616,0.07808770852248326,3,1,0.04631452962304606,1.0,18377.464312235516,epoch_56_original,15,A10_drop_front_triplet,6,R8_camera_group_repair_front_triplet,"['CAM_FRONT', 'CAM_FRONT_LEFT', 'CAM_FRONT_RIGHT']",replace,[1],,False,False,False
0.1546389042248337,0.07478930541455482,0.6695598438246116,0.06696404196565514,1.467290244656049,0.8523489932885906,0.0,0.44046223413163627,0.5592435353145504,0.6782187215995154,52237,0.10092413134462515,0.0,0.5595377658683638,0.1476510067114094,0.0,0.44046223413163627,0.0,0.0,0.0,0.0,0.0,0.0,0.0,0.44046223413163627,0.8523489932885906,0.5592435353145504,0.0,0.0,0.06696404196565514,0.0,0.10092413134462515,0.0,0,0,0.0,0.0,0.0,epoch_56_original,15,C4_motion_blur_9,0,R0_degraded_native,[],native,[],,False,False,False
0.1781567300182244,0.07742144258096358,0.6100632514673201,0.06897315598229134,1.5786654510228504,0.7557251908396947,0.27282916470033036,0.4238646482635797,0.5,0.6182430364248546,55408,0.13174539859821072,0.0,0.5761353517364203,0.2442748091603053,0.27282916470033036,0.4238646482635797,0.0,0.0,0.0,0.0,0.0,0.0,0.0,0.4238646482635797,0.7557251908396947,0.5,0.0,0.0,0.06897315598229134,0.0,0.13174539859821072,0.0,0,0,0.0,0.0,0.0,epoch_56_original,15,C4_motion_blur_9,2,R0_degraded_native,[],native,[],,False,False,False
0.17068165479380432,0.0652424505366886,0.6260809804707634,0.06872337120172936,1.5646583815359945,0.8256880733944955,0.25653338725168073,0.4152304609218437,0.4490762671719564,0.6374691414464662,54641,0.12877269343107497,0.0,0.5847695390781563,0.17431192660550454,0.25653338725168073,0.4152304609218437,0.0,0.0,0.0,0.0,0.0,0.0,0.0,0.4152304609218437,0.8256880733944955,0.4490762671719564,0.6260809804707634,0.0,0.06872337120172936,0.0,0.12877269343107497,0.0,0,0,0.0,0.0,0.0,epoch_56_original,15,C4_motion_blur_9,4,R0_degraded_native,[],native,[],,False,False,False
0.18132933241276755,0.07364721696541299,0.584527394968209,0.06991100738063905,1.7067323780840253,0.7608695652173914,0.32072594174165014,0.454938405014048,0.43502202643171806,0.59327000483014,56102,0.13397827872592863,0.0,0.5450615949859521,0.23913043478260865,0.32072594174165014,0.454938405014048,0.0,0.0,0.0,0.0,0.0,0.0,0.0,0.454938405014048,0.7608695652173914,0.43502202643171806,0.584527394968209,0.0,0.06991100738063905,0.0,0.13397827872592863,0.0,0,0,0.0,0.0,0.0,epoch_56_original,15,C4_motion_blur_9,6,R0_degraded_native,[],native,[],,False,False,False
0.19396724760863246,0.07375242710408807,0.6064155501249965,0.06061889579565816,1.4227128451447992,0.610738255033557,0.0,0.40763691174007705,0.5422616750289464,0.6114510754316874,50650,0.13460296059099464,0.0,0.5923630882599229,0.38926174496644295,0.0,0.40763691174007705,0.03932834338379876,-0.0010368783104667545,-0.006345146169996978,-0.03038076459214733,-0.04457739951124973,0.03367882924636949,-0.006345146169996978,0.40763691174007705,0.610738255033557,0.5422616750289464,0.0,0.0,0.06061889579565816,-0.04457739951124973,0.13460296059099464,0.03932834338379876,6,1,0.03898890689015388,1.0,1017.1508178710938,epoch_56_original,15,C4_motion_blur_9,0,R5_blend_alpha03,"['CAM_FRONT', 'CAM_FRONT_RIGHT', 'CAM_FRONT_LEFT', 'CAM_BACK', 'CAM_BACK_LEFT', 'CAM_BACK_RIGHT']",blend,"[1, 2]",0.3,False,False,False
0.21066415397619412,0.07068825419330686,0.5668414154652687,0.061281000889400264,1.4893156305202575,0.732824427480916,0.2826805096743747,0.4906500445235975,0.5605436573311368,0.5673094582185492,52272,0.1544817368511026,0.0,0.5093499554764025,0.26717557251908397,0.2826805096743747,0.4906500445235975,0.03250742395796971,-0.006733188387656713,-0.007692155092891076,-0.05659832515160266,-0.08934982050259288,0.022736338252891897,-0.007692155092891076,0.4906500445235975,0.732824427480916,0.5605436573311368,0.0,0.0,0.061281000889400264,-0.08934982050259288,0.1544817368511026,0.03250742395796971,6,1,0.03898890689015388,1.0,1017.1508178710938,epoch_56_original,15,C4_motion_blur_9,2,R5_blend_alpha03,"['CAM_FRONT', 'CAM_FRONT_RIGHT', 'CAM_FRONT_LEFT', 'CAM_BACK', 'CAM_BACK_LEFT', 'CAM_BACK_RIGHT']",blend,"[1, 2]",0.3,False,False,False
0.21880282182021374,0.07285542892277144,0.5514861691770231,0.06059218811459018,1.498367791077258,0.8990825688073395,0.3092554213213365,0.3284569138276553,0.497868308858361,0.5549358446862332,52326,0.1499914094267224,0.0,0.6715430861723447,0.1009174311926605,0.3092554213213365,0.3284569138276553,0.04812116702640942,0.007612978386082839,-0.008131183087139178,-0.0423674530114749,-0.06629059045873653,0.021218715995647425,-0.008131183087139178,0.3284569138276553,0.8990825688073395,0.497868308858361,0.5514861691770231,0.0,0.06059218811459018,-0.06629059045873653,0.1499914094267224,0.04812116702640942,6,1,0.03898890689015388,1.0,1017.1508178710938,epoch_56_original,15,C4_motion_blur_9,4,R5_blend_alpha03,"['CAM_FRONT', 'CAM_FRONT_RIGHT', 'CAM_FRONT_LEFT', 'CAM_BACK', 'CAM_BACK_LEFT', 'CAM_BACK_RIGHT']",blend,"[1, 2]",0.3,False,False,False
0.22795971608878784,0.0774228734966874,0.5241702412460831,0.058870520103635304,1.56317118432661,0.6630434782608695,0.34446647348889226,0.4333261292414091,0.5341409691629956,0.5235871840283368,51383,0.15788993337592408,0.0,0.5666738707585909,0.3369565217391305,0.34446647348889226,0.4333261292414091,0.04663038367602029,0.0037756565312744156,-0.011040487277003741,-0.08411464831913301,-0.14356119375741527,0.02391165464999545,-0.011040487277003741,0.4333261292414091,0.6630434782608695,0.5341409691629956,0.5241702412460831,0.0,0.058870520103635304,-0.14356119375741527,0.15788993337592408,0.04663038367602029,6,1,0.03898890689015388,1.0,1017.1508178710938,epoch_56_original,15,C4_motion_blur_9,6,R5_blend_alpha03,"['CAM_FRONT', 'CAM_FRONT_RIGHT', 'CAM_FRONT_LEFT', 'CAM_BACK', 'CAM_BACK_LEFT', 'CAM_BACK_RIGHT']",blend,"[1, 2]",0.3,False,False,False
0.18001787801691535,0.0809136062667308,0.6323136990533974,0.06140645500737096,1.4101851071599112,0.697986577181208,0.0,0.43661028303466753,0.5275955229641065,0.6405331717661314,50204,0.12463133058060166,0.0,0.5633897169653325,0.30201342281879195,0.0,0.43661028303466753,0.02537897379208165,0.006124300852175982,-0.005557586958284184,-0.038918774049045694,-0.05710513749613777,0.023707199235976514,-0.005557586958284184,0.43661028303466753,0.697986577181208,0.5275955229641065,0.0,0.0,0.06140645500737096,-0.05710513749613777,0.12463133058060166,0.02537897379208165,6,1,0.03898890689015388,1.0,1413.9696706136067,epoch_56_original,15,C4_motion_blur_9,0,R6_blend_alpha05,"['CAM_FRONT', 'CAM_FRONT_RIGHT', 'CAM_FRONT_LEFT', 'CAM_BACK', 'CAM_BACK_LEFT', 'CAM_BACK_RIGHT']",blend,"[1, 2]",0.5,False,False,False
0.20453952517610227,0.07413135874372484,0.5755883526126845,0.06237208671817914,1.4993731836571884,0.7404580152671756,0.2854530438886267,0.4518254674977738,0.4913509060955519,0.5818487909397,52625,0.15499458658613027,0.0,0.5481745325022263,0.2595419847328244,0.2854530438886267,0.4518254674977738,0.026382795157877864,-0.003290083837238736,-0.0066010692641121985,-0.05022740398498412,-0.07929226736566197,0.023249187987919556,-0.0066010692641121985,0.4518254674977738,0.7404580152671756,0.4913509060955519,0.0,0.0,0.06237208671817914,-0.07929226736566197,0.15499458658613027,0.026382795157877864,6,1,0.03898890689015388,1.0,1413.9696706136067,epoch_56_original,15,C4_motion_blur_9,2,R6_blend_alpha05,"['CAM_FRONT', 'CAM_FRONT_RIGHT', 'CAM_FRONT_LEFT', 'CAM_BACK', 'CAM_BACK_LEFT', 'CAM_BACK_RIGHT']",blend,"[1, 2]",0.5,False,False,False
0.20795402743434957,0.06775429689950159,0.5689250329305309,0.061924247782930465,1.5040089341962086,0.8623853211009175,0.29651721174745993,0.3472945891783567,0.4661297963050687,0.5755386912925543,52523,0.1584388064830193,0.0,0.6527054108216432,0.13761467889908252,0.29651721174745993,0.3472945891783567,0.037272372640545254,0.002511846362812986,-0.0067991234187988955,-0.03876210171848978,-0.060649447339785834,0.02966611305194433,-0.0067991234187988955,0.3472945891783567,0.8623853211009175,0.4661297963050687,0.5689250329305309,0.0,0.061924247782930465,-0.060649447339785834,0.1584388064830193,0.037272372640545254,6,1,0.03898890689015388,1.0,1413.9696706136067,epoch_56_original,15,C4_motion_blur_9,4,R6_blend_alpha05,"['CAM_FRONT', 'CAM_FRONT_RIGHT', 'CAM_FRONT_LEFT', 'CAM_BACK', 'CAM_BACK_LEFT', 'CAM_BACK_RIGHT']",blend,"[1, 2]",0.5,False,False,False
0.21713405853922813,0.07265005483949613,0.5366736637157373,0.06138728342740999,1.5971525052477868,0.6195652173913043,0.33780692389812417,0.4599092284417549,0.51431718061674,0.537981001449042,52500,0.16525204587630435,0.0,0.540090771558245,0.3804347826086957,0.33780692389812417,0.4599092284417549,0.03580472612646057,-0.0009971621259168562,-0.008523723953229055,-0.0642044846886029,-0.10957987283623849,0.03127376715037572,-0.008523723953229055,0.4599092284417549,0.6195652173913043,0.51431718061674,0.5366736637157373,0.0,0.06138728342740999,-0.10957987283623849,0.16525204587630435,0.03580472612646057,6,1,0.03898890689015388,1.0,1413.9696706136067,epoch_56_original,15,C4_motion_blur_9,6,R6_blend_alpha05,"['CAM_FRONT', 'CAM_FRONT_RIGHT', 'CAM_FRONT_LEFT', 'CAM_BACK', 'CAM_BACK_LEFT', 'CAM_BACK_RIGHT']",blend,"[1, 2]",0.5,False,False,False
0.16969459565328976,0.07592808885320897,0.6471166540265723,0.06358713366501269,1.432403584168984,0.7114093959731543,0.0,0.4243845252051583,0.524893863373215,0.656710087852166,50995,0.11384511671020477,0.0,0.5756154747948417,0.28859060402684567,0.0,0.4243845252051583,0.015055691428456058,0.001138783438654145,-0.0033769083006424533,-0.02377625055037617,-0.03488666048706501,0.012920985365579618,-0.0033769083006424533,0.4243845252051583,0.7114093959731543,0.524893863373215,0.0,0.0,0.06358713366501269,-0.03488666048706501,0.11384511671020477,0.015055691428456058,6,1,0.03898890689015388,1.0,1409.4388732910156,epoch_56_original,15,C4_motion_blur_9,0,R7_blend_alpha07,"['CAM_FRONT', 'CAM_FRONT_RIGHT', 'CAM_FRONT_LEFT', 'CAM_BACK', 'CAM_BACK_LEFT', 'CAM_BACK_RIGHT']",blend,"[1, 2]",0.7,False,False,False
0.1939727724438819,0.07852766533358171,0.5895777537181606,0.06474602497594652,1.5262977947461394,0.7175572519083969,0.2873407267579047,0.41567230632235086,0.4600494233937397,0.5992041628405265,53570,0.14741580716849964,0.0,0.5843276936776491,0.2824427480916031,0.2873407267579047,0.41567230632235086,0.015816042425657484,0.0011062227526181384,-0.0042271310063448225,-0.033172105111175285,-0.05236765627671103,0.015670408570288924,-0.0042271310063448225,0.41567230632235086,0.7175572519083969,0.4600494233937397,0.0,0.0,0.06474602497594652,-0.05236765627671103,0.14741580716849964,0.015816042425657484,6,1,0.03898890689015388,1.0,1409.4388732910156,epoch_56_original,15,C4_motion_blur_9,2,R7_blend_alpha07,"['CAM_FRONT', 'CAM_FRONT_RIGHT', 'CAM_FRONT_LEFT', 'CAM_BACK', 'CAM_BACK_LEFT', 'CAM_BACK_RIGHT']",blend,"[1, 2]",0.7,False,False,False
0.19246255435657916,0.0685097361320834,0.5893705973311952,0.06542297026168527,1.5441841818910715,0.8807339449541285,0.28504271344083304,0.3725450901803607,0.44576030317385124,0.5986102221815854,53926,0.14867418819082526,0.0,0.6274549098196394,0.11926605504587151,0.28504271344083304,0.3725450901803607,0.021780899562774847,0.0032672855953947977,-0.003300400940044093,-0.01308541205322011,-0.02047419964492292,0.019901494759750282,-0.003300400940044093,0.3725450901803607,0.8807339449541285,0.44576030317385124,0.5893705973311952,0.0,0.06542297026168527,-0.02047419964492292,0.14867418819082526,0.021780899562774847,6,1,0.03898890689015388,1.0,1409.4388732910156,epoch_56_original,15,C4_motion_blur_9,4,R7_blend_alpha07,"['CAM_FRONT', 'CAM_FRONT_RIGHT', 'CAM_FRONT_LEFT', 'CAM_BACK', 'CAM_BACK_LEFT', 'CAM_BACK_RIGHT']",blend,"[1, 2]",0.7,False,False,False
0.20357908037136735,0.07565820124073308,0.5490553983754677,0.06578667795476743,1.6660278056645677,0.5869565217391305,0.3367393625133445,0.4411065485195591,0.42070484581497797,0.5565609402672678,54764,0.15685558699157312,0.0,0.5588934514804409,0.4130434782608695,0.3367393625133445,0.4411065485195591,0.022249747958599797,0.0020109842753200935,-0.004124329425871612,-0.023849417133079035,-0.040704572419457685,0.02287730826564449,-0.004124329425871612,0.4411065485195591,0.5869565217391305,0.42070484581497797,0.5490553983754677,0.0,0.06578667795476743,-0.040704572419457685,0.15685558699157312,0.022249747958599797,6,1,0.03898890689015388,1.0,1409.4388732910156,epoch_56_original,15,C4_motion_blur_9,6,R7_blend_alpha07,"['CAM_FRONT', 'CAM_FRONT_RIGHT', 'CAM_FRONT_LEFT', 'CAM_BACK', 'CAM_BACK_LEFT', 'CAM_BACK_RIGHT']",blend,"[1, 2]",0.7,False,False,False
0.2235189366235253,0.11711481418082559,0.6051234515884385,0.045157255389237906,1.1615123170697452,0.87248322147651,0.0,0.18271646290403618,0.7024314936318024,0.5974856104210845,41351,0.09480070784528524,0.0,0.8172835370959638,0.12751677852348997,0.0,0.18271646290403618,0.0,0.0,0.0,0.0,0.0,0.0,0.0,0.18271646290403618,0.87248322147651,0.7024314936318024,0.0,0.0,0.045157255389237906,0.0,0.09480070784528524,0.0,0,0,0.0,0.0,0.0,epoch_56_original,15,A7_drop_all_rear,0,R0_degraded_native,[],native,[],,False,False,False
0.2299591299422921,0.11051778613498953,0.5719699128155451,0.04997669043911245,1.289361217163371,0.6717557251908397,0.3034450212364323,0.19679430097951914,0.6309719934102141,0.5675849403122131,45254,0.11202917545159269,0.0,0.8032056990204809,0.3282442748091603,0.3034450212364323,0.19679430097951914,0.0,0.0,0.0,0.0,0.0,0.0,0.0,0.19679430097951914,0.6717557251908397,0.6309719934102141,0.0,0.0,0.04997669043911245,0.0,0.11202917545159269,0.0,0,0,0.0,0.0,0.0,epoch_56_original,15,A7_drop_all_rear,2,R0_degraded_native,[],native,[],,False,False,False
0.1940453093317384,0.09395285266009443,0.6190939808716568,0.05557795854418769,1.34388064830193,0.6330275229357798,0.24768740838093312,0.33887775551102206,0.6030317385125533,0.6201273963000213,46931,0.1040318423916156,0.0,0.6611222444889779,0.3669724770642202,0.24768740838093312,0.33887775551102206,0.0,0.0,0.0,0.0,0.0,0.0,0.0,0.33887775551102206,0.6330275229357798,0.6030317385125533,0.6190939808716568,0.0,0.05557795854418769,0.0,0.1040318423916156,0.0,0,0,0.0,0.0,0.0,epoch_56_original,15,A7_drop_all_rear,4,R0_degraded_native,[],native,[],,False,False,False
0.23438206992247596,0.10333796654663982,0.5272428584466551,0.055064080286067706,1.4897934349426547,0.3804347826086957,0.33084235676884755,0.23730278798357468,0.5682819383259912,0.524843020447593,48971,0.13473882753795138,0.0,0.7626972120164253,0.6195652173913043,0.33084235676884755,0.23730278798357468,0.0,0.0,0.0,0.0,0.0,0.0,0.0,0.23730278798357468,0.3804347826086957,0.5682819383259912,0.5272428584466551,0.0,0.055064080286067706,0.0,0.13473882753795138,0.0,0,0,0.0,0.0,0.0,epoch_56_original,15,A7_drop_all_rear,6,R0_degraded_native,[],native,[],,False,False,False
0.2900692770627738,0.11339763089349257,0.45640748842362433,0.050869793104816645,1.4176017726769126,0.5970149253731343,0.0,0.2412526242127362,0.33025682182985555,0.46601852701091445,49901,0.13897332462145962,0.0,0.7587473757872638,0.4029850746268657,0.0,0.2412526242127362,0.0,0.0,0.0,0.0,0.0,0.0,0.0,0.2412526242127362,0.5970149253731343,0.33025682182985555,0.0,0.0,0.050869793104816645,0.0,0.13897332462145962,0.0,0,0,0.0,0.0,0.0,epoch_56_original,16,A0_clean,0,R0_degraded_native,[],native,[],,False,False,False
0.2540814685979041,0.11040687166794717,0.49485674434823035,0.05615222280567913,1.4932585575637822,0.7333333333333333,0.3777368057156027,0.33345027188212595,0.315839243498818,0.5065791510573083,51389,0.1370372522810484,0.0,0.666549728117874,0.2666666666666667,0.3777368057156027,0.33345027188212595,0.0,0.0,0.0,0.0,0.0,0.0,0.0,0.33345027188212595,0.7333333333333333,0.315839243498818,0.0,0.0,0.05615222280567913,0.0,0.1370372522810484,0.0,0,0,0.0,0.0,0.0,epoch_56_original,16,A0_clean,2,R0_degraded_native,[],native,[],,False,False,False
0.26572272802267854,0.10620646849052946,0.4735997622938642,0.05445084893913531,1.5074134601099392,0.5520833333333334,0.3476921442609019,0.22393090372867075,0.32908163265306123,0.4825366777094179,50732,0.14048432625167137,0.0,0.7760690962713293,0.44791666666666663,0.3476921442609019,0.22393090372867075,0.0,0.0,0.0,0.0,0.0,0.0,0.0,0.22393090372867075,0.5520833333333334,0.32908163265306123,0.4735997622938642,0.0,0.05445084893913531,0.0,0.14048432625167137,0.0,0,0,0.0,0.0,0.0,epoch_56_original,16,A0_clean,4,R0_degraded_native,[],native,[],,False,False,False
0.264929375330463,0.1081431450747335,0.46044980463341845,0.055460356182828886,1.576131434021475,0.45454545454545453,0.3830239552006637,0.29224253232278197,0.3351032448377581,0.467346143858738,51229,0.1402024428514291,0.0,0.707757467677218,0.5454545454545454,0.3830239552006637,0.29224253232278197,0.0,0.0,0.0,0.0,0.0,0.0,0.0,0.29224253232278197,0.45454545454545453,0.3351032448377581,0.46044980463341845,0.0,0.055460356182828886,0.0,0.1402024428514291,0.0,0,0,0.0,0.0,0.0,epoch_56_original,16,A0_clean,6,R0_degraded_native,[],native,[],,False,False,False
0.22821851334460702,0.07328017222141582,0.5591034345615181,0.05423950767114363,1.3728019090366752,0.6194029850746269,0.0,0.5194191742477257,0.47913322632423755,0.5651961233911156,48324,0.12817817675634216,0.0,0.48058082575227434,0.3805970149253731,0.0,0.5194191742477257,0.0,0.0,0.0,0.0,0.0,0.0,0.0,0.5194191742477257,0.6194029850746269,0.47913322632423755,0.0,0.0,0.05423950767114363,0.0,0.12817817675634216,0.0,0,0,0.0,0.0,0.0,epoch_56_original,16,A1_drop_cam_front,0,R0_degraded_native,[],native,[],,False,False,False
0.16024229827847894,0.043377243657744424,0.6594699831463939,0.06393641860941303,1.4656244551635962,0.8111111111111111,0.24014749942383037,0.7002280301701456,0.6104018912529551,0.6626830552029475,50438,0.11829487999070146,0.0,0.29977196982985443,0.18888888888888888,0.24014749942383037,0.7002280301701456,0.0,0.0,0.0,0.0,0.0,0.0,0.0,0.7002280301701456,0.8111111111111111,0.6104018912529551,0.0,0.0,0.06393641860941303,0.0,0.11829487999070146,0.0,0,0,0.0,0.0,0.0,epoch_56_original,16,A1_drop_cam_front,2,R0_degraded_native,[],native,[],,False,False,False
0.20685019663925636,0.05790528727463939,0.5702273064923489,0.05981743067065779,1.5074728866438865,0.7291666666666666,0.3225686514048972,0.6637876553612808,0.6469387755102041,0.5654835147499606,50734,0.12853959292824246,0.0,0.3362123446387192,0.27083333333333337,0.3225686514048972,0.6637876553612808,0.0,0.0,0.0,0.0,0.0,0.0,0.0,0.6637876553612808,0.7291666666666666,0.6469387755102041,0.5702273064923489,0.0,0.05981743067065779,0.0,0.12853959292824246,0.0,0,0,0.0,0.0,0.0,epoch_56_original,16,A1_drop_cam_front,4,R0_degraded_native,[],native,[],,False,False,False
0.20673226454039076,0.061131904107892494,0.5501030674091623,0.06293199801809721,1.6261268190628557,0.7272727272727273,0.3454319195271181,0.7044137316094516,0.664306784660767,0.5438197870682939,52854,0.12995723471679538,0.0,0.29558626839054836,0.2727272727272727,0.3454319195271181,0.7044137316094516,0.0,0.0,0.0,0.0,0.0,0.0,0.0,0.7044137316094516,0.7272727272727273,0.664306784660767,0.5501030674091623,0.0,0.06293199801809721,0.0,0.12995723471679538,0.0,0,0,0.0,0.0,0.0,epoch_56_original,16,A1_drop_cam_front,6,R0_degraded_native,[],native,[],,False,False,False
0.27078693392724573,0.0958517709586671,0.46118008011136047,0.05761087567935794,1.5286497542683446,0.6865671641791045,0.0,0.2776417074877537,0.44542536115569825,0.4623803846036259,53810,0.15402971506491292,0.0,0.7223582925122463,0.31343283582089554,0.0,0.2776417074877537,0.04256842058263871,0.022571598737251286,0.003371368008214304,0.11352537041635626,0.1558478452316694,0.02585153830857076,0.003371368008214304,0.2776417074877537,0.6865671641791045,0.44542536115569825,0.0,0.0,0.05761087567935794,0.1558478452316694,0.15402971506491292,0.04256842058263871,1,1,0.0479515056041154,1.0,18739.618812561035,epoch_56_original,16,A1_drop_cam_front,0,R1_replace_tminus1,['CAM_FRONT'],replace,[1],,False,False,False
0.18101711341783774,0.058399456240351644,0.58752251990469,0.07266350278903409,1.6911431394200034,0.8777777777777778,0.29605899976953215,0.5872653920364849,0.4269503546099291,0.5980370909316078,58199,0.13169059103853084,0.0,0.41273460796351513,0.12222222222222223,0.29605899976953215,0.5872653920364849,0.020774815139358804,0.01502221258260722,0.008727084179621064,0.15387208057417026,0.2255186842564072,0.013395711047829384,0.008727084179621064,0.5872653920364849,0.8777777777777778,0.4269503546099291,0.0,0.0,0.07266350278903409,0.2255186842564072,0.13169059103853084,0.020774815139358804,1,1,0.0479515056041154,1.0,18739.618812561035,epoch_56_original,16,A1_drop_cam_front,2,R1_replace_tminus1,['CAM_FRONT'],replace,[1],,False,False,False
0.24793928017628336,0.08151996175465297,0.4583865696033279,0.0657431000503014,1.726073391769425,0.46875,0.38126095501141977,0.3408468506425111,0.4377551020408163,0.45966240731976654,58091,0.1629475560837914,0.0,0.6591531493574889,0.53125,0.38126095501141977,0.3408468506425111,0.041089083537027005,0.02361467448001358,0.00592566937964361,0.14501123506918437,0.21860050512553864,0.03440796315554895,0.00592566937964361,0.3408468506425111,0.46875,0.4377551020408163,0.4583865696033279,0.0,0.0657431000503014,0.21860050512553864,0.1629475560837914,0.041089083537027005,1,1,0.0479515056041154,1.0,18739.618812561035,epoch_56_original,16,A1_drop_cam_front,4,R1_replace_tminus1,['CAM_FRONT'],replace,[1],,False,False,False
0.24140090888495008,0.07924834729170711,0.44269759714487894,0.07001516056869417,1.8659200689167155,0.45454545454545453,0.40381623975941094,0.3087382969237628,0.4471976401179941,0.4424500129836406,60648,0.17281481709380672,0.0,0.6912617030762371,0.5454545454545454,0.40381623975941094,0.3087382969237628,0.034668644344559324,0.01811644318381462,0.007083162550596961,0.1474628221137473,0.23979324985385975,0.042857582377011344,0.007083162550596961,0.3087382969237628,0.45454545454545453,0.4471976401179941,0.44269759714487894,0.0,0.07001516056869417,0.23979324985385975,0.17281481709380672,0.034668644344559324,1,1,0.0479515056041154,1.0,18739.618812561035,epoch_56_original,16,A1_drop_cam_front,6,R1_replace_tminus1,['CAM_FRONT'],replace,[1],,False,False,False
0.2668025593114773,0.0893902789908747,0.4645606658901736,0.05860294081174076,1.542314138802875,0.664179104477612,0.0,0.31315605318404477,0.47070626003210275,0.4640924516188205,54291,0.15570580381239169,0.0,0.6868439468159553,0.33582089552238803,0.0,0.31315605318404477,0.03858404596687026,0.016110106769458885,0.004363433140597124,0.12347901663769556,0.16951222976619973,0.027527627056049525,0.004363433140597124,0.31315605318404477,0.664179104477612,0.47070626003210275,0.0,0.0,0.05860294081174076,0.16951222976619973,0.15570580381239169,0.03858404596687026,1,2,0.04765282401984389,1.0,18635.236488342285,epoch_56_original,16,A1_drop_cam_front,0,R2_replace_tminus2,['CAM_FRONT'],replace,[2],,False,False,False
0.1971765735390634,0.058301033915712064,0.5547742197942698,0.07148943337527618,1.7032312430987389,0.7888888888888889,0.31864484904355844,0.5655148219610595,0.4765957446808511,0.5598934951546487,58615,0.1461323879816354,0.0,0.4344851780389405,0.21111111111111114,0.31864484904355844,0.5655148219610595,0.03693427526058446,0.01492379025796764,0.0075530147658631475,0.1621198302866886,0.23760678793514267,0.02783750799093393,0.0075530147658631475,0.5655148219610595,0.7888888888888889,0.4765957446808511,0.0,0.0,0.07148943337527618,0.23760678793514267,0.1461323879816354,0.03693427526058446,1,2,0.04765282401984389,1.0,18635.236488342285,epoch_56_original,16,A1_drop_cam_front,2,R2_replace_tminus2,['CAM_FRONT'],replace,[2],,False,False,False
0.2518733876581631,0.0788683509444343,0.4517010845342445,0.06532254739463507,1.725181993760214,0.3854166666666667,0.3818452222871408,0.2985043185169581,0.46122448979591835,0.45111216280170374,58061,0.16336354182142326,0.0,0.701495681483042,0.6145833333333333,0.3818452222871408,0.2985043185169581,0.04502319101890673,0.02096306366979491,0.005505116723977278,0.14441991563842788,0.21770910711632752,0.0348239488931808,0.005505116723977278,0.2985043185169581,0.3854166666666667,0.46122448979591835,0.4517010845342445,0.0,0.06532254739463507,0.21770910711632752,0.16336354182142326,0.04502319101890673,1,2,0.04765282401984389,1.0,18635.236488342285,epoch_56_original,16,A1_drop_cam_front,4,R2_replace_tminus2,['CAM_FRONT'],replace,[2],,False,False,False
0.24578586454662185,0.07988292368312801,0.4464203304310371,0.06700115391516337,1.805864074085469,0.3409090909090909,0.3933941719381935,0.2895675434685689,0.49321533923303834,0.4438457543495196,58696,0.16216964587884194,0.0,0.7104324565314311,0.6590909090909092,0.3933941719381935,0.2895675434685689,0.03905360000623109,0.018751019575235513,0.004069155897066162,0.11053089643167972,0.17973725502261328,0.03221241116204657,0.004069155897066162,0.2895675434685689,0.3409090909090909,0.49321533923303834,0.4464203304310371,0.0,0.06700115391516337,0.17973725502261328,0.16216964587884194,0.03905360000623109,1,2,0.04765282401984389,1.0,18635.236488342285,epoch_56_original,16,A1_drop_cam_front,6,R2_replace_tminus2,['CAM_FRONT'],replace,[2],,False,False,False
0.267941293362857,0.09581542918394002,0.463736825658362,0.05828547996937826,1.5376835885344167,0.7985074626865671,0.0,0.3189293212036389,0.4554574638844302,0.46436760524626247,54128,0.15096162040851113,0.0,0.6810706787963611,0.20149253731343286,0.0,0.3189293212036389,0.03972278001824997,0.022535256962524203,0.004045972298234626,0.12010595149408161,0.16488167949774146,0.022783443652168972,0.004045972298234626,0.3189293212036389,0.7985074626865671,0.4554574638844302,0.0,0.0,0.05828547996937826,0.16488167949774146,0.15096162040851113,0.03972278001824997,1,1,0.04587002437223088,1.0,17355.21994781494,epoch_56_original,16,A1_drop_cam_front,0,R3_ema_K2,['CAM_FRONT'],ema,"[1, 2]",,False,False,False
0.1887598485623657,0.06157887297602312,0.5711628988202476,0.07227710019716439,1.7007032021851571,0.9,0.309011292924637,0.5755130678828275,0.4203309692671395,0.581039660670609,58528,0.1372987737548672,0.0,0.4244869321171725,0.09999999999999998,0.309011292924637,0.5755130678828275,0.02851755028388675,0.0182016293182787,0.008340681587751364,0.16039494032277252,0.23507874702156095,0.019003893764165752,0.008340681587751364,0.5755130678828275,0.9,0.4203309692671395,0.0,0.0,0.07227710019716439,0.23507874702156095,0.1372987737548672,0.02851755028388675,1,1,0.04587002437223088,1.0,17355.21994781494,epoch_56_original,16,A1_drop_cam_front,2,R3_ema_K2,['CAM_FRONT'],ema,"[1, 2]",,False,False,False
0.24634486116558693,0.0840134917412468,0.45880255534095976,0.0664341257864747,1.738107264893775,0.6041666666666666,0.37934880756360545,0.33263113545397094,0.4459183673469388,0.4595993058842089,58496,0.16015450898826325,0.0,0.6673688645460291,0.39583333333333337,0.37934880756360545,0.33263113545397094,0.039494664526330575,0.02610820446660741,0.0066166951158169104,0.15299404738439706,0.23063437824988853,0.03161491606002079,0.0066166951158169104,0.33263113545397094,0.6041666666666666,0.4459183673469388,0.45880255534095976,0.0,0.0664341257864747,0.23063437824988853,0.16015450898826325,0.039494664526330575,1,1,0.04587002437223088,1.0,17355.21994781494,epoch_56_original,16,A1_drop_cam_front,4,R3_ema_K2,['CAM_FRONT'],ema,"[1, 2]",,False,False,False
0.2433987174651075,0.08016671796965621,0.44414361751222964,0.06868346674963004,1.8395840383964557,0.5795454545454546,0.3974904075495178,0.29224253232278197,0.4778761061946903,0.4422877174759803,59792,0.163984862935729,0.0,0.707757467677218,0.4204545454545454,0.3974904075495178,0.29224253232278197,0.036666452924716736,0.01903481386176372,0.00575146873153283,0.13126726454005375,0.21345721933359996,0.034027628218933625,0.00575146873153283,0.29224253232278197,0.5795454545454546,0.4778761061946903,0.44414361751222964,0.0,0.06868346674963004,0.21345721933359996,0.163984862935729,0.036666452924716736,1,1,0.04587002437223088,1.0,17355.21994781494,epoch_56_original,16,A1_drop_cam_front,6,R3_ema_K2,['CAM_FRONT'],ema,"[1, 2]",,False,False,False
0.2664944356120827,0.09418368747583296,0.4666628788954859,0.05827886620182904,1.5346439021618703,0.7089552238805971,0.0,0.32452764170748777,0.442215088282504,0.46852548228316365,54021,0.15101843697622228,0.0,0.6754723582925122,0.29104477611940294,0.0,0.32452764170748777,0.03827592226747567,0.020903515254417138,0.004039358530685405,0.11789173081698535,0.1618419931251951,0.022840260219880115,0.004039358530685405,0.32452764170748777,0.7089552238805971,0.442215088282504,0.0,0.0,0.05827886620182904,0.1618419931251951,0.15101843697622228,0.03827592226747567,1,2,0.044973921708085327,1.0,16812.990394592285,epoch_56_original,16,A1_drop_cam_front,0,R4_ema_K3,['CAM_FRONT'],ema,"[1, 2, 3]",,False,False,False
0.1875731803034007,0.060763173565924596,0.5763933282966235,0.07150924889280796,1.6819608298948103,0.9111111111111111,0.303157409541369,0.5769163304683389,0.4397163120567376,0.58534319947986,57883,0.1371534840471901,0.0,0.4230836695316611,0.0888888888888889,0.303157409541369,0.5769163304683389,0.02733088202492176,0.01738592990818017,0.007572830283394935,0.1476069630040842,0.21633637473121414,0.018858604056488648,0.007572830283394935,0.5769163304683389,0.9111111111111111,0.4397163120567376,0.0,0.0,0.07150924889280796,0.21633637473121414,0.1371534840471901,0.02733088202492176,1,2,0.044973921708085327,1.0,16812.990394592285,epoch_56_original,16,A1_drop_cam_front,2,R4_ema_K3,['CAM_FRONT'],ema,"[1, 2, 3]",,False,False,False
0.2506888179610988,0.08295930385394966,0.4538998662902986,0.06540665792576833,1.7244985886198188,0.4583333333333333,0.3797206140117916,0.3027175057931325,0.4270408163265306,0.45556081400851867,58038,0.16181845193879066,0.0,0.6972824942068675,0.5416666666666667,0.3797206140117916,0.3027175057931325,0.043838621321842464,0.025054016579310272,0.005589227255110539,0.14396657074151456,0.2170257019759323,0.033278859010548195,0.005589227255110539,0.3027175057931325,0.4583333333333333,0.4270408163265306,0.4538998662902986,0.0,0.06540665792576833,0.2170257019759323,0.16181845193879066,0.043838621321842464,1,2,0.044973921708085327,1.0,16812.990394592285,epoch_56_original,16,A1_drop_cam_front,4,R4_ema_K3,['CAM_FRONT'],ema,"[1, 2, 3]",,False,False,False
0.24300939257744167,0.07804111660032309,0.4443897486385872,0.06882503123472215,1.841983816878442,0.4772727272727273,0.39391268277507,0.3038341506910388,0.4814159292035398,0.4423526356790444,59870,0.16453865797003353,0.0,0.6961658493089612,0.5227272727272727,0.39391268277507,0.3038341506910388,0.03627712803705091,0.016909212492430596,0.005893033216624946,0.13274302796382487,0.2158569978155862,0.03458142325323815,0.005893033216624946,0.3038341506910388,0.4772727272727273,0.4814159292035398,0.4443897486385872,0.0,0.06882503123472215,0.2158569978155862,0.16453865797003353,0.03627712803705091,1,2,0.044973921708085327,1.0,16812.990394592285,epoch_56_original,16,A1_drop_cam_front,6,R4_ema_K3,['CAM_FRONT'],ema,"[1, 2, 3]",,False,False,False
0.15511526737888787,0.04876653258015348,0.7021959603420357,0.05354010175281374,1.2176926791852505,0.8507462686567164,0.0,0.7540237928621414,0.5489566613162119,0.7138708000856033,42864,0.10903099343768644,0.0,0.24597620713785862,0.14925373134328357,0.0,0.7540237928621414,0.0,0.0,0.0,0.0,0.0,0.0,0.0,0.7540237928621414,0.8507462686567164,0.5489566613162119,0.0,0.0,0.05354010175281374,0.0,0.10903099343768644,0.0,0,0,0.0,0.0,0.0,epoch_56_original,16,A10_drop_front_triplet,0,R0_degraded_native,[],native,[],,False,False,False
0.12337252652710066,0.033240243680666526,0.7499854710292323,0.05833358102730248,1.2765153716510722,0.9666666666666667,0.16077437197510946,0.8433608138922996,0.6226950354609929,0.7583206910430663,43930,0.09818678444818969,0.0,0.15663918610770045,0.033333333333333326,0.16077437197510946,0.8433608138922996,0.0,0.0,0.0,0.0,0.0,0.0,0.0,0.8433608138922996,0.9666666666666667,0.6226950354609929,0.0,0.0,0.05833358102730248,0.0,0.09818678444818969,0.0,0,0,0.0,0.0,0.0,epoch_56_original,16,A10_drop_front_triplet,2,R0_degraded_native,[],native,[],,False,False,False
0.15971521803619104,0.04468663068675277,0.6800475412271579,0.05568611928852386,1.3232209181399495,1.0,0.21639135284431932,0.8272593216768486,0.6454081632653061,0.6821896198138507,44533,0.10782944584757094,0.0,0.17274067832315143,0.0,0.21639135284431932,0.8272593216768486,0.0,0.0,0.0,0.0,0.0,0.0,0.0,0.8272593216768486,1.0,0.6454081632653061,0.6800475412271579,0.0,0.05568611928852386,0.0,0.10782944584757094,0.0,0,0,0.0,0.0,0.0,epoch_56_original,16,A10_drop_front_triplet,4,R0_degraded_native,[],native,[],,False,False,False
0.1587991811240119,0.04527228015926089,0.673045565024767,0.05665542381279249,1.3858720733470757,1.0,0.22015970133775795,0.8263486402139991,0.6584070796460177,0.6738509478057647,45045,0.11211272805587176,0.07021845742309407,0.17365135978600088,0.0,0.22015970133775795,0.8263486402139991,0.0,0.0,0.0,0.0,0.0,0.0,0.0,0.8263486402139991,1.0,0.6584070796460177,0.673045565024767,0.07021845742309407,0.05665542381279249,0.0,0.11211272805587176,0.0,0,0,0.0,0.0,0.0,epoch_56_original,16,A10_drop_front_triplet,6,R0_degraded_native,[],native,[],,False,False,False
0.24210961737331954,0.09072956782879982,0.5011789437800063,0.061713065001760915,1.5591318428453738,0.6492537313432836,0.0,0.3154303708887334,0.45947030497592295,0.5043565991011648,54883,0.14783670918439817,0.0,0.6845696291112666,0.35074626865671643,0.0,0.3154303708887334,0.08699434999443167,0.041963035248646335,0.008172963248947174,0.2803984695782008,0.3414391636601233,0.03880571574671174,0.008172963248947174,0.3154303708887334,0.6492537313432836,0.45947030497592295,0.0,0.0,0.061713065001760915,0.3414391636601233,0.14783670918439817,0.08699434999443167,3,1,0.04787416440067869,1.0,18955.768348693848,epoch_56_original,16,A10_drop_front_triplet,0,R1_replace_tminus1,"['CAM_FRONT', 'CAM_FRONT_LEFT', 'CAM_FRONT_RIGHT']",replace,[1],,False,False,False
0.1570657343694022,0.051889451756404054,0.6305573313186494,0.07683962310885654,1.7215958621491254,0.8333333333333334,0.2509333947914266,0.6081389229959656,0.45342789598108746,0.6421561039041457,59247,0.12776776893124892,0.0,0.3918610770040344,0.16666666666666663,0.2509333947914266,0.6081389229959656,0.03369320784230152,0.018649208075737528,0.018506042081554062,0.34866833598907354,0.4450804904980532,0.029580984483059222,0.018506042081554062,0.6081389229959656,0.8333333333333334,0.45342789598108746,0.0,0.0,0.07683962310885654,0.4450804904980532,0.12776776893124892,0.03369320784230152,3,1,0.04787416440067869,1.0,18955.768348693848,epoch_56_original,16,A10_drop_front_triplet,2,R1_replace_tminus1,"['CAM_FRONT', 'CAM_FRONT_LEFT', 'CAM_FRONT_RIGHT']",replace,[1],,False,False,False
0.22883632724016226,0.07835904713921686,0.48370227306492347,0.06972433185727597,1.7724855147823504,0.53125,0.3365379508153184,0.32399410153781333,0.44540816326530613,0.4860703581006468,59653,0.16101619373050066,0.0,0.6760058984621866,0.46875,0.3365379508153184,0.32399410153781333,0.06912110920397121,0.03367241645246409,0.014038212568752116,0.3395234994273909,0.4492645966424009,0.05318674788292972,0.014038212568752116,0.32399410153781333,0.53125,0.44540816326530613,0.48370227306492347,0.0,0.06972433185727597,0.4492645966424009,0.16101619373050066,0.06912110920397121,3,1,0.04787416440067869,1.0,18955.768348693848,epoch_56_original,16,A10_drop_front_triplet,4,R1_replace_tminus1,"['CAM_FRONT', 'CAM_FRONT_LEFT', 'CAM_FRONT_RIGHT']",replace,[1],,False,False,False
0.22300935476755804,0.07745610510076723,0.4711872750207673,0.07336661744831662,1.9000707626988278,0.38636363636363635,0.3534688374987037,0.27329469460543915,0.4277286135693215,0.47357829135289536,61758,0.1685075223825493,0.5931787784217566,0.7267053053945609,0.6136363636363636,0.3534688374987037,0.27329469460543915,0.06421017364354614,0.03218382494150634,0.016711193635524126,0.37102897102897103,0.5141986893517521,0.05639479432667753,0.016711193635524126,0.27329469460543915,0.38636363636363635,0.4277286135693215,0.4711872750207673,0.5931787784217566,0.07336661744831662,0.5141986893517521,0.1685075223825493,0.06421017364354614,3,1,0.04787416440067869,1.0,18955.768348693848,epoch_56_original,16,A10_drop_front_triplet,6,R1_replace_tminus1,"['CAM_FRONT', 'CAM_FRONT_LEFT', 'CAM_FRONT_RIGHT']",replace,[1],,False,False,False
0.24088579846130218,0.07709786319922261,0.509900286923667,0.06021504665186285,1.5246725945285646,0.6567164179104478,0.0,0.3547935619314206,0.5104333868378812,0.5098596716500046,53670,0.15491037186443568,0.0,0.6452064380685794,0.34328358208955223,0.0,0.3547935619314206,0.08577053108241431,0.02833133061906913,0.006674944899049108,0.2520996640537514,0.30697991534331415,0.045879378426749245,0.006674944899049108,0.3547935619314206,0.6567164179104478,0.5104333868378812,0.0,0.0,0.06021504665186285,0.30697991534331415,0.15491037186443568,0.08577053108241431,3,2,0.04631452962304606,1.0,18377.464312235516,epoch_56_original,16,A10_drop_front_triplet,0,R2_replace_tminus2,"['CAM_FRONT', 'CAM_FRONT_LEFT', 'CAM_FRONT_RIGHT']",replace,[2],,False,False,False
0.1714186815722674,0.05097317913980517,0.6114662637298773,0.07197656484793241,1.6551112919160806,0.7111111111111111,0.24641622493662135,0.6067356604104543,0.5040189125295508,0.6185021208086938,56959,0.14276166676352647,0.0,0.39326433958954565,0.28888888888888886,0.24641622493662135,0.6067356604104543,0.048046155045166725,0.017732935459138642,0.01364298382062993,0.2965854768950603,0.37859592026500843,0.04457488231533678,0.01364298382062993,0.6067356604104543,0.7111111111111111,0.5040189125295508,0.0,0.0,0.07197656484793241,0.37859592026500843,0.14276166676352647,0.048046155045166725,3,2,0.04631452962304606,1.0,18377.464312235516,epoch_56_original,16,A10_drop_front_triplet,2,R2_replace_tminus2,"['CAM_FRONT', 'CAM_FRONT_LEFT', 'CAM_FRONT_RIGHT']",replace,[2],,False,False,False
0.22866541608895413,0.07424668623202874,0.5001634229683554,0.0658222629031327,1.6857227752191353,0.4166666666666667,0.3058904764434057,0.32315146408257844,0.48112244897959183,0.5013409055056003,56733,0.1628287030158966,0.0,0.6768485359174216,0.5833333333333333,0.3058904764434057,0.32315146408257844,0.06895019805276309,0.029560055545275965,0.010136143614608843,0.273954146363371,0.3625018570791858,0.05499925716832567,0.010136143614608843,0.32315146408257844,0.4166666666666667,0.48112244897959183,0.5001634229683554,0.0,0.0658222629031327,0.3625018570791858,0.1628287030158966,0.06895019805276309,3,2,0.04631452962304606,1.0,18377.464312235516,epoch_56_original,16,A10_drop_front_triplet,4,R2_replace_tminus2,"['CAM_FRONT', 'CAM_FRONT_LEFT', 'CAM_FRONT_RIGHT']",replace,[2],,False,False,False
0.2272733470595454,0.07163757804847688,0.48718579823400915,0.06722008503745698,1.7691905362581914,0.4431818181818182,0.3276469978222545,0.30249665626393224,0.5097345132743363,0.48594520903661387,57504,0.16432329323447067,0.5840392331698618,0.6975033437360678,0.5568181818181819,0.3276469978222545,0.30249665626393224,0.06847416593553352,0.026365297889215995,0.010564661224664491,0.2765900765900766,0.3833184629111157,0.052210565178598914,0.010564661224664491,0.30249665626393224,0.4431818181818182,0.5097345132743363,0.48718579823400915,0.5840392331698618,0.06722008503745698,0.3833184629111157,0.16432329323447067,0.06847416593553352,3,2,0.04631452962304606,1.0,18377.464312235516,epoch_56_original,16,A10_drop_front_triplet,6,R2_replace_tminus2,"['CAM_FRONT', 'CAM_FRONT_LEFT', 'CAM_FRONT_RIGHT']",replace,[2],,False,False,False
0.23847813835855566,0.08155234140522949,0.5071162751058209,0.06209004975206639,1.5596716002386295,0.6716417910447762,0.0,0.3518194541637509,0.48635634028892455,0.5086979118896939,54902,0.14735376835885344,0.0,0.6481805458362491,0.32835820895522383,0.0,0.3518194541637509,0.0833628709796678,0.03278580882507601,0.008549947999252648,0.2808417319895483,0.341978921053379,0.03832277492116701,0.008549947999252648,0.3518194541637509,0.6716417910447762,0.48635634028892455,0.0,0.0,0.06209004975206639,0.341978921053379,0.14735376835885344,0.0833628709796678,3,1,0.04530473809802171,1.0,17445.76165517171,epoch_56_original,16,A10_drop_front_triplet,0,R3_ema_K2,"['CAM_FRONT', 'CAM_FRONT_LEFT', 'CAM_FRONT_RIGHT']",ema,"[1, 2]",,False,False,False
0.16309754502030388,0.05453459570919316,0.6160283605509386,0.07695851621404722,1.7382170047073866,0.7444444444444445,0.25775524314358145,0.611647079459744,0.4732860520094563,0.6253753986191523,59819,0.13738594757947348,0.0,0.38835292054025605,0.25555555555555554,0.25775524314358145,0.611647079459744,0.039725018493203215,0.021294352028526635,0.018624935186744733,0.36168905076257685,0.4617016330563144,0.039199163131283785,0.018624935186744733,0.611647079459744,0.7444444444444445,0.4732860520094563,0.0,0.0,0.07695851621404722,0.4617016330563144,0.13738594757947348,0.039725018493203215,3,1,0.04530473809802171,1.0,17445.76165517171,epoch_56_original,16,A10_drop_front_triplet,2,R3_ema_K2,"['CAM_FRONT', 'CAM_FRONT_LEFT', 'CAM_FRONT_RIGHT']",ema,"[1, 2]",,False,False,False
0.2260235781424247,0.07797338719376558,0.4941316297726935,0.0687216023880794,1.7439904917545683,0.5208333333333334,0.320444043129548,0.31809563935116913,0.44846938775510203,0.49695535573434296,58694,0.1574208884266825,0.0,0.6819043606488309,0.47916666666666663,0.320444043129548,0.31809563935116913,0.06630836010623367,0.03328675650701281,0.013035483099555538,0.3179889071025981,0.42076957361461886,0.049591442579111564,0.013035483099555538,0.31809563935116913,0.5208333333333334,0.44846938775510203,0.4941316297726935,0.0,0.0687216023880794,0.42076957361461886,0.1574208884266825,0.06630836010623367,3,1,0.04530473809802171,1.0,17445.76165517171,epoch_56_original,16,A10_drop_front_triplet,4,R3_ema_K2,"['CAM_FRONT', 'CAM_FRONT_LEFT', 'CAM_FRONT_RIGHT']",ema,"[1, 2]",,False,False,False
0.221380993207149,0.07609047980098536,0.48361689690182447,0.07129582532917858,1.8489370211980432,0.5909090909090909,0.334076532199523,0.2741863575568435,0.4967551622418879,0.48289405349259934,60096,0.15820078146632618,0.6076683013820776,0.7258136424431565,0.40909090909090906,0.334076532199523,0.2741863575568435,0.0625818120831371,0.030818199641724477,0.014640401516386091,0.33413253413253413,0.4630649478509674,0.046088053410454424,0.014640401516386091,0.2741863575568435,0.5909090909090909,0.4967551622418879,0.48361689690182447,0.6076683013820776,0.07129582532917858,0.4630649478509674,0.15820078146632618,0.0625818120831371,3,1,0.04530473809802171,1.0,17445.76165517171,epoch_56_original,16,A10_drop_front_triplet,6,R3_ema_K2,"['CAM_FRONT', 'CAM_FRONT_LEFT', 'CAM_FRONT_RIGHT']",ema,"[1, 2]",,False,False,False
0.2387881976655636,0.08292319846381517,0.5100707366268004,0.06121372555179489,1.5416607482741969,0.6791044776119403,0.0,0.352519244226732,0.4622792937399679,0.5137118224341924,54268,0.14735376835885344,0.0,0.647480755773268,0.32089552238805974,0.0,0.352519244226732,0.08367293028667575,0.03415666588366169,0.0076736237989811495,0.2660507652108996,0.3239680690889464,0.03832277492116701,0.0076736237989811495,0.352519244226732,0.6791044776119403,0.4622792937399679,0.0,0.0,0.06121372555179489,0.3239680690889464,0.14735376835885344,0.08367293028667575,3,2,0.04436922253984393,1.0,16923.89707183838,epoch_56_original,16,A10_drop_front_triplet,0,R4_ema_K3,"['CAM_FRONT', 'CAM_FRONT_LEFT', 'CAM_FRONT_RIGHT']",ema,"[1, 2, 3]",,False,False,False
0.1723439073514602,0.05860933251206263,0.6021677224385424,0.07435112436549061,1.7061951531353519,0.8333333333333334,0.2690481677805946,0.6063848447640765,0.4765957446808511,0.6103904145639184,58717,0.13904225024699252,0.0,0.3936151552359235,0.16666666666666663,0.2690481677805946,0.6063848447640765,0.04897138082435955,0.025369088831396103,0.016017543338188132,0.33660368768495336,0.42967978148427965,0.04085546579880282,0.016017543338188132,0.6063848447640765,0.8333333333333334,0.4765957446808511,0.0,0.0,0.07435112436549061,0.42967978148427965,0.13904225024699252,0.04897138082435955,3,2,0.04436922253984393,1.0,16923.89707183838,epoch_56_original,16,A10_drop_front_triplet,2,R4_ema_K3,"['CAM_FRONT', 'CAM_FRONT_LEFT', 'CAM_FRONT_RIGHT']",ema,"[1, 2, 3]",,False,False,False
0.23087244719963504,0.08071756478698125,0.4887535284504531,0.06740551995975888,1.7256574060317933,0.5729166666666666,0.32086896478461785,0.28439014114177374,0.46122448979591835,0.4904559078719041,58077,0.15765859456247214,0.0,0.7156098588582263,0.42708333333333337,0.32086896478461785,0.28439014114177374,0.071157229163444,0.03603093410022848,0.011719400671235024,0.30413401297913906,0.40243648789184383,0.0498291487149012,0.011719400671235024,0.28439014114177374,0.5729166666666666,0.46122448979591835,0.4887535284504531,0.0,0.06740551995975888,0.40243648789184383,0.15765859456247214,0.071157229163444,3,2,0.04436922253984393,1.0,16923.89707183838,epoch_56_original,16,A10_drop_front_triplet,4,R4_ema_K3,"['CAM_FRONT', 'CAM_FRONT_LEFT', 'CAM_FRONT_RIGHT']",ema,"[1, 2, 3]",,False,False,False
0.22627259116672013,0.07687626738330748,0.47921730301818294,0.06963820397466984,1.822354859551426,0.5568181818181818,0.33625427771440425,0.2708426214890771,0.5061946902654867,0.47773305634900026,59232,0.15976986739685567,0.6148016049933125,0.7291573785109229,0.44318181818181823,0.33625427771440425,0.2708426214890771,0.06747341004270824,0.031603987224046594,0.012982780161877351,0.314951714951715,0.4364827862043503,0.04765713934098391,0.012982780161877351,0.2708426214890771,0.5568181818181818,0.5061946902654867,0.47921730301818294,0.6148016049933125,0.06963820397466984,0.4364827862043503,0.15976986739685567,0.06747341004270824,3,2,0.04436922253984393,1.0,16923.89707183838,epoch_56_original,16,A10_drop_front_triplet,6,R4_ema_K3,"['CAM_FRONT', 'CAM_FRONT_LEFT', 'CAM_FRONT_RIGHT']",ema,"[1, 2, 3]",,False,False,False
0.24210961737331954,0.09072956782879982,0.5011789437800063,0.061713065001760915,1.5591318428453738,0.6492537313432836,0.0,0.3154303708887334,0.45947030497592295,0.5043565991011648,54883,0.14783670918439817,0.0,0.6845696291112666,0.35074626865671643,0.0,0.3154303708887334,0.08699434999443167,0.041963035248646335,0.008172963248947174,0.2803984695782008,0.3414391636601233,0.03880571574671174,0.008172963248947174,0.3154303708887334,0.6492537313432836,0.45947030497592295,0.0,0.0,0.061713065001760915,0.3414391636601233,0.14783670918439817,0.08699434999443167,3,1,0.04787416440067869,1.0,18955.768348693848,epoch_56_original,16,A10_drop_front_triplet,0,R8_camera_group_repair_front_triplet,"['CAM_FRONT', 'CAM_FRONT_LEFT', 'CAM_FRONT_RIGHT']",replace,[1],,False,False,False
0.1570657343694022,0.051889451756404054,0.6305573313186494,0.07683962310885654,1.7215958621491254,0.8333333333333334,0.2509333947914266,0.6081389229959656,0.45342789598108746,0.6421561039041457,59247,0.12776776893124892,0.0,0.3918610770040344,0.16666666666666663,0.2509333947914266,0.6081389229959656,0.03369320784230152,0.018649208075737528,0.018506042081554062,0.34866833598907354,0.4450804904980532,0.029580984483059222,0.018506042081554062,0.6081389229959656,0.8333333333333334,0.45342789598108746,0.0,0.0,0.07683962310885654,0.4450804904980532,0.12776776893124892,0.03369320784230152,3,1,0.04787416440067869,1.0,18955.768348693848,epoch_56_original,16,A10_drop_front_triplet,2,R8_camera_group_repair_front_triplet,"['CAM_FRONT', 'CAM_FRONT_LEFT', 'CAM_FRONT_RIGHT']",replace,[1],,False,False,False
0.22883632724016226,0.07835904713921686,0.48370227306492347,0.06972433185727597,1.7724855147823504,0.53125,0.3365379508153184,0.32399410153781333,0.44540816326530613,0.4860703581006468,59653,0.16101619373050066,0.0,0.6760058984621866,0.46875,0.3365379508153184,0.32399410153781333,0.06912110920397121,0.03367241645246409,0.014038212568752116,0.3395234994273909,0.4492645966424009,0.05318674788292972,0.014038212568752116,0.32399410153781333,0.53125,0.44540816326530613,0.48370227306492347,0.0,0.06972433185727597,0.4492645966424009,0.16101619373050066,0.06912110920397121,3,1,0.04787416440067869,1.0,18955.768348693848,epoch_56_original,16,A10_drop_front_triplet,4,R8_camera_group_repair_front_triplet,"['CAM_FRONT', 'CAM_FRONT_LEFT', 'CAM_FRONT_RIGHT']",replace,[1],,False,False,False
0.22300935476755804,0.07745610510076723,0.4711872750207673,0.07336661744831662,1.9000707626988278,0.38636363636363635,0.3534688374987037,0.27329469460543915,0.4277286135693215,0.47357829135289536,61758,0.1685075223825493,0.5931787784217566,0.7267053053945609,0.6136363636363636,0.3534688374987037,0.27329469460543915,0.06421017364354614,0.03218382494150634,0.016711193635524126,0.37102897102897103,0.5141986893517521,0.05639479432667753,0.016711193635524126,0.27329469460543915,0.38636363636363635,0.4277286135693215,0.4711872750207673,0.5931787784217566,0.07336661744831662,0.5141986893517521,0.1685075223825493,0.06421017364354614,3,1,0.04787416440067869,1.0,18955.768348693848,epoch_56_original,16,A10_drop_front_triplet,6,R8_camera_group_repair_front_triplet,"['CAM_FRONT', 'CAM_FRONT_LEFT', 'CAM_FRONT_RIGHT']",replace,[1],,False,False,False
0.14222495554634546,0.07393107318814525,0.697792676344422,0.06546968496971721,1.4270617312008183,0.753731343283582,0.0,0.4592372288313506,0.5951043338683788,0.7056161912623437,50234,0.09170194028578733,0.0,0.5407627711686493,0.24626865671641796,0.0,0.4592372288313506,0.0,0.0,0.0,0.0,0.0,0.0,0.0,0.4592372288313506,0.753731343283582,0.5951043338683788,0.0,0.0,0.06546968496971721,0.0,0.09170194028578733,0.0,0,0,0.0,0.0,0.0,epoch_56_original,16,C4_motion_blur_9,0,R0_degraded_native,[],native,[],,False,False,False
0.1577788390109307,0.07111249541662432,0.6543848433776951,0.06765347943974927,1.5361190213285292,0.7444444444444445,0.27471767688407467,0.5856867216277846,0.4940898345153664,0.6648812656738599,52864,0.1278840006973906,0.0,0.41431327837221543,0.25555555555555554,0.27471767688407467,0.5856867216277846,0.0,0.0,0.0,0.0,0.0,0.0,0.0,0.5856867216277846,0.7444444444444445,0.4940898345153664,0.0,0.0,0.06765347943974927,0.0,0.1278840006973906,0.0,0,0,0.0,0.0,0.0,epoch_56_original,16,C4_motion_blur_9,2,R0_degraded_native,[],native,[],,False,False,False
0.16432182309358867,0.07427232500835805,0.6349130886941019,0.06781452803272064,1.586866735997623,0.8125,0.2465076751473947,0.4274278491678955,0.4658163265306122,0.6453699321659567,53406,0.1264596642400832,0.0,0.5725721508321044,0.1875,0.2465076751473947,0.4274278491678955,0.0,0.0,0.0,0.0,0.0,0.0,0.0,0.4274278491678955,0.8125,0.4658163265306122,0.6349130886941019,0.0,0.06781452803272064,0.0,0.1264596642400832,0.0,0,0,0.0,0.0,0.0,epoch_56_original,16,C4_motion_blur_9,4,R0_degraded_native,[],native,[],,False,False,False
0.16824956860826915,0.07364880875456213,0.6190197827892809,0.06764807069006103,1.6453558133095407,0.8522727272727273,0.28258840609768743,0.5156041016495765,0.40412979351032446,0.6308426382757725,53479,0.1326954434975233,0.0,0.4843958983504235,0.1477272727272727,0.28258840609768743,0.5156041016495765,0.0,0.0,0.0,0.0,0.0,0.0,0.0,0.5156041016495765,0.8522727272727273,0.40412979351032446,0.6190197827892809,0.0,0.06764807069006103,0.0,0.1326954434975233,0.0,0,0,0.0,0.0,0.0,epoch_56_original,16,C4_motion_blur_9,6,R0_degraded_native,[],native,[],,False,False,False
0.18530804382535926,0.0730448795865531,0.6175392744524303,0.061923052121448614,1.4463793642226073,0.5671641791044776,0.0,0.4286214135759272,0.5782504012841091,0.6205325751322266,50914,0.1292576915428539,0.0,0.5713785864240728,0.4328358208955224,0.0,0.4286214135759272,0.043083088279013804,-0.0008861936015921446,-0.003546632848268595,0.01353664848508978,0.019317633021789016,0.037555751257066575,-0.003546632848268595,0.4286214135759272,0.5671641791044776,0.5782504012841091,0.0,0.0,0.061923052121448614,0.019317633021789016,0.1292576915428539,0.043083088279013804,6,1,0.03908673165874048,1.0,877.8203887939453,epoch_56_original,16,C4_motion_blur_9,0,R5_blend_alpha03,"['CAM_FRONT', 'CAM_FRONT_RIGHT', 'CAM_FRONT_LEFT', 'CAM_BACK', 'CAM_BACK_LEFT', 'CAM_BACK_RIGHT']",blend,"[1, 2]",0.3,False,False,False
0.1799874989808952,0.06359349105916819,0.6150985064218051,0.06469766474125888,1.5233916429360144,0.8222222222222222,0.28840746715833143,0.6272583757235572,0.5380614657210402,0.6201430384841636,52426,0.15833672342651248,0.0,0.37274162427644275,0.1777777777777778,0.28840746715833143,0.6272583757235572,0.02220865996996449,-0.00751900435745613,-0.0029558146984903916,-0.008285411622276029,-0.01272737839251481,0.03045272272912189,-0.0029558146984903916,0.6272583757235572,0.8222222222222222,0.5380614657210402,0.0,0.0,0.06469766474125888,-0.01272737839251481,0.15833672342651248,0.02220865996996449,6,1,0.03908673165874048,1.0,877.8203887939453,epoch_56_original,16,C4_motion_blur_9,2,R5_blend_alpha03,"['CAM_FRONT', 'CAM_FRONT_RIGHT', 'CAM_FRONT_LEFT', 'CAM_BACK', 'CAM_BACK_LEFT', 'CAM_BACK_RIGHT']",blend,"[1, 2]",0.3,False,False,False
0.20499817379821875,0.072790202991332,0.5663942950527411,0.061897104783580306,1.5487743277373347,0.5729166666666666,0.2928772507568917,0.40867916578891933,0.5260204081632653,0.5688909922700741,52124,0.15534095973852324,0.0,0.5913208342110807,0.42708333333333337,0.2928772507568917,0.40867916578891933,0.040676350704630077,-0.0014821220170260496,-0.005917423249140338,-0.024004793468898625,-0.03809240826028826,0.02888129549844004,-0.005917423249140338,0.40867916578891933,0.5729166666666666,0.5260204081632653,0.5663942950527411,0.0,0.061897104783580306,-0.03809240826028826,0.15534095973852324,0.040676350704630077,6,1,0.03908673165874048,1.0,877.8203887939453,epoch_56_original,16,C4_motion_blur_9,4,R5_blend_alpha03,"['CAM_FRONT', 'CAM_FRONT_RIGHT', 'CAM_FRONT_LEFT', 'CAM_BACK', 'CAM_BACK_LEFT', 'CAM_BACK_RIGHT']",blend,"[1, 2]",0.3,False,False,False
0.21237235878143298,0.07751765127830033,0.5380118758268467,0.06288590725550908,1.6373565517029198,0.6136363636363636,0.33267655293995646,0.46812304948729383,0.48200589970501473,0.5410932225396001,53219,0.1610928222010276,0.0,0.5318769505127061,0.38636363636363635,0.33267655293995646,0.46812304948729383,0.04412279017316384,0.003868842523738203,-0.00476216343455195,-0.004861721423362442,-0.0079992616066209,0.02839737870350431,-0.00476216343455195,0.46812304948729383,0.6136363636363636,0.48200589970501473,0.5380118758268467,0.0,0.06288590725550908,-0.0079992616066209,0.1610928222010276,0.04412279017316384,6,1,0.03908673165874048,1.0,877.8203887939453,epoch_56_original,16,C4_motion_blur_9,6,R5_blend_alpha03,"['CAM_FRONT', 'CAM_FRONT_RIGHT', 'CAM_FRONT_LEFT', 'CAM_BACK', 'CAM_BACK_LEFT', 'CAM_BACK_RIGHT']",blend,"[1, 2]",0.3,False,False,False
0.1695279846428231,0.07097970827763735,0.6462600494304139,0.06324415218940507,1.440356808045226,0.5970149253731343,0.0,0.4447165850244926,0.5601926163723917,0.6528172674187532,50702,0.12346240163631715,0.0,0.5552834149755074,0.4029850746268657,0.0,0.4447165850244926,0.027303029096477638,-0.002951364910507903,-0.0022255327803121366,0.009316399251502966,0.013295076844407783,0.03176046135052982,-0.0022255327803121366,0.4447165850244926,0.5970149253731343,0.5601926163723917,0.0,0.0,0.06324415218940507,0.013295076844407783,0.12346240163631715,0.027303029096477638,6,1,0.03908673165874048,1.0,1192.1841379801433,epoch_56_original,16,C4_motion_blur_9,0,R6_blend_alpha05,"['CAM_FRONT', 'CAM_FRONT_RIGHT', 'CAM_FRONT_LEFT', 'CAM_BACK', 'CAM_BACK_LEFT', 'CAM_BACK_RIGHT']",blend,"[1, 2]",0.5,False,False,False
0.1726390974392273,0.06371146556938813,0.6291625501249491,0.06524094018025516,1.518887661998024,0.8333333333333334,0.28038718598755474,0.6098930012278547,0.49361702127659574,0.6380383293600421,52271,0.15316440983320742,0.0,0.3901069987721453,0.16666666666666663,0.28038718598755474,0.6098930012278547,0.014860258428296608,-0.007401029847236187,-0.002412539259494112,-0.01121746368038741,-0.017231359330505125,0.025280409135816834,-0.002412539259494112,0.6098930012278547,0.8333333333333334,0.49361702127659574,0.0,0.0,0.06524094018025516,-0.017231359330505125,0.15316440983320742,0.014860258428296608,6,1,0.03908673165874048,1.0,1192.1841379801433,epoch_56_original,16,C4_motion_blur_9,2,R6_blend_alpha05,"['CAM_FRONT', 'CAM_FRONT_RIGHT', 'CAM_FRONT_LEFT', 'CAM_BACK', 'CAM_BACK_LEFT', 'CAM_BACK_RIGHT']",blend,"[1, 2]",0.5,False,False,False
0.19202381776639202,0.06903857449144486,0.58796612687565,0.06359415844115149,1.557777447630367,0.6041666666666666,0.2782705688638657,0.4223720244364862,0.4704081632653061,0.5952358416153968,52427,0.154865547466944,0.0,0.5776279755635139,0.39583333333333337,0.2782705688638657,0.4223720244364862,0.02770199467280335,-0.005233750516913188,-0.004220369591569156,-0.018331273639665954,-0.029089288367255994,0.0284058832268608,-0.004220369591569156,0.4223720244364862,0.6041666666666666,0.4704081632653061,0.58796612687565,0.0,0.06359415844115149,-0.029089288367255994,0.154865547466944,0.02770199467280335,6,1,0.03908673165874048,1.0,1192.1841379801433,epoch_56_original,16,C4_motion_blur_9,4,R6_blend_alpha05,"['CAM_FRONT', 'CAM_FRONT_RIGHT', 'CAM_FRONT_LEFT', 'CAM_BACK', 'CAM_BACK_LEFT', 'CAM_BACK_RIGHT']",blend,"[1, 2]",0.5,False,False,False
0.20312960080763892,0.07403634125190464,0.5542872965572408,0.06389496573645631,1.6399409285296742,0.7613636363636364,0.3226174427045525,0.4861792242532323,0.43952802359882004,0.560601142560374,53303,0.1596775682244716,0.0,0.5138207757467677,0.23863636363636365,0.3226174427045525,0.4861792242532323,0.034880032199369776,0.0003875324973425104,-0.003753104953604716,-0.0032910114250453448,-0.005414884779866513,0.026982124726948303,-0.003753104953604716,0.4861792242532323,0.7613636363636364,0.43952802359882004,0.5542872965572408,0.0,0.06389496573645631,-0.005414884779866513,0.1596775682244716,0.034880032199369776,6,1,0.03908673165874048,1.0,1192.1841379801433,epoch_56_original,16,C4_motion_blur_9,6,R6_blend_alpha05,"['CAM_FRONT', 'CAM_FRONT_RIGHT', 'CAM_FRONT_LEFT', 'CAM_BACK', 'CAM_BACK_LEFT', 'CAM_BACK_RIGHT']",blend,"[1, 2]",0.5,False,False,False
0.15803681647381201,0.0729631652772036,0.6690434930825829,0.06368396773142812,1.4251299678986393,0.6194029850746269,0.0,0.4567879636109167,0.5593900481540931,0.6773976581369042,50166,0.1100820999403426,0.0,0.5432120363890833,0.3805970149253731,0.0,0.4567879636109167,0.01581186092746656,-0.0009679079109416455,-0.001785717238289089,-0.001353664848508978,-0.0019317633021789238,0.018380159654555264,-0.001785717238289089,0.4567879636109167,0.6194029850746269,0.5593900481540931,0.0,0.0,0.06368396773142812,-0.0019317633021789238,0.1100820999403426,0.01581186092746656,6,1,0.03908673165874048,1.0,1270.6914316813152,epoch_56_original,16,C4_motion_blur_9,0,R7_blend_alpha07,"['CAM_FRONT', 'CAM_FRONT_RIGHT', 'CAM_FRONT_LEFT', 'CAM_BACK', 'CAM_BACK_LEFT', 'CAM_BACK_RIGHT']",blend,"[1, 2]",0.7,False,False,False
0.16696061932009423,0.07007147339473539,0.6396524670192364,0.06582219536118734,1.5186261405242052,0.7444444444444445,0.27877391103941,0.6088405542887213,0.4685579196217494,0.6508560636552215,52262,0.14395304236647877,0.0,0.3911594457112787,0.25555555555555554,0.27877391103941,0.6088405542887213,0.009181780309163529,-0.0010410220218889238,-0.0018312840785619233,-0.011387711864406779,-0.017492880804323985,0.01606904166908818,-0.0018312840785619233,0.6088405542887213,0.7444444444444445,0.4685579196217494,0.0,0.0,0.06582219536118734,-0.017492880804323985,0.14395304236647877,0.009181780309163529,6,1,0.03908673165874048,1.0,1270.6914316813152,epoch_56_original,16,C4_motion_blur_9,2,R7_blend_alpha07,"['CAM_FRONT', 'CAM_FRONT_RIGHT', 'CAM_FRONT_LEFT', 'CAM_BACK', 'CAM_BACK_LEFT', 'CAM_BACK_RIGHT']",blend,"[1, 2]",0.7,False,False,False
0.1802685950413223,0.07360839093856962,0.6059426533947407,0.065825561355334,1.5800029713266974,0.6875,0.2693472141073989,0.4234253212555298,0.4346938775510204,0.6165325761161067,53175,0.14274253454167285,0.0,0.5765746787444702,0.3125,0.2693472141073989,0.4234253212555298,0.01594677194773364,-0.00066393406978843,-0.0019889666773866416,-0.004325356701494214,-0.006863764670925532,0.016282870301589647,-0.0019889666773866416,0.4234253212555298,0.6875,0.4346938775510204,0.6059426533947407,0.0,0.065825561355334,-0.006863764670925532,0.14274253454167285,0.01594677194773364,6,1,0.03908673165874048,1.0,1270.6914316813152,epoch_56_original,16,C4_motion_blur_9,4,R7_blend_alpha07,"['CAM_FRONT', 'CAM_FRONT_RIGHT', 'CAM_FRONT_LEFT', 'CAM_BACK', 'CAM_BACK_LEFT', 'CAM_BACK_RIGHT']",blend,"[1, 2]",0.7,False,False,False
0.18895248603544584,0.07767687557207986,0.5785004461126665,0.06584723875179631,1.6522167184567578,0.8636363636363636,0.30856579902519965,0.49933125278644674,0.39469026548672564,0.58861334718255,53702,0.14943236008983787,0.0,0.5006687472135533,0.13636363636363635,0.30856579902519965,0.49933125278644674,0.020702917427176698,0.004028066817517731,-0.0018008319382647187,0.0041698610669608635,0.006860905147217045,0.016736916592314577,-0.0018008319382647187,0.49933125278644674,0.8636363636363636,0.39469026548672564,0.5785004461126665,0.0,0.06584723875179631,0.006860905147217045,0.14943236008983787,0.020702917427176698,6,1,0.03908673165874048,1.0,1270.6914316813152,epoch_56_original,16,C4_motion_blur_9,6,R7_blend_alpha07,"['CAM_FRONT', 'CAM_FRONT_RIGHT', 'CAM_FRONT_LEFT', 'CAM_BACK', 'CAM_BACK_LEFT', 'CAM_BACK_RIGHT']",blend,"[1, 2]",0.7,False,False,False
0.22422216917323148,0.10954697718178083,0.5997556887588421,0.045691213113778294,1.1852788273060424,0.746268656716418,0.0,0.1453813855843247,0.6689406099518459,0.5944846984010517,41723,0.09371892843953297,0.0,0.8546186144156753,0.25373134328358204,0.0,0.1453813855843247,0.0,0.0,0.0,0.0,0.0,0.0,0.0,0.1453813855843247,0.746268656716418,0.6689406099518459,0.0,0.0,0.045691213113778294,0.0,0.09371892843953297,0.0,0,0,0.0,0.0,0.0,epoch_56_original,16,A7_drop_all_rear,0,R0_degraded_native,[],native,[],,False,False,False
0.22726503484668995,0.1099913784999429,0.5707560876387516,0.05050480030912207,1.3179810542221189,0.7555555555555555,0.3414150725973727,0.23469566742676723,0.624113475177305,0.567262144338834,45357,0.11001336665310629,0.0,0.7653043325732327,0.24444444444444446,0.3414150725973727,0.23469566742676723,0.0,0.0,0.0,0.0,0.0,0.0,0.0,0.23469566742676723,0.7555555555555555,0.624113475177305,0.0,0.0,0.05050480030912207,0.0,0.11001336665310629,0.0,0,0,0.0,0.0,0.0,epoch_56_original,16,A7_drop_all_rear,2,R0_degraded_native,[],native,[],,False,False,False
0.19746891325141638,0.08794794751832277,0.6012776704798692,0.05656845525237282,1.4178873867181696,0.4166666666666667,0.28018271631168,0.2376237623762376,0.5806122448979592,0.6025556081400852,47719,0.10993908780270391,0.0,0.7623762376237624,0.5833333333333333,0.28018271631168,0.2376237623762376,0.0,0.0,0.0,0.0,0.0,0.0,0.0,0.2376237623762376,0.4166666666666667,0.5806122448979592,0.6012776704798692,0.0,0.05656845525237282,0.0,0.10993908780270391,0.0,0,0,0.0,0.0,0.0,epoch_56_original,16,A7_drop_all_rear,4,R0_degraded_native,[],native,[],,False,False,False
0.22047163162222483,0.1015863112077158,0.5380426422176414,0.0586027585321409,1.5572716364643264,0.5,0.320180441771233,0.25635309852875615,0.5380530973451327,0.5380420669955855,50616,0.1305110297510999,0.0,0.7436469014712439,0.5,0.320180441771233,0.25635309852875615,0.0,0.0,0.0,0.0,0.0,0.0,0.0,0.25635309852875615,0.5,0.5380530973451327,0.5380426422176414,0.0,0.0586027585321409,0.0,0.1305110297510999,0.0,0,0,0.0,0.0,0.0,epoch_56_original,16,A7_drop_all_rear,6,R0_degraded_native,[],native,[],,False,False,False
0.28696465250314235,0.12512148064921338,0.4666077839193116,0.0498262528475687,1.3921306057325205,0.6793893129770993,0.0,0.23811219946571682,0.32084019769357497,0.47744107744107744,48861,0.13020684939312782,0.0,0.7618878005342832,0.32061068702290074,0.0,0.23811219946571682,0.0,0.0,0.0,0.0,0.0,0.0,0.0,0.23811219946571682,0.6793893129770993,0.32084019769357497,0.0,0.0,0.0498262528475687,0.0,0.13020684939312782,0.0,0,0,0.0,0.0,0.0,epoch_56_original,17,A0_clean,0,R0_degraded_native,[],native,[],,False,False,False
0.2552987352812909,0.11098354066178512,0.49710784032987804,0.055972948942119856,1.4727106122215223,0.6697247706422018,0.34310004554425383,0.31623246492985974,0.319753671245855,0.5085184846545366,51430,0.12971765649160988,0.0,0.6837675350701402,0.3302752293577982,0.34310004554425383,0.31623246492985974,0.0,0.0,0.0,0.0,0.0,0.0,0.0,0.31623246492985974,0.6697247706422018,0.319753671245855,0.0,0.0,0.055972948942119856,0.0,0.12971765649160988,0.0,0,0,0.0,0.0,0.0,epoch_56_original,17,A0_clean,2,R0_degraded_native,[],native,[],,False,False,False
0.2685656461917204,0.12068342557588574,0.4590368409844544,0.05491419451220416,1.5552310547290926,0.5543478260869565,0.34809618165265355,0.24011238383401773,0.3474669603524229,0.4655611012719369,51122,0.13899790088527883,0.0,0.7598876161659822,0.44565217391304346,0.34809618165265355,0.24011238383401773,0.0,0.0,0.0,0.0,0.0,0.0,0.0,0.24011238383401773,0.5543478260869565,0.3474669603524229,0.4590368409844544,0.0,0.05491419451220416,0.0,0.13899790088527883,0.0,0,0,0.0,0.0,0.0,epoch_56_original,17,A0_clean,4,R0_degraded_native,[],native,[],,False,False,False
0.2649839444402957,0.11676839521201496,0.4492456695846526,0.05715992141971023,1.6291984851306884,0.34615384615384615,0.3769138318440717,0.2537075062742414,0.29131832797427654,0.4572556182523892,52483,0.13267523437014964,0.0,0.7462924937257587,0.6538461538461539,0.3769138318440717,0.2537075062742414,0.0,0.0,0.0,0.0,0.0,0.0,0.0,0.2537075062742414,0.34615384615384615,0.29131832797427654,0.4492456695846526,0.0,0.05715992141971023,0.0,0.13267523437014964,0.0,0,0,0.0,0.0,0.0,epoch_56_original,17,A0_clean,6,R0_degraded_native,[],native,[],,False,False,False
0.21281859070464768,0.068576374073214,0.5955610006268164,0.052243173274348575,1.304832184170038,0.816793893129771,0.0,0.5013357079252003,0.49794069192751234,0.6028160391796755,45797,0.11898113852641176,0.0,0.4986642920747997,0.18320610687022898,0.0,0.5013357079252003,0.0,0.0,0.0,0.0,0.0,0.0,0.0,0.5013357079252003,0.816793893129771,0.49794069192751234,0.0,0.0,0.052243173274348575,0.0,0.11898113852641176,0.0,0,0,0.0,0.0,0.0,epoch_56_original,17,A1_drop_cam_front,0,R0_degraded_native,[],native,[],,False,False,False
0.20866339836393175,0.0655876774434391,0.584388064830193,0.057240554110379156,1.4073936200675792,0.7339449541284404,0.32776681342037345,0.6316633266533066,0.5499763145428707,0.5866020541891439,49149,0.12244430444991695,0.0,0.3683366733466934,0.2660550458715596,0.32776681342037345,0.6316633266533066,0.0,0.0,0.0,0.0,0.0,0.0,0.0,0.6316633266533066,0.7339449541284404,0.5499763145428707,0.0,0.0,0.057240554110379156,0.0,0.12244430444991695,0.0,0,0,0.0,0.0,0.0,epoch_56_original,17,A1_drop_cam_front,2,R0_degraded_native,[],native,[],,False,False,False
0.19530214055692366,0.06043070872663825,0.5922545708983603,0.058893579453460465,1.4955127620090658,0.717391304347826,0.29689926632035557,0.670196671709531,0.6558370044052864,0.5885364675575592,49159,0.1252167564114265,0.0,0.329803328290469,0.28260869565217395,0.29689926632035557,0.670196671709531,0.0,0.0,0.0,0.0,0.0,0.0,0.0,0.670196671709531,0.717391304347826,0.6558370044052864,0.5922545708983603,0.0,0.058893579453460465,0.0,0.1252167564114265,0.0,0,0,0.0,0.0,0.0,epoch_56_original,17,A1_drop_cam_front,4,R0_degraded_native,[],native,[],,False,False,False
0.20602846695123905,0.06091233934927982,0.5609983237101881,0.05993392411144712,1.569783324020612,0.6923076923076923,0.3200083607671004,0.6771617613506731,0.6906752411575563,0.554421213999152,50569,0.12770844974234805,0.0,0.3228382386493269,0.3076923076923077,0.3200083607671004,0.6771617613506731,0.0,0.0,0.0,0.0,0.0,0.0,0.0,0.6771617613506731,0.6923076923076923,0.6906752411575563,0.5609983237101881,0.0,0.05993392411144712,0.0,0.12770844974234805,0.0,0,0,0.0,0.0,0.0,epoch_56_original,17,A1_drop_cam_front,6,R0_degraded_native,[],native,[],,False,False,False
0.2701041788598853,0.10741667174810038,0.4740441050772124,0.054960968884215956,1.473189355518833,0.6183206106870229,0.0,0.27586821015138024,0.40939044481054365,0.4788490970309152,51706,0.13237221494102228,0.0,0.7241317898486197,0.38167938931297707,0.0,0.27586821015138024,0.05728558815523763,0.03884029767488638,0.002717795609867381,0.129025918728301,0.1683571713487948,0.013391076414610514,0.002717795609867381,0.27586821015138024,0.6183206106870229,0.40939044481054365,0.0,0.0,0.054960968884215956,0.1683571713487948,0.13237221494102228,0.05728558815523763,1,1,0.04692791199142282,1.0,18215.45792388916,epoch_56_original,17,A1_drop_cam_front,0,R1_replace_tminus1,['CAM_FRONT'],replace,[1],,False,False,False
0.2629506634719128,0.09470796022477751,0.46263100624248327,0.060231903985932395,1.5809804707634156,0.7064220183486238,0.43165831688679723,0.2939879759519038,0.35575556608242537,0.4695071774709701,55211,0.1430616803161331,0.0,0.7060120240480963,0.29357798165137616,0.43165831688679723,0.2939879759519038,0.05428726510798107,0.029120282781338408,0.0029913498755532383,0.12333923375857088,0.17358685069583646,0.020617375866216134,0.0029913498755532383,0.2939879759519038,0.7064220183486238,0.35575556608242537,0.0,0.0,0.060231903985932395,0.17358685069583646,0.1430616803161331,0.05428726510798107,1,1,0.04692791199142282,1.0,18215.45792388916,epoch_56_original,17,A1_drop_cam_front,2,R1_replace_tminus1,['CAM_FRONT'],replace,[1],,False,False,False
0.2394991194375494,0.08631355815021065,0.4745824587021995,0.06463535755992549,1.7192358005536796,0.5217391304347826,0.36394794623252824,0.42208774583963693,0.44768722466960353,0.47615520850104653,56513,0.14782026710474278,0.0,0.5779122541603631,0.4782608695652174,0.36394794623252824,0.42208774583963693,0.04419697888062574,0.0258828494235724,0.00574177810646502,0.14959620822229908,0.22372303854461384,0.022603510693316287,0.00574177810646502,0.42208774583963693,0.5217391304347826,0.44768722466960353,0.4745824587021995,0.0,0.06463535755992549,0.22372303854461384,0.14782026710474278,0.04419697888062574,1,1,0.04692791199142282,1.0,18215.45792388916,epoch_56_original,17,A1_drop_cam_front,4,R1_replace_tminus1,['CAM_FRONT'],replace,[1],,False,False,False
0.24602057686264328,0.08429691115459735,0.44105047494878,0.06741682105214665,1.83091202582728,0.5256410256410257,0.39650937973559075,0.3214693132557609,0.4482315112540193,0.440686258521152,58981,0.14875519960265723,0.0,0.6785306867442391,0.47435897435897434,0.39650937973559075,0.3214693132557609,0.03999210991140423,0.023384571805317528,0.007482896940699528,0.16634697146473135,0.2611287018066679,0.02104674986030919,0.007482896940699528,0.3214693132557609,0.5256410256410257,0.4482315112540193,0.44105047494878,0.0,0.06741682105214665,0.2611287018066679,0.14875519960265723,0.03999210991140423,1,1,0.04692791199142282,1.0,18215.45792388916,epoch_56_original,17,A1_drop_cam_front,6,R1_replace_tminus1,['CAM_FRONT'],replace,[1],,False,False,False
0.2695075281845181,0.0966302353508356,0.48031226850532793,0.053861617253703906,1.4479742435466407,0.8396946564885496,0.0,0.2778272484416741,0.47322899505766064,0.480838689929599,50821,0.14188842669097954,0.0,0.7221727515583258,0.16030534351145043,0.0,0.2778272484416741,0.056688937479870444,0.028053861277621606,0.0016184439793553301,0.10970150883245627,0.14314205937660263,0.022907288164567774,0.0016184439793553301,0.2778272484416741,0.8396946564885496,0.47322899505766064,0.0,0.0,0.053861617253703906,0.14314205937660263,0.14188842669097954,0.056688937479870444,1,2,0.0479515056041154,1.0,18739.618812561035,epoch_56_original,17,A1_drop_cam_front,0,R2_replace_tminus2,['CAM_FRONT'],replace,[2],,False,False,False
0.2618105557497378,0.09411177922650016,0.4637764160128286,0.06049302734523483,1.5843594295859345,0.8715596330275229,0.43054501290420527,0.306813627254509,0.4230222643297016,0.4663984639297796,55329,0.14821602428268713,0.0,0.693186372745491,0.12844036697247707,0.43054501290420527,0.306813627254509,0.05314715738580608,0.028524101783061057,0.0032524732348556754,0.1257400964414332,0.17696580951835528,0.02577171983277017,0.0032524732348556754,0.306813627254509,0.8715596330275229,0.4230222643297016,0.0,0.0,0.06049302734523483,0.17696580951835528,0.14821602428268713,0.05314715738580608,1,2,0.0479515056041154,1.0,18739.618812561035,epoch_56_original,17,A1_drop_cam_front,2,R2_replace_tminus2,['CAM_FRONT'],replace,[2],,False,False,False
0.24054260869565217,0.08508121006157353,0.4740348635575431,0.06424334861289775,1.7125429710078792,0.7608695652173914,0.36052053767471753,0.3965852604279231,0.47301762114537443,0.47409434873611334,56293,0.15752486994615314,0.0,0.6034147395720769,0.23913043478260865,0.36052053767471753,0.3965852604279231,0.04524046813872851,0.02465050133493528,0.005349769159437287,0.1451209341117598,0.21703020899881342,0.03230811353472665,0.005349769159437287,0.3965852604279231,0.7608695652173914,0.47301762114537443,0.4740348635575431,0.0,0.06424334861289775,0.21703020899881342,0.15752486994615314,0.04524046813872851,1,2,0.0479515056041154,1.0,18739.618812561035,epoch_56_original,17,A1_drop_cam_front,4,R2_replace_tminus2,['CAM_FRONT'],replace,[2],,False,False,False
0.24278972916694835,0.0810157258777623,0.442602595144968,0.06868042370176344,1.8532004718445396,0.5256410256410257,0.3845430318231698,0.2731006160164271,0.5054662379421222,0.43941420137643106,59699,0.1576643695287763,0.0,0.7268993839835729,0.47435897435897434,0.3845430318231698,0.2731006160164271,0.0367612622157093,0.02010338652848248,0.008746499590316321,0.18054539342284798,0.2834171478239276,0.029955919786428253,0.008746499590316321,0.2731006160164271,0.5256410256410257,0.5054662379421222,0.442602595144968,0.0,0.06868042370176344,0.2834171478239276,0.1576643695287763,0.0367612622157093,1,2,0.0479515056041154,1.0,18739.618812561035,epoch_56_original,17,A1_drop_cam_front,6,R2_replace_tminus2,['CAM_FRONT'],replace,[2],,False,False,False
0.26648764612308634,0.10256365717846562,0.4797424354664083,0.05525357826557029,1.4725340475240754,0.7557251908396947,0.0,0.28495102404274264,0.43739703459637563,0.4828895010713192,51683,0.1331699811955097,0.0,0.7150489759572574,0.2442748091603053,0.0,0.28495102404274264,0.053669055418438666,0.03398728310525162,0.003010404991221717,0.1285237024259231,0.16770186335403725,0.01418884266909795,0.003010404991221717,0.28495102404274264,0.7557251908396947,0.43739703459637563,0.0,0.0,0.05525357826557029,0.16770186335403725,0.1331699811955097,0.053669055418438666,1,1,0.04572714831341397,1.0,17284.408180236816,epoch_56_original,17,A1_drop_cam_front,0,R3_ema_K2,['CAM_FRONT'],ema,"[1, 2]",,False,False,False
0.26012491325468423,0.09239262604452571,0.46331825210469046,0.06136068407709419,1.5998510967298551,0.7798165137614679,0.43029198927179796,0.2927855711422846,0.3699668403600189,0.4693243119685471,55870,0.14463661875035794,0.0,0.7072144288577153,0.22018348623853212,0.43029198927179796,0.2927855711422846,0.051461514890752486,0.026804948601086606,0.0041201299667150346,0.13674744145353923,0.19245747666227597,0.022192314300440982,0.0041201299667150346,0.2927855711422846,0.7798165137614679,0.3699668403600189,0.0,0.0,0.06136068407709419,0.19245747666227597,0.14463661875035794,0.051461514890752486,1,1,0.04572714831341397,1.0,17284.408180236816,epoch_56_original,17,A1_drop_cam_front,2,R3_ema_K2,['CAM_FRONT'],ema,"[1, 2]",,False,False,False
0.239728390631685,0.08244020338329308,0.4715706854065894,0.065201958727058,1.7327127255027228,0.6195652173913043,0.36833931344722326,0.43613572509185217,0.47577092511013214,0.4713250684269844,56956,0.15125794773508563,0.0,0.5638642749081478,0.3804347826086957,0.36833931344722326,0.43613572509185217,0.044426250074761336,0.022009494656654832,0.006308379273597536,0.15860778290852132,0.23719996349365702,0.026041191323659146,0.006308379273597536,0.43613572509185217,0.6195652173913043,0.47577092511013214,0.4715706854065894,0.0,0.065201958727058,0.23719996349365702,0.15125794773508563,0.044426250074761336,1,1,0.04572714831341397,1.0,17284.408180236816,epoch_56_original,17,A1_drop_cam_front,4,R3_ema_K2,['CAM_FRONT'],ema,"[1, 2]",,False,False,False
0.24105433463664555,0.07928773750305872,0.44499286024709755,0.06903087599911811,1.857422238778171,0.44871794871794873,0.39415791398860844,0.32511978097193706,0.5311897106109325,0.44062102482142274,59835,0.1518594399950332,0.0,0.6748802190280629,0.5512820512820513,0.39415791398860844,0.32511978097193706,0.0350258676854065,0.018375398153778894,0.009096951887670991,0.18323478811129348,0.2876389147575589,0.02415099025268516,0.009096951887670991,0.32511978097193706,0.44871794871794873,0.5311897106109325,0.44499286024709755,0.0,0.06903087599911811,0.2876389147575589,0.1518594399950332,0.0350258676854065,1,1,0.04572714831341397,1.0,17284.408180236816,epoch_56_original,17,A1_drop_cam_front,6,R3_ema_K2,['CAM_FRONT'],ema,"[1, 2]",,False,False,False
0.2679509888597737,0.10324654956763056,0.4784888027807852,0.05490641459277701,1.4678044333010427,0.6946564885496184,0.0,0.2764024933214604,0.41227347611202636,0.4834098561371289,51517,0.13564875491480996,0.0,0.7235975066785396,0.30534351145038163,0.0,0.2764024933214604,0.05513239815512602,0.03467017549441656,0.002663241318428433,0.12489901085223923,0.1629722491310046,0.0166676163883982,0.002663241318428433,0.2764024933214604,0.6946564885496184,0.41227347611202636,0.0,0.0,0.05490641459277701,0.1629722491310046,0.13564875491480996,0.05513239815512602,1,2,0.044974646107716995,1.0,16775.530738830566,epoch_56_original,17,A1_drop_cam_front,0,R4_ema_K3,['CAM_FRONT'],ema,"[1, 2, 3]",,False,False,False
0.26033029153992526,0.094835995312896,0.4632896168604318,0.06127309206416363,1.5983620640284062,0.8073394495412844,0.42720510095642933,0.288376753507014,0.36475603979156795,0.4696290878059187,55818,0.14372029093408167,0.0,0.7116232464929859,0.19266055045871555,0.42720510095642933,0.288376753507014,0.05166689317599352,0.02924831786945689,0.004032537953784471,0.13568943416956603,0.19096844396082702,0.02127598648416472,0.004032537953784471,0.288376753507014,0.8073394495412844,0.36475603979156795,0.0,0.0,0.06127309206416363,0.19096844396082702,0.14372029093408167,0.05166689317599352,1,2,0.044974646107716995,1.0,16775.530738830566,epoch_56_original,17,A1_drop_cam_front,2,R4_ema_K3,['CAM_FRONT'],ema,"[1, 2, 3]",,False,False,False
0.23962833721059046,0.08494525468026626,0.47354811231784855,0.06480500849078202,1.7234036080435642,0.6630434782608695,0.3658758635462968,0.43289388372595633,0.47026431718061673,0.47374013846401547,56650,0.1517446989747802,0.0,0.5671061162740436,0.3369565217391305,0.3658758635462968,0.43289388372595633,0.0443261966536668,0.02451454595362801,0.005911429037321558,0.15238308346386217,0.22789084603449838,0.026527942563353724,0.005911429037321558,0.43289388372595633,0.6630434782608695,0.47026431718061673,0.47354811231784855,0.0,0.06480500849078202,0.22789084603449838,0.1517446989747802,0.0443261966536668,1,2,0.044974646107716995,1.0,16775.530738830566,epoch_56_original,17,A1_drop_cam_front,4,R4_ema_K3,['CAM_FRONT'],ema,"[1, 2, 3]",,False,False,False
0.24401232138737736,0.08241007688780068,0.44179549264295026,0.06824606029095767,1.845812379710685,0.4358974358974359,0.3955165386424204,0.3159936116814967,0.5022508038585209,0.4387292475292736,59461,0.15244924566958465,0.0,0.6840063883185032,0.5641025641025641,0.3955165386424204,0.3159936116814967,0.037983854436138303,0.021497737538520856,0.00831213617951055,0.17583895271806838,0.27602905569007286,0.024740795927236603,0.00831213617951055,0.3159936116814967,0.4358974358974359,0.5022508038585209,0.44179549264295026,0.0,0.06824606029095767,0.27602905569007286,0.15244924566958465,0.037983854436138303,1,2,0.044974646107716995,1.0,16775.530738830566,epoch_56_original,17,A1_drop_cam_front,6,R4_ema_K3,['CAM_FRONT'],ema,"[1, 2, 3]",,False,False,False
0.1444015783837702,0.04647704862449654,0.7195281782437746,0.05467497214424816,1.2227762265656164,0.8625954198473282,0.0,0.7490650044523598,0.6009060955518946,0.7283440465258647,42917,0.1071855946207761,0.0,0.2509349955476402,0.13740458015267176,0.0,0.7490650044523598,0.0,0.0,0.0,0.0,0.0,0.0,0.0,0.7490650044523598,0.8625954198473282,0.6009060955518946,0.0,0.0,0.05467497214424816,0.0,0.1071855946207761,0.0,0,0,0.0,0.0,0.0,epoch_56_original,17,A10_drop_front_triplet,0,R0_degraded_native,[],native,[],,False,False,False
0.16677748718176041,0.055398000487638384,0.6767939980528034,0.05413351667057801,1.2611534276387377,1.0,0.2089975203684024,0.805811623246493,0.6423495973472289,0.679010088080217,44042,0.10729626023709982,0.0,0.19418837675350697,0.0,0.2089975203684024,0.805811623246493,0.0,0.0,0.0,0.0,0.0,0.0,0.0,0.805811623246493,1.0,0.6423495973472289,0.0,0.0,0.05413351667057801,0.0,0.10729626023709982,0.0,0,0,0.0,0.0,0.0,epoch_56_original,17,A10_drop_front_triplet,2,R0_degraded_native,[],native,[],,False,False,False
0.1569071642547357,0.051225569816355794,0.6797176842809771,0.05637352193685362,1.3615040613306562,1.0,0.20901836876773952,0.7806354009077155,0.664647577092511,0.6805989373691838,44754,0.1058988165860485,0.0,0.21936459909228445,0.0,0.20901836876773952,0.7806354009077155,0.0,0.0,0.0,0.0,0.0,0.0,0.0,0.7806354009077155,1.0,0.664647577092511,0.6797176842809771,0.0,0.05637352193685362,0.0,0.1058988165860485,0.0,0,0,0.0,0.0,0.0,epoch_56_original,17,A10_drop_front_triplet,4,R0_degraded_native,[],native,[],,False,False,False
0.16235800445016982,0.04956587419387523,0.6557086980815794,0.059392615163889925,1.4648599987583037,1.0,0.23561686784762503,0.7759525439196897,0.6610932475884245,0.6554355980299422,47189,0.11625380269448066,0.09034907597535935,0.2240474560803103,0.0,0.23561686784762503,0.7759525439196897,0.0,0.0,0.0,0.0,0.0,0.0,0.0,0.7759525439196897,1.0,0.6610932475884245,0.6557086980815794,0.09034907597535935,0.059392615163889925,0.0,0.11625380269448066,0.0,0,0,0.0,0.0,0.0,epoch_56_original,17,A10_drop_front_triplet,6,R0_degraded_native,[],native,[],,False,False,False
0.24519978871932505,0.09530338048618986,0.5106273861758505,0.05777960727522805,1.4851843409880905,0.5419847328244275,0.0,0.31843276936776493,0.4559308072487644,0.5146923783287419,52127,0.13265713146048208,0.0,0.6815672306322351,0.4580152671755725,0.0,0.31843276936776493,0.10079821033555483,0.04882633186169332,0.003104635130979895,0.21460027494932077,0.26240811442247414,0.025471536839705974,0.003104635130979895,0.31843276936776493,0.5419847328244275,0.4559308072487644,0.0,0.0,0.05777960727522805,0.26240811442247414,0.13265713146048208,0.10079821033555483,3,1,0.04654143412004818,1.0,18250.314918518066,epoch_56_original,17,A10_drop_front_triplet,0,R1_replace_tminus1,"['CAM_FRONT', 'CAM_FRONT_LEFT', 'CAM_FRONT_RIGHT']",replace,[1],,False,False,False
0.23352886861115638,0.08617424139185305,0.5075310692400207,0.06399505518296815,1.6012828589427868,0.8073394495412844,0.3619756085218359,0.35190380761523044,0.4144954997631454,0.5135168083874311,55920,0.138537311723269,0.0,0.6480961923847696,0.19266055045871555,0.3619756085218359,0.35190380761523044,0.06675138142939596,0.030776240904214665,0.00986153851239014,0.2696971073066618,0.34012943130404905,0.03124105148616918,0.00986153851239014,0.35190380761523044,0.8073394495412844,0.4144954997631454,0.0,0.0,0.06399505518296815,0.34012943130404905,0.138537311723269,0.06675138142939596,3,1,0.04654143412004818,1.0,18250.314918518066,epoch_56_original,17,A10_drop_front_triplet,2,R1_replace_tminus1,"['CAM_FRONT', 'CAM_FRONT_LEFT', 'CAM_FRONT_RIGHT']",replace,[1],,False,False,False
0.21239898685321432,0.07720465315234658,0.5178424751300539,0.06876298117862925,1.7522131970429862,0.5652173913043478,0.3037005301772613,0.48238599524529935,0.4801762114537445,0.5200450813073579,57597,0.1461166377658118,0.0,0.5176140047547007,0.4347826086956522,0.3037005301772613,0.48238599524529935,0.055491822598478624,0.025979083335990784,0.012389459241775633,0.28696876256870896,0.39070913571233,0.0402178211797633,0.012389459241775633,0.48238599524529935,0.5652173913043478,0.4801762114537445,0.5178424751300539,0.0,0.06876298117862925,0.39070913571233,0.1461166377658118,0.055491822598478624,3,1,0.04654143412004818,1.0,18250.314918518066,epoch_56_original,17,A10_drop_front_triplet,4,R1_replace_tminus1,"['CAM_FRONT', 'CAM_FRONT_LEFT', 'CAM_FRONT_RIGHT']",replace,[1],,False,False,False
0.21570576540755468,0.07425761150646829,0.48804867448935246,0.07279206826086813,1.885329359905631,0.5128205128205128,0.3341171552489941,0.36846908510152865,0.4816720257234727,0.4883720930232558,60734,0.14732724902216426,0.5286333561487565,0.6315309148984714,0.4871794871794872,0.3341171552489941,0.36846908510152865,0.05334776095738486,0.024691737312593054,0.013399453096978209,0.2870372332535125,0.42046936114732736,0.031073446327683607,0.013399453096978209,0.36846908510152865,0.5128205128205128,0.4816720257234727,0.48804867448935246,0.5286333561487565,0.07279206826086813,0.42046936114732736,0.14732724902216426,0.05334776095738486,3,1,0.04654143412004818,1.0,18250.314918518066,epoch_56_original,17,A10_drop_front_triplet,6,R1_replace_tminus1,"['CAM_FRONT', 'CAM_FRONT_LEFT', 'CAM_FRONT_RIGHT']",replace,[1],,False,False,False
0.23060619493544635,0.08569693060749835,0.5256994700552738,0.06131571725667959,1.531055900621118,0.7099236641221374,0.0,0.35636687444345505,0.549835255354201,0.5239057239057239,53737,0.1425152430337911,0.0,0.643633125556545,0.29007633587786263,0.0,0.35636687444345505,0.08620461655167613,0.03921988198300181,0.006640745112431436,0.25211454668313255,0.3082796740555016,0.03532964841301499,0.006640745112431436,0.35636687444345505,0.7099236641221374,0.549835255354201,0.0,0.0,0.06131571725667959,0.3082796740555016,0.1425152430337911,0.08620461655167613,3,2,0.04787416440067869,1.0,18955.768348693848,epoch_56_original,17,A10_drop_front_triplet,0,R2_replace_tminus2,"['CAM_FRONT', 'CAM_FRONT_LEFT', 'CAM_FRONT_RIGHT']",replace,[2],,False,False,False
0.2223331450564174,0.0822884876883753,0.5153198556783689,0.06810196371376913,1.6646526544871427,0.7614678899082569,0.3693638985881281,0.40981963927855714,0.4860255802936997,0.5172045960196275,58133,0.14910371685470478,0.0,0.5901803607214429,0.23853211009174313,0.3693638985881281,0.40981963927855714,0.055555657874656994,0.02689048720073691,0.01396844704319112,0.31994459833795014,0.403499226848405,0.04180745661760496,0.01396844704319112,0.40981963927855714,0.7614678899082569,0.4860255802936997,0.0,0.0,0.06810196371376913,0.403499226848405,0.14910371685470478,0.055555657874656994,3,2,0.04787416440067869,1.0,18955.768348693848,epoch_56_original,17,A10_drop_front_triplet,2,R2_replace_tminus2,"['CAM_FRONT', 'CAM_FRONT_LEFT', 'CAM_FRONT_RIGHT']",replace,[2],,False,False,False
0.20179896264198016,0.07537691213256854,0.5324754342733716,0.0712929212737326,1.7843083569103466,0.5760869565217391,0.29775611845980826,0.46444780635400906,0.4972466960352423,0.5345355015295443,58652,0.15426972103069575,0.0,0.5355521936459909,0.42391304347826086,0.29775611845980826,0.46444780635400906,0.04489179838724447,0.02415134231621275,0.014919399336878983,0.31054207445144566,0.42280429557969046,0.048370904444647256,0.014919399336878983,0.46444780635400906,0.5760869565217391,0.4972466960352423,0.5324754342733716,0.0,0.0712929212737326,0.42280429557969046,0.15426972103069575,0.04489179838724447,3,2,0.04787416440067869,1.0,18955.768348693848,epoch_56_original,17,A10_drop_front_triplet,4,R2_replace_tminus2,"['CAM_FRONT', 'CAM_FRONT_LEFT', 'CAM_FRONT_RIGHT']",replace,[2],,False,False,False
0.2135771812962306,0.07950683688958743,0.49537468181535976,0.07222772489001063,1.8673558080337742,0.5897435897435898,0.3166117991325704,0.31690622861054074,0.5009646302250804,0.4950911640953717,60155,0.1537219842304588,0.5507643166780744,0.6830937713894593,0.41025641025641024,0.3166117991325704,0.31690622861054074,0.05121917684606078,0.029940962695712198,0.012835109726120703,0.274767424611668,0.40249580927547046,0.03746818153597814,0.012835109726120703,0.31690622861054074,0.5897435897435898,0.5009646302250804,0.49537468181535976,0.5507643166780744,0.07222772489001063,0.40249580927547046,0.1537219842304588,0.05121917684606078,3,2,0.04787416440067869,1.0,18955.768348693848,epoch_56_original,17,A10_drop_front_triplet,6,R2_replace_tminus2,"['CAM_FRONT', 'CAM_FRONT_LEFT', 'CAM_FRONT_RIGHT']",replace,[2],,False,False,False
0.23988885458474837,0.09235967946108169,0.5129637016354208,0.05977827813430936,1.5172944327312097,0.4961832061068702,0.0,0.34674977738201246,0.4728171334431631,0.5159473523109886,53254,0.14009345261838282,0.0,0.6532502226179875,0.5038167938931297,0.0,0.34674977738201246,0.09548727620097816,0.04588263083658515,0.005103305990061202,0.24086026516298903,0.2945182061655933,0.03290785799760672,0.005103305990061202,0.34674977738201246,0.4961832061068702,0.4728171334431631,0.0,0.0,0.05977827813430936,0.2945182061655933,0.14009345261838282,0.09548727620097816,3,1,0.04469528037941817,1.0,17081.124834696453,epoch_56_original,17,A10_drop_front_triplet,0,R3_ema_K2,"['CAM_FRONT', 'CAM_FRONT_LEFT', 'CAM_FRONT_RIGHT']",ema,"[1, 2]",,False,False,False
0.22961244650641924,0.0847104329937405,0.5068151881335548,0.0662509626858025,1.6410858484622874,0.7064220183486238,0.3718941349122008,0.3486973947895792,0.3983893889152061,0.5137911066410655,57310,0.14266078689651224,0.0,0.6513026052104208,0.29357798165137616,0.3718941349122008,0.3486973947895792,0.06283495932465882,0.02931243250610211,0.012117446015224485,0.30125789019572224,0.3799324208235497,0.03536452665941242,0.012117446015224485,0.3486973947895792,0.7064220183486238,0.3983893889152061,0.0,0.0,0.0662509626858025,0.3799324208235497,0.14266078689651224,0.06283495932465882,3,1,0.04469528037941817,1.0,17081.124834696453,epoch_56_original,17,A10_drop_front_triplet,2,R3_ema_K2,"['CAM_FRONT', 'CAM_FRONT_LEFT', 'CAM_FRONT_RIGHT']",ema,"[1, 2]",,False,False,False
0.20752618407637408,0.07358680962125089,0.523196738766694,0.0702519563387682,1.774360378449089,0.5434782608695652,0.30327210410753497,0.4791441538794035,0.4818281938325991,0.525615842859443,58325,0.1499193818259256,0.0,0.5208558461205965,0.4565217391304348,0.30327210410753497,0.4791441538794035,0.050619019821638384,0.022361239804895093,0.01387843440191458,0.30323546498636994,0.41285631711843274,0.0440205652398771,0.01387843440191458,0.4791441538794035,0.5434782608695652,0.4818281938325991,0.523196738766694,0.0,0.0702519563387682,0.41285631711843274,0.1499193818259256,0.050619019821638384,3,1,0.04469528037941817,1.0,17081.124834696453,epoch_56_original,17,A10_drop_front_triplet,4,R3_ema_K2,"['CAM_FRONT', 'CAM_FRONT_LEFT', 'CAM_FRONT_RIGHT']",ema,"[1, 2]",,False,False,False
0.21420719800328475,0.07097516198702934,0.48581362140684176,0.0742251384533372,1.9146023468057367,0.47435897435897434,0.33521450593091917,0.3702943189596167,0.492604501607717,0.48546919338530287,61677,0.15421866269323897,0.5233858088067533,0.6297056810403834,0.5256410256410257,0.33521450593091917,0.3702943189596167,0.05184919355311493,0.02140928779315411,0.014832523289447272,0.3070207039776219,0.44974234804743296,0.037964859998758316,0.014832523289447272,0.3702943189596167,0.47435897435897434,0.492604501607717,0.48581362140684176,0.5233858088067533,0.0742251384533372,0.44974234804743296,0.15421866269323897,0.05184919355311493,3,1,0.04469528037941817,1.0,17081.124834696453,epoch_56_original,17,A10_drop_front_triplet,6,R3_ema_K2,"['CAM_FRONT', 'CAM_FRONT_LEFT', 'CAM_FRONT_RIGHT']",ema,"[1, 2]",,False,False,False
0.23974002904230873,0.08841743217020048,0.515499458658613,0.059237694700959825,1.5054419055216821,0.5343511450381679,0.0,0.3308993766696349,0.46334431630971995,0.5193755739210285,52838,0.14268619294546697,0.0,0.6691006233303651,0.46564885496183206,0.0,0.3308993766696349,0.09533845065853852,0.041940383545703945,0.004562722556711668,0.23116713656592958,0.28266567895606576,0.035500598324690866,0.004562722556711668,0.3308993766696349,0.5343511450381679,0.46334431630971995,0.0,0.0,0.059237694700959825,0.28266567895606576,0.14268619294546697,0.09533845065853852,3,2,0.043779484927654266,1.0,16554.89678700765,epoch_56_original,17,A10_drop_front_triplet,0,R4_ema_K3,"['CAM_FRONT', 'CAM_FRONT_LEFT', 'CAM_FRONT_RIGHT']",ema,"[1, 2, 3]",,False,False,False
0.23401832601007394,0.08484434346048535,0.49977091804593093,0.0656543453901811,1.6377927953725446,0.5412844036697247,0.38226810384089877,0.35150300601202406,0.3912837517764093,0.5067507847977812,57195,0.1475001431762213,0.0,0.6484969939879759,0.45871559633027525,0.38226810384089877,0.35150300601202406,0.06724083882831353,0.029446342972846963,0.01152082871960309,0.29864674628763455,0.3766393677338069,0.04020388293912147,0.01152082871960309,0.35150300601202406,0.5412844036697247,0.3912837517764093,0.0,0.0,0.0656543453901811,0.3766393677338069,0.1475001431762213,0.06724083882831353,3,2,0.043779484927654266,1.0,16554.89678700765,epoch_56_original,17,A10_drop_front_triplet,2,R4_ema_K3,"['CAM_FRONT', 'CAM_FRONT_LEFT', 'CAM_FRONT_RIGHT']",ema,"[1, 2, 3]",,False,False,False
0.2121058121807045,0.07559203750918266,0.5175078336527639,0.06901828112312211,1.7572632411548172,0.4782608695652174,0.3024152519680823,0.45882861465312297,0.47687224669603523,0.5198840766382226,57763,0.15487816008031396,0.0,0.541171385346877,0.5217391304347826,0.3024152519680823,0.45882861465312297,0.05519864792596882,0.02436646769282686,0.012644759186268492,0.29067792822987887,0.3957591798241611,0.04897934349426547,0.012644759186268492,0.45882861465312297,0.4782608695652174,0.47687224669603523,0.5175078336527639,0.0,0.06901828112312211,0.3957591798241611,0.15487816008031396,0.05519864792596882,3,2,0.043779484927654266,1.0,16554.89678700765,epoch_56_original,17,A10_drop_front_triplet,4,R4_ema_K3,"['CAM_FRONT', 'CAM_FRONT_LEFT', 'CAM_FRONT_RIGHT']",ema,"[1, 2, 3]",,False,False,False
0.218210690709608,0.07238659620239599,0.4838579499596449,0.07236593142981247,1.8814801018190848,0.41025641025641024,0.3331243141558238,0.34245950262377367,0.4739549839228296,0.48436022048990507,60610,0.15741603029738624,0.5443759981747661,0.6575404973762263,0.5897435897435898,0.3331243141558238,0.34245950262377367,0.05585268625943818,0.022820722008520755,0.012973316265922546,0.2844095022144991,0.416620103060781,0.04116222760290558,0.012973316265922546,0.34245950262377367,0.41025641025641024,0.4739549839228296,0.4838579499596449,0.5443759981747661,0.07236593142981247,0.416620103060781,0.15741603029738624,0.05585268625943818,3,2,0.043779484927654266,1.0,16554.89678700765,epoch_56_original,17,A10_drop_front_triplet,6,R4_ema_K3,"['CAM_FRONT', 'CAM_FRONT_LEFT', 'CAM_FRONT_RIGHT']",ema,"[1, 2, 3]",,False,False,False
0.24519978871932505,0.09530338048618986,0.5106273861758505,0.05777960727522805,1.4851843409880905,0.5419847328244275,0.0,0.31843276936776493,0.4559308072487644,0.5146923783287419,52127,0.13265713146048208,0.0,0.6815672306322351,0.4580152671755725,0.0,0.31843276936776493,0.10079821033555483,0.04882633186169332,0.003104635130979895,0.21460027494932077,0.26240811442247414,0.025471536839705974,0.003104635130979895,0.31843276936776493,0.5419847328244275,0.4559308072487644,0.0,0.0,0.05777960727522805,0.26240811442247414,0.13265713146048208,0.10079821033555483,3,1,0.04654143412004818,1.0,18250.314918518066,epoch_56_original,17,A10_drop_front_triplet,0,R8_camera_group_repair_front_triplet,"['CAM_FRONT', 'CAM_FRONT_LEFT', 'CAM_FRONT_RIGHT']",replace,[1],,False,False,False
0.23352886861115638,0.08617424139185305,0.5075310692400207,0.06399505518296815,1.6012828589427868,0.8073394495412844,0.3619756085218359,0.35190380761523044,0.4144954997631454,0.5135168083874311,55920,0.138537311723269,0.0,0.6480961923847696,0.19266055045871555,0.3619756085218359,0.35190380761523044,0.06675138142939596,0.030776240904214665,0.00986153851239014,0.2696971073066618,0.34012943130404905,0.03124105148616918,0.00986153851239014,0.35190380761523044,0.8073394495412844,0.4144954997631454,0.0,0.0,0.06399505518296815,0.34012943130404905,0.138537311723269,0.06675138142939596,3,1,0.04654143412004818,1.0,18250.314918518066,epoch_56_original,17,A10_drop_front_triplet,2,R8_camera_group_repair_front_triplet,"['CAM_FRONT', 'CAM_FRONT_LEFT', 'CAM_FRONT_RIGHT']",replace,[1],,False,False,False
0.21239898685321432,0.07720465315234658,0.5178424751300539,0.06876298117862925,1.7522131970429862,0.5652173913043478,0.3037005301772613,0.48238599524529935,0.4801762114537445,0.5200450813073579,57597,0.1461166377658118,0.0,0.5176140047547007,0.4347826086956522,0.3037005301772613,0.48238599524529935,0.055491822598478624,0.025979083335990784,0.012389459241775633,0.28696876256870896,0.39070913571233,0.0402178211797633,0.012389459241775633,0.48238599524529935,0.5652173913043478,0.4801762114537445,0.5178424751300539,0.0,0.06876298117862925,0.39070913571233,0.1461166377658118,0.055491822598478624,3,1,0.04654143412004818,1.0,18250.314918518066,epoch_56_original,17,A10_drop_front_triplet,4,R8_camera_group_repair_front_triplet,"['CAM_FRONT', 'CAM_FRONT_LEFT', 'CAM_FRONT_RIGHT']",replace,[1],,False,False,False
0.21570576540755468,0.07425761150646829,0.48804867448935246,0.07279206826086813,1.885329359905631,0.5128205128205128,0.3341171552489941,0.36846908510152865,0.4816720257234727,0.4883720930232558,60734,0.14732724902216426,0.5286333561487565,0.6315309148984714,0.4871794871794872,0.3341171552489941,0.36846908510152865,0.05334776095738486,0.024691737312593054,0.013399453096978209,0.2870372332535125,0.42046936114732736,0.031073446327683607,0.013399453096978209,0.36846908510152865,0.5128205128205128,0.4816720257234727,0.48804867448935246,0.5286333561487565,0.07279206826086813,0.42046936114732736,0.14732724902216426,0.05334776095738486,3,1,0.04654143412004818,1.0,18250.314918518066,epoch_56_original,17,A10_drop_front_triplet,6,R8_camera_group_repair_front_triplet,"['CAM_FRONT', 'CAM_FRONT_LEFT', 'CAM_FRONT_RIGHT']",replace,[1],,False,False,False
0.14341732827062478,0.07006509579878521,0.7040572112371075,0.06170751625883201,1.3594506809504816,0.6870229007633588,0.0,0.41567230632235086,0.6124382207578254,0.7108662381389654,47714,0.10060402302125478,0.0,0.5843276936776491,0.3129770992366412,0.0,0.41567230632235086,0.0,0.0,0.0,0.0,0.0,0.0,0.0,0.41567230632235086,0.6870229007633588,0.6124382207578254,0.0,0.0,0.06170751625883201,0.0,0.10060402302125478,0.0,0,0,0.0,0.0,0.0,epoch_56_original,17,C4_motion_blur_9,0,R0_degraded_native,[],native,[],,False,False,False
0.14542005637264724,0.06427190005985166,0.6882767310005155,0.0660030607624141,1.4553290189565318,0.8532110091743119,0.22514042811598603,0.4086172344689379,0.5395547134059687,0.6978452348297827,50823,0.11749040719317336,0.0,0.5913827655310622,0.14678899082568808,0.22514042811598603,0.4086172344689379,0.0,0.0,0.0,0.0,0.0,0.0,0.0,0.4086172344689379,0.8532110091743119,0.5395547134059687,0.0,0.0,0.0660030607624141,0.0,0.11749040719317336,0.0,0,0,0.0,0.0,0.0,epoch_56_original,17,C4_motion_blur_9,2,R0_degraded_native,[],native,[],,False,False,False
0.15264092814121957,0.07173498608656109,0.6653889446624685,0.06454476725704092,1.5267561072069606,0.6739130434782609,0.22910084078616183,0.5318781067646423,0.5022026431718062,0.6749315730156175,50186,0.11940616348757263,0.0,0.4681218932353577,0.32608695652173914,0.22910084078616183,0.5318781067646423,0.0,0.0,0.0,0.0,0.0,0.0,0.0,0.5318781067646423,0.6739130434782609,0.5022026431718062,0.6653889446624685,0.0,0.06454476725704092,0.0,0.11940616348757263,0.0,0,0,0.0,0.0,0.0,epoch_56_original,17,C4_motion_blur_9,4,R0_degraded_native,[],native,[],,False,False,False
0.15250919691816478,0.07072634074791427,0.6589681504935743,0.06551812644582139,1.577171416154467,0.6666666666666666,0.2442911637142708,0.5201916495550992,0.37942122186495175,0.6731465475064419,50807,0.11277705345501955,0.0,0.4798083504449008,0.33333333333333337,0.2442911637142708,0.5201916495550992,0.0,0.0,0.0,0.0,0.0,0.0,0.0,0.5201916495550992,0.6666666666666666,0.37942122186495175,0.6589681504935743,0.0,0.06551812644582139,0.0,0.11277705345501955,0.0,0,0,0.0,0.0,0.0,epoch_56_original,17,C4_motion_blur_9,6,R0_degraded_native,[],native,[],,False,False,False
0.17568455334554045,0.07038709849675549,0.6418884266909796,0.060249428833100235,1.3964898284802554,0.5190839694656488,0.0,0.41674087266251114,0.6095551894563427,0.6442913988368534,49014,0.13653199612513534,0.0,0.5832591273374889,0.48091603053435117,0.0,0.41674087266251114,0.03226722507491567,0.0003220026979702806,-0.001458087425731773,0.027245672129773232,0.037039147529773775,0.03592797310388056,-0.001458087425731773,0.41674087266251114,0.5190839694656488,0.6095551894563427,0.0,0.0,0.060249428833100235,0.037039147529773775,0.13653199612513534,0.03226722507491567,6,1,0.03978463234097669,1.0,893.9126027425131,epoch_56_original,17,C4_motion_blur_9,0,R5_blend_alpha03,"['CAM_FRONT', 'CAM_FRONT_RIGHT', 'CAM_FRONT_LEFT', 'CAM_BACK', 'CAM_BACK_LEFT', 'CAM_BACK_RIGHT']",blend,"[1, 2]",0.3,False,False,False
0.18813730509013932,0.06688955929701744,0.6106179485711013,0.06173584232115529,1.4590516007101542,0.8532110091743119,0.28753605586761805,0.3124248496993988,0.5907153008053055,0.6118984486909878,50953,0.150335032357826,0.0,0.6875751503006011,0.14678899082568808,0.28753605586761805,0.3124248496993988,0.04271724871749208,0.0026176592371657814,-0.004267218441258817,0.0025578970151309446,0.0037225817536223893,0.03284462516465264,-0.004267218441258817,0.3124248496993988,0.8532110091743119,0.5907153008053055,0.0,0.0,0.06173584232115529,0.0037225817536223893,0.150335032357826,0.04271724871749208,6,1,0.03978463234097669,1.0,893.9126027425131,epoch_56_original,17,C4_motion_blur_9,2,R5_blend_alpha03,"['CAM_FRONT', 'CAM_FRONT_RIGHT', 'CAM_FRONT_LEFT', 'CAM_BACK', 'CAM_BACK_LEFT', 'CAM_BACK_RIGHT']",blend,"[1, 2]",0.3,False,False,False
0.18935870631906815,0.06881723021149111,0.5949621246691613,0.06166728981814409,1.5440357762161177,0.6630434782608695,0.26723076099180637,0.5452777177436784,0.579295154185022,0.5958782804701336,50754,0.16293997748775516,0.0,0.4547222822563216,0.3369565217391305,0.26723076099180637,0.5452777177436784,0.036717778177848576,-0.002917755875069983,-0.002877477438896832,0.011317897421591679,0.017279669009157006,0.043533814000182525,-0.002877477438896832,0.5452777177436784,0.6630434782608695,0.579295154185022,0.5949621246691613,0.0,0.06166728981814409,0.017279669009157006,0.16293997748775516,0.036717778177848576,6,1,0.03978463234097669,1.0,893.9126027425131,epoch_56_original,17,C4_motion_blur_9,4,R5_blend_alpha03,"['CAM_FRONT', 'CAM_FRONT_RIGHT', 'CAM_FRONT_LEFT', 'CAM_BACK', 'CAM_BACK_LEFT', 'CAM_BACK_RIGHT']",blend,"[1, 2]",0.3,False,False,False
0.19135723522473747,0.06885036114837398,0.5819829887626498,0.06278032070498497,1.602502017756255,0.8461538461538461,0.2864607827768198,0.539584759297285,0.5112540192926045,0.5855703056198832,51623,0.15313217855590736,0.0,0.460415240702715,0.15384615384615385,0.2864607827768198,0.539584759297285,0.038848038306572685,-0.0018759795995402923,-0.002737805740836416,0.016060779026512095,0.025330601601788016,0.040355125100887804,-0.002737805740836416,0.539584759297285,0.8461538461538461,0.5112540192926045,0.5819829887626498,0.0,0.06278032070498497,0.025330601601788016,0.15313217855590736,0.038848038306572685,6,1,0.03978463234097669,1.0,893.9126027425131,epoch_56_original,17,C4_motion_blur_9,6,R5_blend_alpha03,"['CAM_FRONT', 'CAM_FRONT_RIGHT', 'CAM_FRONT_LEFT', 'CAM_BACK', 'CAM_BACK_LEFT', 'CAM_BACK_RIGHT']",blend,"[1, 2]",0.3,False,False,False
0.16471410596952327,0.07214209975357018,0.6643113567724657,0.06022793774859399,1.3736965069234714,0.6030534351145038,0.0,0.41335707925200355,0.5939044481054365,0.6695439240893787,48214,0.12675935950766426,0.0,0.5866429207479964,0.3969465648854962,0.0,0.41335707925200355,0.021296777698898484,0.0020770039547849672,-0.0014795785102380207,0.010479104665297397,0.014245825972989845,0.026155336486409483,-0.0014795785102380207,0.41335707925200355,0.6030534351145038,0.5939044481054365,0.0,0.0,0.06022793774859399,0.014245825972989845,0.12675935950766426,0.021296777698898484,6,1,0.03978463234097669,1.0,1287.5647888183594,epoch_56_original,17,C4_motion_blur_9,0,R6_blend_alpha05,"['CAM_FRONT', 'CAM_FRONT_RIGHT', 'CAM_FRONT_LEFT', 'CAM_BACK', 'CAM_BACK_LEFT', 'CAM_BACK_RIGHT']",blend,"[1, 2]",0.5,False,False,False
0.17238194999586515,0.06700239129625311,0.6418590000572705,0.06219363453967918,1.4357425118836264,0.8440366972477065,0.25889378067911545,0.32525050100200403,0.5689246802463288,0.6465514614001402,50139,0.13633239791535423,0.0,0.674749498997996,0.15596330275229353,0.25889378067911545,0.32525050100200403,0.02696189362321791,0.0027304912364014555,-0.0038094262227349254,-0.013458473525765893,-0.019586507072905324,0.018841990722180874,-0.0038094262227349254,0.32525050100200403,0.8440366972477065,0.5689246802463288,0.0,0.0,0.06219363453967918,-0.019586507072905324,0.13633239791535423,0.02696189362321791,6,1,0.03978463234097669,1.0,1287.5647888183594,epoch_56_original,17,C4_motion_blur_9,2,R6_blend_alpha05,"['CAM_FRONT', 'CAM_FRONT_RIGHT', 'CAM_FRONT_LEFT', 'CAM_BACK', 'CAM_BACK_LEFT', 'CAM_BACK_RIGHT']",blend,"[1, 2]",0.5,False,False,False
0.17390019836524528,0.06861991749826289,0.6239542453834687,0.06293555405852792,1.538468558912111,0.7282608695652174,0.24398864670915224,0.5493840501404798,0.5412995594713657,0.6287876348414104,50571,0.14626874752821636,0.0,0.45061594985952025,0.2717391304347826,0.24398864670915224,0.5493840501404798,0.02125927022402571,-0.0031150685882982004,-0.001609213198512996,0.007671462160761966,0.01171245170515034,0.026862584040643733,-0.001609213198512996,0.5493840501404798,0.7282608695652174,0.5412995594713657,0.6239542453834687,0.0,0.06293555405852792,0.01171245170515034,0.14626874752821636,0.02125927022402571,6,1,0.03978463234097669,1.0,1287.5647888183594,epoch_56_original,17,C4_motion_blur_9,4,R6_blend_alpha05,"['CAM_FRONT', 'CAM_FRONT_RIGHT', 'CAM_FRONT_LEFT', 'CAM_BACK', 'CAM_BACK_LEFT', 'CAM_BACK_RIGHT']",blend,"[1, 2]",0.5,False,False,False
0.17680570832275713,0.06936188641076622,0.610790339603899,0.06367372726584686,1.5905506922456074,0.6538461538461539,0.266499451324659,0.567419575633128,0.4565916398713826,0.6186111745327636,51238,0.13888371515490158,0.0,0.43258042436687205,0.34615384615384615,0.266499451324659,0.567419575633128,0.024296511404592352,-0.0013644543371480466,-0.0018443991799745318,0.00848308303973862,0.013379276091140424,0.02610666169988203,-0.0018443991799745318,0.567419575633128,0.6538461538461539,0.4565916398713826,0.610790339603899,0.0,0.06367372726584686,0.013379276091140424,0.13888371515490158,0.024296511404592352,6,1,0.03978463234097669,1.0,1287.5647888183594,epoch_56_original,17,C4_motion_blur_9,6,R6_blend_alpha05,"['CAM_FRONT', 'CAM_FRONT_RIGHT', 'CAM_FRONT_LEFT', 'CAM_BACK', 'CAM_BACK_LEFT', 'CAM_BACK_RIGHT']",blend,"[1, 2]",0.5,False,False,False
0.15788742953933302,0.07150986468615064,0.6759929340703174,0.06104790528052478,1.3761467889908257,0.6946564885496184,0.0,0.4110418521816563,0.5959637561779242,0.6819406183042547,48300,0.11786996410051855,0.0,0.5889581478183437,0.30534351145038163,0.0,0.4110418521816563,0.014470101268708235,0.0014447688873654302,-0.0006596109783072318,0.012281510667728548,0.01669610804034405,0.01726594107926377,-0.0006596109783072318,0.4110418521816563,0.6946564885496184,0.5959637561779242,0.0,0.0,0.06104790528052478,0.01669610804034405,0.11786996410051855,0.014470101268708235,6,1,0.03978463234097669,1.0,1337.4053700764973,epoch_56_original,17,C4_motion_blur_9,0,R7_blend_alpha07,"['CAM_FRONT', 'CAM_FRONT_RIGHT', 'CAM_FRONT_LEFT', 'CAM_BACK', 'CAM_BACK_LEFT', 'CAM_BACK_RIGHT']",blend,"[1, 2]",0.7,False,False,False
0.1612707323985479,0.06800621068324914,0.6578088311093294,0.0647470243505796,1.4640341332111564,0.8532110091743119,0.24619199433227063,0.3541082164328657,0.532449076267172,0.6658742494895005,51127,0.12997537368993758,0.0,0.6458917835671343,0.14678899082568808,0.24619199433227063,0.3541082164328657,0.01585067602590065,0.003734310623397477,-0.001256036411834513,0.005981543789229286,0.008705114254624613,0.012484966496764227,-0.001256036411834513,0.3541082164328657,0.8532110091743119,0.532449076267172,0.0,0.0,0.0647470243505796,0.008705114254624613,0.12997537368993758,0.01585067602590065,6,1,0.03978463234097669,1.0,1337.4053700764973,epoch_56_original,17,C4_motion_blur_9,2,R7_blend_alpha07,"['CAM_FRONT', 'CAM_FRONT_RIGHT', 'CAM_FRONT_LEFT', 'CAM_BACK', 'CAM_BACK_LEFT', 'CAM_BACK_RIGHT']",blend,"[1, 2]",0.7,False,False,False
0.1643252924385739,0.07291812949787395,0.6427245900641904,0.06357298037155201,1.5314715098415017,0.6739130434782609,0.23949017297702566,0.5344715798573589,0.4840308370044053,0.6520045081307357,50341,0.1302668005232576,0.0,0.46552842014264106,0.32608695652173914,0.23949017297702566,0.5344715798573589,0.011684364297354338,0.0011831434113128564,-0.0009717868854889067,0.003088510740047025,0.004715402634541066,0.010860637035684961,-0.0009717868854889067,0.5344715798573589,0.6739130434782609,0.4840308370044053,0.6427245900641904,0.0,0.06357298037155201,0.004715402634541066,0.1302668005232576,0.011684364297354338,6,1,0.03978463234097669,1.0,1337.4053700764973,epoch_56_original,17,C4_motion_blur_9,4,R7_blend_alpha07,"['CAM_FRONT', 'CAM_FRONT_RIGHT', 'CAM_FRONT_LEFT', 'CAM_BACK', 'CAM_BACK_LEFT', 'CAM_BACK_RIGHT']",blend,"[1, 2]",0.7,False,False,False
0.16716563392049014,0.07448961376210882,0.6273359408952629,0.06515615693681658,1.6019742968895512,0.7692307692307693,0.26315514448450644,0.5503080082135524,0.3607717041800643,0.6408558661404482,51606,0.13081269013472405,0.0,0.4496919917864476,0.23076923076923073,0.26315514448450644,0.5503080082135524,0.014656437002325357,0.003763273014194546,-0.00036196950900481417,0.01572617946345976,0.024802880735084187,0.018035636679704495,-0.00036196950900481417,0.5503080082135524,0.7692307692307693,0.3607717041800643,0.6273359408952629,0.0,0.06515615693681658,0.024802880735084187,0.13081269013472405,0.014656437002325357,6,1,0.03978463234097669,1.0,1337.4053700764973,epoch_56_original,17,C4_motion_blur_9,6,R7_blend_alpha07,"['CAM_FRONT', 'CAM_FRONT_RIGHT', 'CAM_FRONT_LEFT', 'CAM_BACK', 'CAM_BACK_LEFT', 'CAM_BACK_RIGHT']",blend,"[1, 2]",0.7,False,False,False
0.215229793977813,0.11970639950417045,0.613054874921648,0.04629179602646379,1.1847683628696792,0.7022900763358778,0.0,0.18272484416740872,0.6429159802306426,0.6108356290174471,41583,0.08521853097042567,0.0,0.8172751558325912,0.2977099236641222,0.0,0.18272484416740872,0.0,0.0,0.0,0.0,0.0,0.0,0.0,0.18272484416740872,0.7022900763358778,0.6429159802306426,0.0,0.0,0.04629179602646379,0.0,0.08521853097042567,0.0,0,0,0.0,0.0,0.0,epoch_56_original,17,A7_drop_all_rear,0,R0_degraded_native,[],native,[],,False,False,False
0.16834075202061613,0.09136425280521708,0.6707805967584903,0.05515652527442743,1.284892045129145,0.5871559633027523,0.22524163756894894,0.32985971943887776,0.6072951207958314,0.674865136691963,44871,0.08289903212874405,0.0,0.6701402805611223,0.4128440366972477,0.22524163756894894,0.32985971943887776,0.0,0.0,0.0,0.0,0.0,0.0,0.0,0.32985971943887776,0.5871559633027523,0.6072951207958314,0.0,0.0,0.05515652527442743,0.0,0.08289903212874405,0.0,0,0,0.0,0.0,0.0,epoch_56_original,17,A7_drop_all_rear,2,R0_degraded_native,[],native,[],,False,False,False
0.20330279689470246,0.1089018172819028,0.5928934319004594,0.054275121102763994,1.4095707462504943,0.5869565217391305,0.27172923472393296,0.22022909012318997,0.5930616740088106,0.592883593624215,46334,0.10303915305284293,0.0,0.77977090987681,0.4130434782608695,0.27172923472393296,0.22022909012318997,0.0,0.0,0.0,0.0,0.0,0.0,0.0,0.22022909012318997,0.5869565217391305,0.5930616740088106,0.5928934319004594,0.0,0.054275121102763994,0.0,0.10303915305284293,0.0,0,0,0.0,0.0,0.0,epoch_56_original,17,A7_drop_all_rear,4,R0_degraded_native,[],native,[],,False,False,False
0.20770170056884177,0.10525183378329381,0.5670205500713975,0.05748733929376458,1.517601043024772,0.4358974358974359,0.28891675811255685,0.19689710244125028,0.5260450160771705,0.56909879643824,48888,0.10538896132116471,0.0,0.8031028975587498,0.5641025641025641,0.28891675811255685,0.19689710244125028,0.0,0.0,0.0,0.0,0.0,0.0,0.0,0.19689710244125028,0.4358974358974359,0.5260450160771705,0.5670205500713975,0.0,0.05748733929376458,0.0,0.10538896132116471,0.0,0,0,0.0,0.0,0.0,epoch_56_original,17,A7_drop_all_rear,6,R0_degraded_native,[],native,[],,False,False,False
0.28148707778512294,0.12927047520013923,0.48032777358051953,0.04808565587711737,1.3658394839309582,0.5555555555555556,0.0,0.22873180143834415,0.34184397163120567,0.48939595653116197,47004,0.13038298366943685,0.0,0.7712681985616558,0.4444444444444444,0.0,0.22873180143834415,0.0,0.0,0.0,0.0,0.0,0.0,0.0,0.22873180143834415,0.5555555555555556,0.34184397163120567,0.0,0.0,0.04808565587711737,0.0,0.13038298366943685,0.0,0,0,0.0,0.0,0.0,epoch_56_original,18,A0_clean,0,R0_degraded_native,[],native,[],,False,False,False
0.2694101591205627,0.12164456130761536,0.4662308720843857,0.054464042747940526,1.5150200564552072,0.3333333333333333,0.4505655815559969,0.19717716452496314,0.3173469387755102,0.47543776620918127,50988,0.13243203090179764,0.0,0.8028228354750369,0.6666666666666667,0.4505655815559969,0.19717716452496314,0.0,0.0,0.0,0.0,0.0,0.0,0.0,0.19717716452496314,0.3333333333333333,0.3173469387755102,0.0,0.0,0.054464042747940526,0.0,0.13243203090179764,0.0,0,0,0.0,0.0,0.0,epoch_56_original,18,A0_clean,2,R0_degraded_native,[],native,[],,False,False,False
0.261378433213215,0.12251415964089851,0.4688797957111651,0.05521508748191349,1.5631172507153186,0.375,0.4342076833326131,0.26794471689701294,0.3445427728613569,0.47572059205401196,50806,0.13555671784143003,0.0,0.7320552831029871,0.625,0.4342076833326131,0.26794471689701294,0.0,0.0,0.0,0.0,0.0,0.0,0.0,0.26794471689701294,0.375,0.3445427728613569,0.4688797957111651,0.0,0.05521508748191349,0.0,0.13555671784143003,0.0,0,0,0.0,0.0,0.0,epoch_56_original,18,A0_clean,4,R0_degraded_native,[],native,[],,False,False,False
0.255197644329437,0.12354669909289437,0.46152880632609516,0.05816829241020042,1.648487510982804,0.32558139534883723,0.41818094873756695,0.26256722001402855,0.37309292649098474,0.4657201078025373,52534,0.1307581272750094,0.0,0.7374327799859715,0.6744186046511628,0.41818094873756695,0.26256722001402855,0.0,0.0,0.0,0.0,0.0,0.0,0.0,0.26256722001402855,0.32558139534883723,0.37309292649098474,0.46152880632609516,0.0,0.05816829241020042,0.0,0.1307581272750094,0.0,0,0,0.0,0.0,0.0,epoch_56_original,18,A0_clean,6,R0_degraded_native,[],native,[],,False,False,False
0.2242664815262014,0.07893214131940537,0.56822804672517,0.05258047577057594,1.3570349276457256,0.8555555555555555,0.0,0.5195579722855639,0.48605200945626476,0.5736090900647078,46701,0.11966060324286627,0.0,0.4804420277144361,0.1444444444444445,0.0,0.5195579722855639,0.0,0.0,0.0,0.0,0.0,0.0,0.0,0.5195579722855639,0.8555555555555555,0.48605200945626476,0.0,0.0,0.05258047577057594,0.0,0.11966060324286627,0.0,0,0,0.0,0.0,0.0,epoch_56_original,18,A1_drop_cam_front,0,R0_degraded_native,[],native,[],,False,False,False
0.20438279347745886,0.06985603066518671,0.588471252414203,0.05625510229324889,1.4250482840588323,0.7604166666666666,0.35256022795958897,0.5927954497577417,0.5683673469387756,0.5897144660041016,47960,0.12027930470955281,0.0,0.4072045502422583,0.23958333333333337,0.35256022795958897,0.5927954497577417,0.0,0.0,0.0,0.0,0.0,0.0,0.0,0.5927954497577417,0.7604166666666666,0.5683673469387756,0.0,0.0,0.05625510229324889,0.0,0.12027930470955281,0.0,0,0,0.0,0.0,0.0,epoch_56_original,18,A1_drop_cam_front,2,R0_degraded_native,[],native,[],,False,False,False
0.21003116011505274,0.07344750694802854,0.5686552010583639,0.05637723313859986,1.4850629172691752,0.75,0.365800959336243,0.6578243423985733,0.608259587020649,0.5664762399376785,48269,0.1223271697997108,0.0,0.34217565760142665,0.25,0.365800959336243,0.6578243423985733,0.0,0.0,0.0,0.0,0.0,0.0,0.0,0.6578243423985733,0.75,0.608259587020649,0.5686552010583639,0.0,0.05637723313859986,0.0,0.1223271697997108,0.0,0,0,0.0,0.0,0.0,epoch_56_original,18,A1_drop_cam_front,4,R0_degraded_native,[],native,[],,False,False,False
0.20533895945965744,0.06610876273819775,0.5602171457261202,0.059830760427012554,1.5815237856156645,0.686046511627907,0.36467100229533284,0.6623801730184709,0.6477115117891817,0.5560704660487741,50400,0.12247395506464165,0.0,0.33761982698152915,0.313953488372093,0.36467100229533284,0.6623801730184709,0.0,0.0,0.0,0.0,0.0,0.0,0.0,0.6623801730184709,0.686046511627907,0.6477115117891817,0.5602171457261202,0.0,0.059830760427012554,0.0,0.12247395506464165,0.0,0,0,0.0,0.0,0.0,epoch_56_original,18,A1_drop_cam_front,6,R0_degraded_native,[],native,[],,False,False,False
0.24608206723292259,0.09815751034677589,0.5218225140931017,0.05359767233720727,1.4213401522636135,0.6888888888888889,0.0,0.3827398701982108,0.4085106382978723,0.5292423914053067,48914,0.1275062474574301,0.0,0.6172601298017892,0.3111111111111111,0.0,0.3827398701982108,0.02181558570672118,0.019225369027370515,0.0010171965666313301,0.04738656559816706,0.0643052246178879,0.007845644214563838,0.0010171965666313301,0.3827398701982108,0.6888888888888889,0.4085106382978723,0.0,0.0,0.05359767233720727,0.0643052246178879,0.1275062474574301,0.02181558570672118,1,1,0.04820845614780079,1.0,19015.602699279785,epoch_56_original,18,A1_drop_cam_front,0,R1_replace_tminus1,['CAM_FRONT'],replace,[1],,False,False,False
0.24592687620269404,0.0909434964435026,0.4873570049026891,0.060196752673807814,1.5971772396374981,0.5208333333333334,0.44870909247906055,0.41204971560985887,0.42142857142857143,0.4914339801230478,53753,0.1392066557718021,0.0,0.5879502843901412,0.47916666666666663,0.44870909247906055,0.41204971560985887,0.04154408272523519,0.021087465778315884,0.003941650380558923,0.12078815679733111,0.1721289555786658,0.018927351062249298,0.003941650380558923,0.41204971560985887,0.5208333333333334,0.42142857142857143,0.0,0.0,0.060196752673807814,0.1721289555786658,0.1392066557718021,0.04154408272523519,1,1,0.04820845614780079,1.0,19015.602699279785,epoch_56_original,18,A1_drop_cam_front,2,R1_replace_tminus1,['CAM_FRONT'],replace,[1],,False,False,False
0.23696883852691217,0.090444061923931,0.48527828200473805,0.06271142079713973,1.6868289081007908,0.5227272727272727,0.4435417656972473,0.4625501560410165,0.512094395280236,0.4838029083354973,54827,0.14281758606897824,0.0,0.5374498439589834,0.4772727272727273,0.4435417656972473,0.4625501560410165,0.026937678411859428,0.016996554975902453,0.0063341876585398735,0.13586359775425222,0.20176599083161562,0.02049041626926744,0.0063341876585398735,0.4625501560410165,0.5227272727272727,0.512094395280236,0.48527828200473805,0.0,0.06271142079713973,0.20176599083161562,0.14281758606897824,0.026937678411859428,1,1,0.04820845614780079,1.0,19015.602699279785,epoch_56_original,18,A1_drop_cam_front,4,R1_replace_tminus1,['CAM_FRONT'],replace,[1],,False,False,False
0.23187766910042706,0.08848737302228663,0.47182126270867325,0.0669624357869673,1.8060123007405549,0.4418604651162791,0.4328136954858455,0.4463408931494038,0.5721220527045769,0.46706763951883257,57554,0.14582025856658717,0.0,0.5536591068505963,0.5581395348837209,0.4328136954858455,0.4463408931494038,0.026538709640769625,0.02237861028408887,0.007131675359954744,0.14194444444444446,0.22448851512489032,0.023346303501945526,0.007131675359954744,0.4463408931494038,0.4418604651162791,0.5721220527045769,0.47182126270867325,0.0,0.0669624357869673,0.22448851512489032,0.14582025856658717,0.026538709640769625,1,1,0.04820845614780079,1.0,19015.602699279785,epoch_56_original,18,A1_drop_cam_front,6,R1_replace_tminus1,['CAM_FRONT'],replace,[1],,False,False,False
0.23858847272511427,0.08803021580877012,0.532806415993491,0.05444973959107377,1.4253501481955018,0.7555555555555555,0.0,0.4348359936853184,0.4718676122931442,0.5367968048546394,49052,0.12904631835880745,0.0,0.5651640063146817,0.24444444444444446,0.0,0.4348359936853184,0.014321991198912865,0.00909807448936474,0.0018692638204978324,0.050341534442517294,0.06831522054977612,0.009385715115941176,0.0018692638204978324,0.4348359936853184,0.7555555555555555,0.4718676122931442,0.0,0.0,0.05444973959107377,0.06831522054977612,0.12904631835880745,0.014321991198912865,1,2,0.04692791199142282,1.0,18215.45792388916,epoch_56_original,18,A1_drop_cam_front,0,R2_replace_tminus2,['CAM_FRONT'],replace,[2],,False,False,False
0.23572616798714296,0.08396871685592146,0.5031644629326995,0.061481499806215936,1.604516416580003,0.6041666666666666,0.4410240911838356,0.4994733515904782,0.4163265306122449,0.5085344691591733,54000,0.14030604664982915,0.0,0.5005266484095219,0.39583333333333337,0.4410240911838356,0.4994733515904782,0.03134337450968411,0.014112686190734747,0.0052263975129670445,0.12593828190158465,0.17946813252117066,0.020026741940276344,0.0052263975129670445,0.4994733515904782,0.6041666666666666,0.4163265306122449,0.0,0.0,0.061481499806215936,0.17946813252117066,0.14030604664982915,0.03134337450968411,1,2,0.04692791199142282,1.0,18215.45792388916,epoch_56_original,18,A1_drop_cam_front,2,R2_replace_tminus2,['CAM_FRONT'],replace,[2],,False,False,False
0.23550413966629652,0.09503551327563166,0.4845398886256653,0.06360196017428893,1.704211918899794,0.6818181818181818,0.4441035391728966,0.451627284886313,0.4224188790560472,0.48795767333160217,55392,0.1387871888748731,0.0,0.548372715113687,0.31818181818181823,0.4441035391728966,0.451627284886313,0.02547297955124378,0.021588006327603118,0.00722472703568907,0.1475688329984048,0.2191490016306188,0.0164600190751623,0.00722472703568907,0.451627284886313,0.6818181818181818,0.4224188790560472,0.4845398886256653,0.0,0.06360196017428893,0.2191490016306188,0.1387871888748731,0.02547297955124378,1,2,0.04692791199142282,1.0,18215.45792388916,epoch_56_original,18,A1_drop_cam_front,4,R2_replace_tminus2,['CAM_FRONT'],replace,[2],,False,False,False
0.23159699719161805,0.09226933376095786,0.46174846240743067,0.06938625166904554,1.8623383958830175,0.5232558139534884,0.4317138485080337,0.36006546644844517,0.4264909847434119,0.46341944389666734,59349,0.13992092381071922,0.0,0.6399345335515548,0.4767441860465116,0.4317138485080337,0.36006546644844517,0.026258037731960615,0.026160571022760107,0.009555491242032983,0.1775595238095238,0.280814610267353,0.017446968746077568,0.009555491242032983,0.36006546644844517,0.5232558139534884,0.4264909847434119,0.46174846240743067,0.0,0.06938625166904554,0.280814610267353,0.13992092381071922,0.026258037731960615,1,2,0.04692791199142282,1.0,18215.45792388916,epoch_56_original,18,A1_drop_cam_front,6,R2_replace_tminus2,['CAM_FRONT'],replace,[2],,False,False,False
0.2447685005522553,0.0971689080965915,0.5234788167606207,0.05380573527129095,1.4233451502295578,0.6888888888888889,0.0,0.3948430099982459,0.40425531914893614,0.5312857983219295,48983,0.129772766897193,0.0,0.6051569900017542,0.3111111111111111,0.0,0.3948430099982459,0.02050201902605389,0.018236766777186122,0.0012252595007150105,0.04886405002034218,0.06631022258383212,0.010112163654326725,0.0012252595007150105,0.3948430099982459,0.6888888888888889,0.40425531914893614,0.0,0.0,0.05380573527129095,0.06631022258383212,0.129772766897193,0.02050201902605389,1,1,0.04583564028143883,1.0,17462.94065093994,epoch_56_original,18,A1_drop_cam_front,0,R3_ema_K2,['CAM_FRONT'],ema,"[1, 2]",,False,False,False
0.24528919969805302,0.09494138983687733,0.48827811617887384,0.06028910933544434,1.5979200713118407,0.4583333333333333,0.45181763232881444,0.41815883716031177,0.3525510204081633,0.4966713992743335,53778,0.1390878027039073,0.0,0.5818411628396882,0.5416666666666667,0.45181763232881444,0.41815883716031177,0.04090640622059416,0.02508535917169062,0.004034007042195448,0.1213094245204337,0.17287178725300834,0.018808497994354495,0.004034007042195448,0.41815883716031177,0.4583333333333333,0.3525510204081633,0.0,0.0,0.06028910933544434,0.17287178725300834,0.1390878027039073,0.04090640622059416,1,1,0.04583564028143883,1.0,17462.94065093994,epoch_56_original,18,A1_drop_cam_front,2,R3_ema_K2,['CAM_FRONT'],ema,"[1, 2]",,False,False,False
0.23534627130331986,0.09195219551535229,0.4854936467403009,0.06346368788652454,1.7006737839584039,0.5340909090909091,0.4456592195670023,0.4736959429335711,0.45958702064896756,0.48691898208257595,55277,0.14060240593176015,0.0,0.5263040570664289,0.46590909090909094,0.4456592195670023,0.4736959429335711,0.025315111188267125,0.01850468856732375,0.0070864547479246795,0.145186351488533,0.2156108666892287,0.018275236132049358,0.0070864547479246795,0.4736959429335711,0.5340909090909091,0.45958702064896756,0.4854936467403009,0.0,0.06346368788652454,0.2156108666892287,0.14060240593176015,0.025315111188267125,1,1,0.04583564028143883,1.0,17462.94065093994,epoch_56_original,18,A1_drop_cam_front,4,R3_ema_K2,['CAM_FRONT'],ema,"[1, 2]",,False,False,False
0.23234784044925264,0.09014182513797235,0.4702836701393247,0.06706767609663691,1.8095581774821137,0.4883720930232558,0.43706962509563885,0.4479775543605331,0.5478502080443828,0.4666075067376586,57667,0.1404229948537718,0.0,0.5520224456394669,0.5116279069767442,0.43706962509563885,0.4479775543605331,0.027008880989595196,0.024033062399774596,0.0072369156696243594,0.14418650793650795,0.22803439186644914,0.01794903978913015,0.0072369156696243594,0.4479775543605331,0.4883720930232558,0.5478502080443828,0.4702836701393247,0.0,0.06706767609663691,0.22803439186644914,0.1404229948537718,0.027008880989595196,1,1,0.04583564028143883,1.0,17462.94065093994,epoch_56_original,18,A1_drop_cam_front,6,R3_ema_K2,['CAM_FRONT'],ema,"[1, 2]",,False,False,False
0.24299804527209515,0.09551740149649485,0.5267914220956588,0.05383710984071626,1.4205846457836926,0.7444444444444445,0.0,0.4057182950359586,0.40425531914893614,0.5348153193597325,48888,0.1280002324635323,0.0,0.5942817049640414,0.25555555555555554,0.0,0.4057182950359586,0.018731563745893742,0.016585260177089473,0.0012566340701403236,0.04682983233763731,0.06354971813796695,0.008339629220666014,0.0012566340701403236,0.4057182950359586,0.7444444444444445,0.40425531914893614,0.0,0.0,0.05383710984071626,0.06354971813796695,0.1280002324635323,0.018731563745893742,1,2,0.045134560628370804,1.0,16967.637855529785,epoch_56_original,18,A1_drop_cam_front,0,R4_ema_K3,['CAM_FRONT'],ema,"[1, 2, 3]",,False,False,False
0.24310947067724464,0.09425324872952806,0.48919922745505867,0.06111702083797178,1.6119150200564552,0.5625,0.4517744581642345,0.42005477143459025,0.34285714285714286,0.49824893516327495,54249,0.13867181696627545,0.0,0.5799452285654098,0.4375,0.4517744581642345,0.42005477143459025,0.038726677199785786,0.02439721806434135,0.004861918544722892,0.13113010842368641,0.18686673599762282,0.018392512256722643,0.004861918544722892,0.42005477143459025,0.5625,0.34285714285714286,0.0,0.0,0.06111702083797178,0.18686673599762282,0.13867181696627545,0.038726677199785786,1,2,0.045134560628370804,1.0,16967.637855529785,epoch_56_original,18,A1_drop_cam_front,2,R4_ema_K3,['CAM_FRONT'],ema,"[1, 2, 3]",,False,False,False
0.23428949256502962,0.09315513261574516,0.4876165277051349,0.06350648645178494,1.6993508291542319,0.5795454545454546,0.44470852599282656,0.4770396790013375,0.44837758112094395,0.4897753830173981,55234,0.14026397563301848,0.0,0.5229603209986625,0.4204545454545454,0.44470852599282656,0.4770396790013375,0.024258332449976883,0.019707625667716624,0.007129253313185084,0.14429551057614617,0.2142879118850567,0.017936805833307687,0.007129253313185084,0.4770396790013375,0.5795454545454546,0.44837758112094395,0.4876165277051349,0.0,0.06350648645178494,0.2142879118850567,0.14026397563301848,0.024258332449976883,1,2,0.045134560628370804,1.0,16967.637855529785,epoch_56_original,18,A1_drop_cam_front,4,R4_ema_K3,['CAM_FRONT'],ema,"[1, 2, 3]",,False,False,False
0.23289439356282698,0.09017754853026225,0.46777331492406177,0.06735215380871258,1.8174971758503828,0.5116279069767442,0.4361132364192808,0.4175824175824176,0.5131761442441054,0.46562150792085716,57920,0.14007782101167315,0.0,0.5824175824175823,0.4883720930232558,0.4361132364192808,0.4175824175824176,0.027555434103169546,0.024068785792064493,0.007521393381700027,0.1492063492063492,0.2359733902347183,0.017603865947031505,0.007521393381700027,0.4175824175824176,0.5116279069767442,0.5131761442441054,0.46777331492406177,0.0,0.06735215380871258,0.2359733902347183,0.14007782101167315,0.027555434103169546,1,2,0.045134560628370804,1.0,16967.637855529785,epoch_56_original,18,A1_drop_cam_front,6,R4_ema_K3,['CAM_FRONT'],ema,"[1, 2, 3]",,False,False,False
0.16363582071725044,0.057203115601598666,0.6815249607717789,0.05377270940873798,1.264717847387691,0.9222222222222223,0.0,0.7242589019470268,0.5252955082742317,0.6917551626985355,43524,0.11655140349857616,0.0,0.2757410980529732,0.07777777777777772,0.0,0.7242589019470268,0.0,0.0,0.0,0.0,0.0,0.0,0.0,0.7242589019470268,0.9222222222222223,0.5252955082742317,0.0,0.0,0.05377270940873798,0.0,0.11655140349857616,0.0,0,0,0.0,0.0,0.0,epoch_56_original,18,A10_drop_front_triplet,0,R0_degraded_native,[],native,[],,False,False,False
0.1634426940741738,0.05076389245520588,0.6753825583122864,0.0547345158284475,1.310741346010994,1.0,0.2697521802953113,0.7638508531704234,0.6423469387755102,0.6774254614292475,44113,0.11641658000297132,0.0,0.23614914682957655,0.0,0.2697521802953113,0.7638508531704234,0.0,0.0,0.0,0.0,0.0,0.0,0.0,0.7638508531704234,1.0,0.6423469387755102,0.0,0.0,0.0547345158284475,0.0,0.11641658000297132,0.0,0,0,0.0,0.0,0.0,epoch_56_original,18,A10_drop_front_triplet,2,R0_degraded_native,[],native,[],,False,False,False
0.15932514047053875,0.05209672761525024,0.6737224256222503,0.05606447439246614,1.3741500784542966,1.0,0.2773432435936217,0.7697280427998217,0.6855457227138643,0.6730719293689951,44664,0.10986678152785896,0.0,0.23027195720017835,0.0,0.2773432435936217,0.7697280427998217,0.0,0.0,0.0,0.0,0.0,0.0,0.0,0.7697280427998217,1.0,0.6855457227138643,0.6737224256222503,0.0,0.05606447439246614,0.0,0.10986678152785896,0.0,0,0,0.0,0.0,0.0,epoch_56_original,18,A10_drop_front_triplet,4,R0_degraded_native,[],native,[],,False,False,False
0.15601713313383794,0.04732923170490533,0.6662482741307895,0.05969756566008695,1.4729509225555417,1.0,0.2705623565416985,0.7823240589198036,0.7156726768377254,0.6639058699796226,46940,0.11748462407430652,0.07154547580079496,0.2176759410801964,0.0,0.2705623565416985,0.7823240589198036,0.0,0.0,0.0,0.0,0.0,0.0,0.0,0.7823240589198036,1.0,0.7156726768377254,0.6662482741307895,0.07154547580079496,0.05969756566008695,0.0,0.11748462407430652,0.0,0,0,0.0,0.0,0.0,epoch_56_original,18,A10_drop_front_triplet,6,R0_degraded_native,[],native,[],,False,False,False
0.2200277845409106,0.08913538784146478,0.5535828441913175,0.05847063835689729,1.475329807636427,0.8777777777777778,0.0,0.43588844062445187,0.43498817966903075,0.561348648564971,50772,0.1270703783343988,0.0,0.5641115593755481,0.12222222222222223,0.0,0.43588844062445187,0.05639196382366016,0.03193227223986612,0.004697928948159305,0.166528811690102,0.21061196024873596,0.010518974835822634,0.004697928948159305,0.43588844062445187,0.8777777777777778,0.43498817966903075,0.0,0.0,0.05847063835689729,0.21061196024873596,0.1270703783343988,0.05639196382366016,3,1,0.04623468039613782,1.0,18165.20790354411,epoch_56_original,18,A10_drop_front_triplet,0,R1_replace_tminus1,"['CAM_FRONT', 'CAM_FRONT_LEFT', 'CAM_FRONT_RIGHT']",replace,[1],,False,False,False
0.22362006391853095,0.0863069399512217,0.5093448224632299,0.06628074775911404,1.6848016639429506,0.59375,0.4307054658492358,0.4223720244364862,0.38418367346938775,0.5170847136772362,56702,0.14440647749220026,0.0,0.5776279755635139,0.40625,0.4307054658492358,0.4223720244364862,0.06017736984435715,0.03554304749601582,0.011546231930666534,0.2853807267698864,0.3740603179319566,0.027989897489228935,0.011546231930666534,0.4223720244364862,0.59375,0.38418367346938775,0.0,0.0,0.06628074775911404,0.3740603179319566,0.14440647749220026,0.06017736984435715,3,1,0.04623468039613782,1.0,18165.20790354411,epoch_56_original,18,A10_drop_front_triplet,2,R1_replace_tminus1,"['CAM_FRONT', 'CAM_FRONT_LEFT', 'CAM_FRONT_RIGHT']",replace,[1],,False,False,False
0.2198304600438137,0.0893427904040546,0.5029381903208935,0.06747358423169168,1.7581761683536905,0.4090909090909091,0.42781210837906747,0.41640659830584037,0.45250737463126844,0.5057128018696443,57146,0.14457127034427592,0.0,0.5835934016941596,0.5909090909090908,0.42781210837906747,0.41640659830584037,0.06050531957327496,0.03724606278880436,0.011409109839225544,0.2794644456385456,0.3840260898993939,0.034704488816416953,0.011409109839225544,0.41640659830584037,0.4090909090909091,0.45250737463126844,0.5029381903208935,0.0,0.06747358423169168,0.3840260898993939,0.14457127034427592,0.06050531957327496,3,1,0.04623468039613782,1.0,18165.20790354411,epoch_56_original,18,A10_drop_front_triplet,4,R1_replace_tminus1,"['CAM_FRONT', 'CAM_FRONT_LEFT', 'CAM_FRONT_RIGHT']",replace,[1],,False,False,False
0.21272115690221421,0.08221463159067141,0.49595205221538846,0.0717673136753205,1.8735722354713191,0.36046511627906974,0.4015876052027544,0.3892915595043255,0.5319001386962552,0.49424834023532505,59707,0.14371783607380445,0.4982464344166472,0.6107084404956745,0.6395348837209303,0.4015876052027544,0.3892915595043255,0.05670402376837627,0.03488539988576608,0.012069748015233542,0.271985513421389,0.4006213129157774,0.026233211999497935,0.012069748015233542,0.3892915595043255,0.36046511627906974,0.5319001386962552,0.49595205221538846,0.4982464344166472,0.0717673136753205,0.4006213129157774,0.14371783607380445,0.05670402376837627,3,1,0.04623468039613782,1.0,18165.20790354411,epoch_56_original,18,A10_drop_front_triplet,6,R1_replace_tminus1,"['CAM_FRONT', 'CAM_FRONT_LEFT', 'CAM_FRONT_RIGHT']",replace,[1],,False,False,False
0.20771802141073922,0.07276991460146895,0.5720636950078456,0.06024742976224681,1.4881153019120126,0.8444444444444444,0.0,0.4985090335028942,0.4874704491725768,0.5776030217653797,51212,0.13593305050270238,0.0,0.5014909664971058,0.15555555555555556,0.0,0.4985090335028942,0.04408220069348878,0.015566798999870284,0.00647472035350883,0.17663817663817663,0.22339745452432158,0.019381647004126215,0.00647472035350883,0.4985090335028942,0.8444444444444444,0.4874704491725768,0.0,0.0,0.06024742976224681,0.22339745452432158,0.13593305050270238,0.04408220069348878,3,2,0.04654143412004818,1.0,18250.314918518066,epoch_56_original,18,A10_drop_front_triplet,0,R2_replace_tminus2,"['CAM_FRONT', 'CAM_FRONT_LEFT', 'CAM_FRONT_RIGHT']",replace,[2],,False,False,False
0.20941712549838618,0.07300833212873523,0.5411677313920665,0.0661059297924449,1.6498291487149013,0.53125,0.3984111907434591,0.4885190646724247,0.4331632653061224,0.5478466635115948,55525,0.1421779824691725,0.0,0.5114809353275753,0.46875,0.3984111907434591,0.4885190646724247,0.04597443142421237,0.022244439673529348,0.011371413963997393,0.2586992496542969,0.33908780270390726,0.025761402466201164,0.011371413963997393,0.4885190646724247,0.53125,0.4331632653061224,0.0,0.0,0.0661059297924449,0.33908780270390726,0.1421779824691725,0.04597443142421237,3,2,0.04654143412004818,1.0,18250.314918518066,epoch_56_original,18,A10_drop_front_triplet,2,R2_replace_tminus2,"['CAM_FRONT', 'CAM_FRONT_LEFT', 'CAM_FRONT_RIGHT']",replace,[2],,False,False,False
0.21335092632485997,0.07919296398576843,0.5124757714672492,0.06875589509083996,1.7726056056364028,0.625,0.40715612981288624,0.4676772180115916,0.5103244837758112,0.512594131394443,57615,0.14820170445805003,0.0,0.5323227819884084,0.375,0.40715612981288624,0.4676772180115916,0.05402578585432122,0.02709623637051819,0.012691420698373819,0.2899650725416443,0.3984555271821062,0.03833492293019107,0.012691420698373819,0.4676772180115916,0.625,0.5103244837758112,0.5124757714672492,0.0,0.06875589509083996,0.3984555271821062,0.14820170445805003,0.05402578585432122,3,2,0.04654143412004818,1.0,18250.314918518066,epoch_56_original,18,A10_drop_front_triplet,4,R2_replace_tminus2,"['CAM_FRONT', 'CAM_FRONT_LEFT', 'CAM_FRONT_RIGHT']",replace,[2],,False,False,False
0.20824468783652458,0.07926541898486489,0.5024162168946906,0.07280985049298508,1.8870026358729761,0.5930232558139535,0.37313504208110176,0.37549684358194996,0.5208044382801664,0.5015447314796555,60135,0.1457261202460148,0.5120411503390226,0.6245031564180501,0.40697674418604646,0.37313504208110176,0.37549684358194996,0.05222755470268664,0.03193618727995956,0.013112284832898127,0.28110353642948444,0.4140517133174344,0.02824149617170829,0.013112284832898127,0.37549684358194996,0.5930232558139535,0.5208044382801664,0.5024162168946906,0.5120411503390226,0.07280985049298508,0.4140517133174344,0.1457261202460148,0.05222755470268664,3,2,0.04654143412004818,1.0,18250.314918518066,epoch_56_original,18,A10_drop_front_triplet,6,R2_replace_tminus2,"['CAM_FRONT', 'CAM_FRONT_LEFT', 'CAM_FRONT_RIGHT']",replace,[2],,False,False,False
0.21355328331836745,0.08448634123746523,0.5715406520602081,0.05718758359671459,1.434793979194514,0.8222222222222222,0.0,0.4441326083143308,0.4094562647754137,0.5821542462614941,49377,0.12410646829778578,0.0,0.5558673916856691,0.1777777777777778,0.0,0.4441326083143308,0.04991746260111701,0.02728322563586657,0.003414874187976605,0.13447752963881995,0.1700761318068229,0.007555064799209615,0.003414874187976605,0.4441326083143308,0.8222222222222222,0.4094562647754137,0.0,0.0,0.05718758359671459,0.1700761318068229,0.12410646829778578,0.04991746260111701,3,1,0.04339107498526573,1.0,16518.77988433838,epoch_56_original,18,A10_drop_front_triplet,0,R3_ema_K2,"['CAM_FRONT', 'CAM_FRONT_LEFT', 'CAM_FRONT_RIGHT']",ema,"[1, 2]",,False,False,False
0.22090235096326102,0.08397513092523329,0.5236963304115287,0.06417303680248043,1.6324766008022582,0.65625,0.41676021068992314,0.4320623551716874,0.38112244897959185,0.5325130146710838,54941,0.1368890209478532,0.0,0.5679376448283127,0.34375,0.41676021068992314,0.4320623551716874,0.05745965688908722,0.03321123847002741,0.00943852097403293,0.24546052184163397,0.3217352547912642,0.02047244094488189,0.00943852097403293,0.4320623551716874,0.65625,0.38112244897959185,0.0,0.0,0.06417303680248043,0.3217352547912642,0.1368890209478532,0.05745965688908722,3,1,0.04339107498526573,1.0,16518.77988433838,epoch_56_original,18,A10_drop_front_triplet,2,R3_ema_K2,"['CAM_FRONT', 'CAM_FRONT_LEFT', 'CAM_FRONT_RIGHT']",ema,"[1, 2]",,False,False,False
0.21393272538633756,0.08497725438475512,0.5178598898563209,0.067076874453701,1.7358397686367413,0.6704545454545454,0.41311957132362476,0.4625501560410165,0.5097345132743363,0.5183069332640873,56420,0.1364489431744762,0.0,0.5374498439589834,0.3295454545454546,0.41311957132362476,0.4625501560410165,0.05460758491579881,0.03288052676950488,0.011012400061234863,0.2632097438653054,0.3616896901824447,0.02658216164661724,0.011012400061234863,0.4625501560410165,0.6704545454545454,0.5097345132743363,0.5178598898563209,0.0,0.067076874453701,0.3616896901824447,0.1364489431744762,0.05460758491579881,3,1,0.04339107498526573,1.0,16518.77988433838,epoch_56_original,18,A10_drop_front_triplet,4,R3_ema_K2,"['CAM_FRONT', 'CAM_FRONT_LEFT', 'CAM_FRONT_RIGHT']",ema,"[1, 2]",,False,False,False
0.2123714365753772,0.0781507080217357,0.500439312162671,0.07086454914393586,1.8518576628592947,0.6976744186046512,0.3881981637337414,0.40589198036006546,0.5970873786407767,0.495858804969434,59015,0.14076816869587047,0.48515314472761284,0.5941080196399345,0.3023255813953488,0.3881981637337414,0.40589198036006546,0.056354303441539244,0.030821476316830368,0.01116698348384891,0.2572432893054964,0.37890674030375293,0.023283544621563956,0.01116698348384891,0.40589198036006546,0.6976744186046512,0.5970873786407767,0.500439312162671,0.48515314472761284,0.07086454914393586,0.37890674030375293,0.14076816869587047,0.056354303441539244,3,1,0.04339107498526573,1.0,16518.77988433838,epoch_56_original,18,A10_drop_front_triplet,6,R3_ema_K2,"['CAM_FRONT', 'CAM_FRONT_LEFT', 'CAM_FRONT_RIGHT']",ema,"[1, 2]",,False,False,False
0.21014482352772315,0.08213063263349263,0.5745626779798919,0.05821964180149475,1.4499331667344686,0.8222222222222222,0.0,0.460094720224522,0.41702127659574467,0.5848787888169913,49898,0.1237287150578253,0.0,0.539905279775478,0.1777777777777778,0.0,0.460094720224522,0.04650900281047271,0.024927517031893963,0.004446932392756765,0.14644793677051743,0.1852153193467776,0.007177311559249139,0.004446932392756765,0.460094720224522,0.8222222222222222,0.41702127659574467,0.0,0.0,0.05821964180149475,0.1852153193467776,0.1237287150578253,0.04650900281047271,3,2,0.04256633014389963,1.0,16016.164751688639,epoch_56_original,18,A10_drop_front_triplet,0,R4_ema_K3,"['CAM_FRONT', 'CAM_FRONT_LEFT', 'CAM_FRONT_RIGHT']",ema,"[1, 2, 3]",,False,False,False
0.21548844409440265,0.0802561247727286,0.5284801663942951,0.06594760408678228,1.6596642400831971,0.6770833333333334,0.41425610914428806,0.45228565409732463,0.36428571428571427,0.5386338539201767,55856,0.1390580894369336,0.0,0.5477143459026754,0.32291666666666663,0.41425610914428806,0.45228565409732463,0.05204575002022885,0.029492232317522724,0.01121308825833478,0.26620270668510415,0.3489228940722031,0.022641509433962273,0.01121308825833478,0.45228565409732463,0.6770833333333334,0.36428571428571427,0.0,0.0,0.06594760408678228,0.3489228940722031,0.1390580894369336,0.05204575002022885,3,2,0.04256633014389963,1.0,16016.164751688639,epoch_56_original,18,A10_drop_front_triplet,2,R4_ema_K3,"['CAM_FRONT', 'CAM_FRONT_LEFT', 'CAM_FRONT_RIGHT']",ema,"[1, 2, 3]",,False,False,False
0.21458674942067676,0.0871040015807136,0.5128142017659908,0.0679674138308502,1.757530074147002,0.6704545454545454,0.4189965861458018,0.47547926883637986,0.48436578171091443,0.5143793819787068,57125,0.1388179552656678,0.0,0.5245207311636202,0.3295454545454546,0.4189965861458018,0.47547926883637986,0.055261608950138014,0.03500727396546336,0.01190293943838406,0.27899426831452623,0.3833799956927053,0.028951173737808825,0.01190293943838406,0.47547926883637986,0.6704545454545454,0.48436578171091443,0.5128142017659908,0.0,0.0679674138308502,0.3833799956927053,0.1388179552656678,0.055261608950138014,3,2,0.04256633014389963,1.0,16016.164751688639,epoch_56_original,18,A10_drop_front_triplet,4,R4_ema_K3,"['CAM_FRONT', 'CAM_FRONT_LEFT', 'CAM_FRONT_RIGHT']",ema,"[1, 2, 3]",,False,False,False
0.21337373149336472,0.08142227738320343,0.49394376804317813,0.07188077588418304,1.8777457010166938,0.686046511627907,0.3951319816373374,0.4203881225157821,0.5929264909847434,0.4892526128968645,59840,0.14390611271494916,0.4758007949497311,0.5796118774842178,0.313953488372093,0.3951319816373374,0.4203881225157821,0.05735659835952678,0.0340930456782981,0.012183210224096089,0.2748189177673626,0.4047947784611521,0.026421488640642643,0.012183210224096089,0.4203881225157821,0.686046511627907,0.5929264909847434,0.49394376804317813,0.4758007949497311,0.07188077588418304,0.4047947784611521,0.14390611271494916,0.05735659835952678,3,2,0.04256633014389963,1.0,16016.164751688639,epoch_56_original,18,A10_drop_front_triplet,6,R4_ema_K3,"['CAM_FRONT', 'CAM_FRONT_LEFT', 'CAM_FRONT_RIGHT']",ema,"[1, 2, 3]",,False,False,False
0.2200277845409106,0.08913538784146478,0.5535828441913175,0.05847063835689729,1.475329807636427,0.8777777777777778,0.0,0.43588844062445187,0.43498817966903075,0.561348648564971,50772,0.1270703783343988,0.0,0.5641115593755481,0.12222222222222223,0.0,0.43588844062445187,0.05639196382366016,0.03193227223986612,0.004697928948159305,0.166528811690102,0.21061196024873596,0.010518974835822634,0.004697928948159305,0.43588844062445187,0.8777777777777778,0.43498817966903075,0.0,0.0,0.05847063835689729,0.21061196024873596,0.1270703783343988,0.05639196382366016,3,1,0.04623468039613782,1.0,18165.20790354411,epoch_56_original,18,A10_drop_front_triplet,0,R8_camera_group_repair_front_triplet,"['CAM_FRONT', 'CAM_FRONT_LEFT', 'CAM_FRONT_RIGHT']",replace,[1],,False,False,False
0.22362006391853095,0.0863069399512217,0.5093448224632299,0.06628074775911404,1.6848016639429506,0.59375,0.4307054658492358,0.4223720244364862,0.38418367346938775,0.5170847136772362,56702,0.14440647749220026,0.0,0.5776279755635139,0.40625,0.4307054658492358,0.4223720244364862,0.06017736984435715,0.03554304749601582,0.011546231930666534,0.2853807267698864,0.3740603179319566,0.027989897489228935,0.011546231930666534,0.4223720244364862,0.59375,0.38418367346938775,0.0,0.0,0.06628074775911404,0.3740603179319566,0.14440647749220026,0.06017736984435715,3,1,0.04623468039613782,1.0,18165.20790354411,epoch_56_original,18,A10_drop_front_triplet,2,R8_camera_group_repair_front_triplet,"['CAM_FRONT', 'CAM_FRONT_LEFT', 'CAM_FRONT_RIGHT']",replace,[1],,False,False,False
0.2198304600438137,0.0893427904040546,0.5029381903208935,0.06747358423169168,1.7581761683536905,0.4090909090909091,0.42781210837906747,0.41640659830584037,0.45250737463126844,0.5057128018696443,57146,0.14457127034427592,0.0,0.5835934016941596,0.5909090909090908,0.42781210837906747,0.41640659830584037,0.06050531957327496,0.03724606278880436,0.011409109839225544,0.2794644456385456,0.3840260898993939,0.034704488816416953,0.011409109839225544,0.41640659830584037,0.4090909090909091,0.45250737463126844,0.5029381903208935,0.0,0.06747358423169168,0.3840260898993939,0.14457127034427592,0.06050531957327496,3,1,0.04623468039613782,1.0,18165.20790354411,epoch_56_original,18,A10_drop_front_triplet,4,R8_camera_group_repair_front_triplet,"['CAM_FRONT', 'CAM_FRONT_LEFT', 'CAM_FRONT_RIGHT']",replace,[1],,False,False,False
0.21272115690221421,0.08221463159067141,0.49595205221538846,0.0717673136753205,1.8735722354713191,0.36046511627906974,0.4015876052027544,0.3892915595043255,0.5319001386962552,0.49424834023532505,59707,0.14371783607380445,0.4982464344166472,0.6107084404956745,0.6395348837209303,0.4015876052027544,0.3892915595043255,0.05670402376837627,0.03488539988576608,0.012069748015233542,0.271985513421389,0.4006213129157774,0.026233211999497935,0.012069748015233542,0.3892915595043255,0.36046511627906974,0.5319001386962552,0.49595205221538846,0.4982464344166472,0.0717673136753205,0.4006213129157774,0.14371783607380445,0.05670402376837627,3,1,0.04623468039613782,1.0,18165.20790354411,epoch_56_original,18,A10_drop_front_triplet,6,R8_camera_group_repair_front_triplet,"['CAM_FRONT', 'CAM_FRONT_LEFT', 'CAM_FRONT_RIGHT']",replace,[1],,False,False,False
0.12795758374799757,0.05873297311944128,0.7377230197012844,0.05965296423629344,1.311995118265822,0.7,0.0,0.5414839501841782,0.5640661938534279,0.7490943992074058,45151,0.09400244086708898,0.0,0.45851604981582184,0.30000000000000004,0.0,0.5414839501841782,0.0,0.0,0.0,0.0,0.0,0.0,0.0,0.5414839501841782,0.7,0.5640661938534279,0.0,0.0,0.05965296423629344,0.0,0.09400244086708898,0.0,0,0,0.0,0.0,0.0,epoch_56_original,18,C4_motion_blur_9,0,R0_degraded_native,[],native,[],,False,False,False
0.13559841685712692,0.05567268118912516,0.7108899123458624,0.0628371636609521,1.4212152726192244,0.8541666666666666,0.23309731456696314,0.4276385085317042,0.5275510204081633,0.7222274806751854,47831,0.10402614767493686,0.0,0.5723614914682957,0.14583333333333337,0.23309731456696314,0.4276385085317042,0.0,0.0,0.0,0.0,0.0,0.0,0.0,0.4276385085317042,0.8541666666666666,0.5275510204081633,0.0,0.0,0.0628371636609521,0.0,0.10402614767493686,0.0,0,0,0.0,0.0,0.0,epoch_56_original,18,C4_motion_blur_9,2,R0_degraded_native,[],native,[],,False,False,False
0.14591820911513032,0.06434188720260299,0.681537088884103,0.06326615604686113,1.5009383749192382,0.9545454545454546,0.26377425348947753,0.516718680338832,0.511504424778761,0.6908919761101012,48785,0.11202042888348768,0.0,0.48328131966116805,0.045454545454545414,0.26377425348947753,0.516718680338832,0.0,0.0,0.0,0.0,0.0,0.0,0.0,0.516718680338832,0.9545454545454546,0.511504424778761,0.681537088884103,0.0,0.06326615604686113,0.0,0.11202042888348768,0.0,0,0,0.0,0.0,0.0,epoch_56_original,18,C4_motion_blur_9,4,R0_degraded_native,[],native,[],,False,False,False
0.15012175094852484,0.06780701045720958,0.6672524162168947,0.06374931758236699,1.5492657210995355,0.9534883720930233,0.25626434583014535,0.552723871872808,0.45561719833564496,0.6772825872608953,49372,0.11290322580645161,0.0,0.447276128127192,0.046511627906976716,0.25626434583014535,0.552723871872808,0.0,0.0,0.0,0.0,0.0,0.0,0.0,0.552723871872808,0.9534883720930233,0.45561719833564496,0.6672524162168947,0.0,0.06374931758236699,0.0,0.11290322580645161,0.0,0,0,0.0,0.0,0.0,epoch_56_original,18,C4_motion_blur_9,6,R0_degraded_native,[],native,[],,False,False,False
0.17696264882904153,0.06626380510582547,0.6471494159353751,0.05648248143120878,1.3467774742837217,0.7444444444444445,0.0,0.4993860726188388,0.5352245862884161,0.6544784668255983,46348,0.13247515545998723,0.0,0.5006139273811612,0.25555555555555554,0.0,0.4993860726188388,0.049005065081043964,0.007530831986384191,-0.003170482805084661,0.026511040729994904,0.034782356017899696,0.03847271459289825,-0.003170482805084661,0.4993860726188388,0.7444444444444445,0.5352245862884161,0.0,0.0,0.05648248143120878,0.034782356017899696,0.13247515545998723,0.049005065081043964,6,1,0.04033740220422095,1.0,1142.185811360677,epoch_56_original,18,C4_motion_blur_9,0,R5_blend_alpha03,"['CAM_FRONT', 'CAM_FRONT_RIGHT', 'CAM_FRONT_LEFT', 'CAM_BACK', 'CAM_BACK_LEFT', 'CAM_BACK_RIGHT']",blend,"[1, 2]",0.3,False,False,False
0.1835728776752293,0.06659979932855616,0.6182142326548804,0.0599312272716028,1.4615361759025405,0.90625,0.3129695190398066,0.3781335580366547,0.5229591836734694,0.6241047483830258,49188,0.13706730054969543,0.0,0.6218664419633453,0.09375,0.3129695190398066,0.3781335580366547,0.04797446081810239,0.010927118139430994,-0.0029059363893493007,0.028370721916748554,0.040320903283316056,0.033041152874758575,-0.0029059363893493007,0.3781335580366547,0.90625,0.5229591836734694,0.0,0.0,0.0599312272716028,0.040320903283316056,0.13706730054969543,0.04797446081810239,6,1,0.04033740220422095,1.0,1142.185811360677,epoch_56_original,18,C4_motion_blur_9,2,R5_blend_alpha03,"['CAM_FRONT', 'CAM_FRONT_RIGHT', 'CAM_FRONT_LEFT', 'CAM_BACK', 'CAM_BACK_LEFT', 'CAM_BACK_RIGHT']",blend,"[1, 2]",0.3,False,False,False
0.18581302291742452,0.07174355786185074,0.6071131895517337,0.05962498580239903,1.5073070178137402,0.75,0.3317920573873212,0.5127061970575123,0.45958702064896756,0.6152298104388471,48992,0.14054087315017075,0.0,0.4872938029424877,0.25,0.3317920573873212,0.5127061970575123,0.039894813802294204,0.007401670659247753,-0.0036411702444621025,0.004243107512555089,0.006368642894502008,0.02852044426668307,-0.0036411702444621025,0.5127061970575123,0.75,0.45958702064896756,0.6071131895517337,0.0,0.05962498580239903,0.006368642894502008,0.14054087315017075,0.039894813802294204,6,1,0.04033740220422095,1.0,1142.185811360677,epoch_56_original,18,C4_motion_blur_9,4,R5_blend_alpha03,"['CAM_FRONT', 'CAM_FRONT_RIGHT', 'CAM_FRONT_LEFT', 'CAM_BACK', 'CAM_BACK_LEFT', 'CAM_BACK_RIGHT']",blend,"[1, 2]",0.3,False,False,False
0.18605978976956636,0.07884478199634132,0.6011986946152881,0.0599179125584577,1.5422053470566086,0.8488372093023255,0.3190512624330528,0.6011222819733458,0.4778085991678225,0.6070466048774075,49147,0.13455503953809464,0.0,0.39887771802665417,0.15116279069767447,0.3190512624330528,0.6011222819733458,0.03593803882104152,0.011037771539131741,-0.0038314050239092873,-0.004557238920845823,-0.00706037404292692,0.02165181373164303,-0.0038314050239092873,0.6011222819733458,0.8488372093023255,0.4778085991678225,0.6011986946152881,0.0,0.0599179125584577,-0.00706037404292692,0.13455503953809464,0.03593803882104152,6,1,0.04033740220422095,1.0,1142.185811360677,epoch_56_original,18,C4_motion_blur_9,6,R5_blend_alpha03,"['CAM_FRONT', 'CAM_FRONT_RIGHT', 'CAM_FRONT_LEFT', 'CAM_BACK', 'CAM_BACK_LEFT', 'CAM_BACK_RIGHT']",blend,"[1, 2]",0.3,False,False,False
0.15720340213068595,0.06505857401813649,0.6852734352298483,0.056943192213822644,1.3167606206776312,0.6777777777777778,0.0,0.5325381512015436,0.5598108747044918,0.6934889625065791,45315,0.1127157552159005,0.0,0.4674618487984564,0.3222222222222222,0.0,0.5325381512015436,0.029245818382688388,0.006325600898695209,-0.0027097720224707952,0.003632256206950012,0.004765502411809175,0.01871331434881153,-0.0027097720224707952,0.5325381512015436,0.6777777777777778,0.5598108747044918,0.0,0.0,0.056943192213822644,0.004765502411809175,0.1127157552159005,0.029245818382688388,6,1,0.04033740220422095,1.0,1603.0924326578777,epoch_56_original,18,C4_motion_blur_9,0,R6_blend_alpha05,"['CAM_FRONT', 'CAM_FRONT_RIGHT', 'CAM_FRONT_LEFT', 'CAM_BACK', 'CAM_BACK_LEFT', 'CAM_BACK_RIGHT']",blend,"[1, 2]",0.5,False,False,False
0.16254793353216873,0.06189489499426451,0.6599316594859604,0.060617305329474146,1.432179468132521,0.8125,0.2770917882738969,0.38613861386138615,0.5270408163265307,0.6681495504022716,48200,0.1178131035507354,0.0,0.6138613861386139,0.1875,0.2770917882738969,0.38613861386138615,0.026949516675041807,0.006222213805139348,-0.0022198583314779544,0.007714662039263239,0.010964195513296637,0.013786955875798548,-0.0022198583314779544,0.38613861386138615,0.8125,0.5270408163265307,0.0,0.0,0.060617305329474146,0.010964195513296637,0.1178131035507354,0.026949516675041807,6,1,0.04033740220422095,1.0,1603.0924326578777,epoch_56_original,18,C4_motion_blur_9,2,R6_blend_alpha05,"['CAM_FRONT', 'CAM_FRONT_RIGHT', 'CAM_FRONT_LEFT', 'CAM_BACK', 'CAM_BACK_LEFT', 'CAM_BACK_RIGHT']",blend,"[1, 2]",0.5,False,False,False
0.1697237791962652,0.06815966641763978,0.6376026828292773,0.06073774849916954,1.497615604713411,0.6704545454545454,0.3049565705889979,0.5151582701738743,0.4654867256637168,0.6470721890418073,48677,0.12426545241977664,0.0,0.4848417298261257,0.3295454545454546,0.3049565705889979,0.5151582701738743,0.023805570081134875,0.0038177792150367873,-0.00252840754769159,-0.0022137952239417854,-0.0033227702058271635,0.012245023536288965,-0.00252840754769159,0.5151582701738743,0.6704545454545454,0.4654867256637168,0.6376026828292773,0.0,0.06073774849916954,-0.0033227702058271635,0.12426545241977664,0.023805570081134875,6,1,0.04033740220422095,1.0,1603.0924326578777,epoch_56_original,18,C4_motion_blur_9,4,R6_blend_alpha05,"['CAM_FRONT', 'CAM_FRONT_RIGHT', 'CAM_FRONT_LEFT', 'CAM_BACK', 'CAM_BACK_LEFT', 'CAM_BACK_RIGHT']",blend,"[1, 2]",0.5,False,False,False
0.16898097766943804,0.06776353353583818,0.6345550395380947,0.06092591739951195,1.5280845989707543,0.7093023255813954,0.28959449120122416,0.6128127191956979,0.45561719833564496,0.6430355616906593,48697,0.12071670641395757,0.0,0.3871872808043021,0.2906976744186046,0.28959449120122416,0.6128127191956979,0.018859226720913197,-4.347692137139647e-05,-0.0028234001828550404,-0.013671716762537471,-0.021181122128781205,0.00781348060750596,-0.0028234001828550404,0.6128127191956979,0.7093023255813954,0.45561719833564496,0.6345550395380947,0.0,0.06092591739951195,-0.021181122128781205,0.12071670641395757,0.018859226720913197,6,1,0.04033740220422095,1.0,1603.0924326578777,epoch_56_original,18,C4_motion_blur_9,6,R6_blend_alpha05,"['CAM_FRONT', 'CAM_FRONT_RIGHT', 'CAM_FRONT_LEFT', 'CAM_BACK', 'CAM_BACK_LEFT', 'CAM_BACK_RIGHT']",blend,"[1, 2]",0.5,False,False,False
0.1437744714173845,0.06325334429211805,0.7065729063753123,0.05915097112548837,1.3343116173650258,0.7222222222222222,0.0,0.5516576039291352,0.5598108747044918,0.7161831635654354,45919,0.10579996513047016,0.0,0.4483423960708648,0.2777777777777778,0.0,0.5516576039291352,0.015816887669386936,0.004520371172676778,-0.0005019931108050657,0.017009590042302496,0.022316499099203746,0.011797524263381182,-0.0005019931108050657,0.5516576039291352,0.7222222222222222,0.5598108747044918,0.0,0.0,0.05915097112548837,0.022316499099203746,0.10579996513047016,0.015816887669386936,6,1,0.04033740220422095,1.0,1574.4854024251301,epoch_56_original,18,C4_motion_blur_9,0,R7_blend_alpha07,"['CAM_FRONT', 'CAM_FRONT_RIGHT', 'CAM_FRONT_LEFT', 'CAM_BACK', 'CAM_BACK_LEFT', 'CAM_BACK_RIGHT']",blend,"[1, 2]",0.7,False,False,False
0.14618409819316736,0.05999034732449421,0.6896449264596642,0.06233414970025316,1.4333977120784431,0.71875,0.2536913910715828,0.42384663998314726,0.5321428571428571,0.6993847610033128,48241,0.1083345713861239,0.0,0.5761533600168527,0.28125,0.2536913910715828,0.42384663998314726,0.010585681336040431,0.004317666135369047,-0.0005030139606989406,0.008571846710292487,0.012182439459218708,0.0043084237111870455,-0.0005030139606989406,0.42384663998314726,0.71875,0.5321428571428571,0.0,0.0,0.06233414970025316,0.012182439459218708,0.1083345713861239,0.010585681336040431,6,1,0.04033740220422095,1.0,1574.4854024251301,epoch_56_original,18,C4_motion_blur_9,2,R7_blend_alpha07,"['CAM_FRONT', 'CAM_FRONT_RIGHT', 'CAM_FRONT_LEFT', 'CAM_BACK', 'CAM_BACK_LEFT', 'CAM_BACK_RIGHT']",blend,"[1, 2]",0.7,False,False,False
0.15526080349915503,0.06656725942379521,0.66363104944159,0.062410184741653045,1.5028458911485094,0.7613636363636364,0.28499200553130805,0.5151582701738743,0.4749262536873156,0.674013243313425,48847,0.11620465803156632,0.0,0.4848417298261257,0.23863636363636365,0.28499200553130805,0.5151582701738743,0.00934259438402471,0.0022253722211922206,-0.000855971305208085,0.001270882443373988,0.0019075162292712111,0.004184229148078644,-0.000855971305208085,0.5151582701738743,0.7613636363636364,0.4749262536873156,0.66363104944159,0.0,0.062410184741653045,0.0019075162292712111,0.11620465803156632,0.00934259438402471,6,1,0.04033740220422095,1.0,1574.4854024251301,epoch_56_original,18,C4_motion_blur_9,4,R7_blend_alpha07,"['CAM_FRONT', 'CAM_FRONT_RIGHT', 'CAM_FRONT_LEFT', 'CAM_BACK', 'CAM_BACK_LEFT', 'CAM_BACK_RIGHT']",blend,"[1, 2]",0.7,False,False,False
0.15666488878638046,0.07342621971056194,0.6589682440065269,0.061669177086553575,1.5178549014685578,0.8488372093023255,0.2718534812547819,0.5976151508066402,0.44521497919556174,0.6690987970814435,48371,0.11673151750972763,0.0,0.4023848491933598,0.15116279069767447,0.2718534812547819,0.5976151508066402,0.006543137837855623,0.005619209253352367,-0.0020801404958134123,-0.020274649598962975,-0.03141081963097769,0.0038282917032760183,-0.0020801404958134123,0.5976151508066402,0.8488372093023255,0.44521497919556174,0.6589682440065269,0.0,0.061669177086553575,-0.03141081963097769,0.11673151750972763,0.006543137837855623,6,1,0.04033740220422095,1.0,1574.4854024251301,epoch_56_original,18,C4_motion_blur_9,6,R7_blend_alpha07,"['CAM_FRONT', 'CAM_FRONT_RIGHT', 'CAM_FRONT_LEFT', 'CAM_BACK', 'CAM_BACK_LEFT', 'CAM_BACK_RIGHT']",blend,"[1, 2]",0.7,False,False,False
0.20512446518864255,0.1162761514753568,0.6322136339861684,0.045063789453521054,1.1607775905154878,0.6222222222222222,0.0,0.22154008068759867,0.6312056737588653,0.6322796371404688,39947,0.08397745103736852,0.0,0.7784599193124013,0.37777777777777777,0.0,0.22154008068759867,0.0,0.0,0.0,0.0,0.0,0.0,0.0,0.22154008068759867,0.6222222222222222,0.6312056737588653,0.0,0.0,0.045063789453521054,0.0,0.08397745103736852,0.0,0,0,0.0,0.0,0.0,epoch_56_original,18,A7_drop_all_rear,0,R0_degraded_native,[],native,[],,False,False,False
0.177984875105034,0.09640765200020279,0.6538404397563512,0.05244539000074215,1.2910414500074283,0.2916666666666667,0.2172955703307141,0.23509585001053296,0.5642857142857143,0.6593784508597571,43450,0.08964492645966424,0.0,0.7649041499894671,0.7083333333333333,0.2172955703307141,0.23509585001053296,0.0,0.0,0.0,0.0,0.0,0.0,0.0,0.23509585001053296,0.2916666666666667,0.5642857142857143,0.0,0.0,0.05244539000074215,0.0,0.08964492645966424,0.0,0,0,0.0,0.0,0.0,epoch_56_original,18,A7_drop_all_rear,2,R0_degraded_native,[],native,[],,False,False,False
0.18922490626344582,0.10402411927337221,0.621142663754115,0.053618371777967626,1.3810109836015136,0.25,0.24666176915431484,0.2639322336156933,0.5398230088495575,0.6256167229291093,44887,0.09777558994554349,0.0,0.7360677663843067,0.75,0.24666176915431484,0.2639322336156933,0.0,0.0,0.0,0.0,0.0,0.0,0.0,0.2639322336156933,0.25,0.5398230088495575,0.621142663754115,0.0,0.053618371777967626,0.0,0.09777558994554349,0.0,0,0,0.0,0.0,0.0,epoch_56_original,18,A7_drop_all_rear,4,R0_degraded_native,[],native,[],,False,False,False
0.20372299678259537,0.10210795543580206,0.5827475837831053,0.05492557536850552,1.465388477469562,0.27906976744186046,0.2768267023718439,0.20808978255786767,0.49029126213592233,0.5871294287780188,46699,0.10556043680180746,0.0,0.7919102174421323,0.7209302325581395,0.2768267023718439,0.20808978255786767,0.0,0.0,0.0,0.0,0.0,0.0,0.0,0.20808978255786767,0.27906976744186046,0.49029126213592233,0.5827475837831053,0.0,0.05492557536850552,0.0,0.10556043680180746,0.0,0,0,0.0,0.0,0.0,epoch_56_original,18,A7_drop_all_rear,6,R0_degraded_native,[],native,[],,False,False,False
0.277654917181929,0.13021989564759975,0.47150793196265967,0.052140385206535356,1.4319053891529694,0.5871559633027523,0.0,0.21783567134268536,0.3325438180956892,0.480448630032611,50005,0.11625909169005212,0.0,0.7821643286573147,0.4128440366972477,0.0,0.21783567134268536,0.0,0.0,0.0,0.0,0.0,0.0,0.0,0.21783567134268536,0.5871559633027523,0.3325438180956892,0.0,0.0,0.052140385206535356,0.0,0.11625909169005212,0.0,0,0,0.0,0.0,0.0,epoch_56_original,19,A0_clean,0,R0_degraded_native,[],native,[],,False,False,False
0.26655986831469264,0.13005851120308917,0.44823704785373125,0.05792838095363588,1.6217030208998813,0.4891304347826087,0.4308544640954613,0.24184136589582883,0.3524229074889868,0.4538399613588794,53307,0.13291351038909677,0.0,0.7581586341041712,0.5108695652173914,0.4308544640954613,0.24184136589582883,0.0,0.0,0.0,0.0,0.0,0.0,0.0,0.24184136589582883,0.4891304347826087,0.3524229074889868,0.0,0.0,0.05792838095363588,0.0,0.13291351038909677,0.0,0,0,0.0,0.0,0.0,epoch_56_original,19,A0_clean,2,R0_degraded_native,[],native,[],,False,False,False
0.23905144107989784,0.12002732225121608,0.4914943813248898,0.05974306746124458,1.6356863475507544,0.6410256410256411,0.3989820297081126,0.24070271503536392,0.35884244372990354,0.4982223816823771,52692,0.11817843173775378,0.0,0.7592972849646361,0.3589743589743589,0.3989820297081126,0.24070271503536392,0.0,0.0,0.0,0.0,0.0,0.0,0.0,0.24070271503536392,0.6410256410256411,0.35884244372990354,0.4914943813248898,0.0,0.05974306746124458,0.0,0.11817843173775378,0.0,0,0,0.0,0.0,0.0,epoch_56_original,19,A0_clean,4,R0_degraded_native,[],native,[],,False,False,False
0.24209004842090048,0.13992195976191718,0.46825195250492097,0.061934061021985135,1.7282367134421233,0.5641025641025641,0.44141976237028124,0.22436206066441983,0.3994252873563218,0.47143426559489804,54436,0.11962664296145788,0.0,0.7756379393355801,0.4358974358974359,0.44141976237028124,0.22436206066441983,0.0,0.0,0.0,0.0,0.0,0.0,0.0,0.22436206066441983,0.5641025641025641,0.3994252873563218,0.46825195250492097,0.0,0.061934061021985135,0.0,0.11962664296145788,0.0,0,0,0.0,0.0,0.0,epoch_56_original,19,A0_clean,6,R0_degraded_native,[],native,[],,False,False,False
0.22976385182634645,0.08317067528924164,0.5414065631979841,0.057480192636321266,1.45452723211729,0.7706422018348624,0.0,0.43006012024048096,0.4012316437707248,0.5504251622931334,50795,0.12244430444991695,0.0,0.569939879759519,0.22935779816513757,0.0,0.43006012024048096,0.0,0.0,0.0,0.0,0.0,0.0,0.0,0.43006012024048096,0.7706422018348624,0.4012316437707248,0.0,0.0,0.057480192636321266,0.0,0.12244430444991695,0.0,0,0,0.0,0.0,0.0,epoch_56_original,19,A1_drop_cam_front,0,R0_degraded_native,[],native,[],,False,False,False
0.2021453775582216,0.07455739907078077,0.5642967965684038,0.06255507478641277,1.5910985367040857,0.7934782608695652,0.30662689111442576,0.5686189755781283,0.5308370044052864,0.5662534213492191,52301,0.12445620759940373,0.0,0.43138102442187165,0.2065217391304348,0.30662689111442576,0.5686189755781283,0.0,0.0,0.0,0.0,0.0,0.0,0.0,0.5686189755781283,0.7934782608695652,0.5308370044052864,0.0,0.0,0.06255507478641277,0.0,0.12445620759940373,0.0,0,0,0.0,0.0,0.0,epoch_56_original,19,A1_drop_cam_front,2,R0_degraded_native,[],native,[],,False,False,False
0.19953373952344175,0.07132976950634655,0.5669274228596263,0.06203499257962507,1.6034953746818155,0.7307692307692307,0.30393684429209517,0.6068902578142824,0.547266881028939,0.567924589843113,51655,0.11553982740423419,0.0,0.3931097421857176,0.2692307692307693,0.30393684429209517,0.6068902578142824,0.0,0.0,0.0,0.0,0.0,0.0,0.0,0.6068902578142824,0.7307692307692307,0.547266881028939,0.5669274228596263,0.0,0.06203499257962507,0.0,0.11553982740423419,0.0,0,0,0.0,0.0,0.0,epoch_56_original,19,A1_drop_cam_front,4,R0_degraded_native,[],native,[],,False,False,False
0.20290884299633555,0.07401728463239957,0.5464473934853007,0.06394062796835508,1.688805638453235,0.7435897435897436,0.32791898531107433,0.6100144439094848,0.5775862068965517,0.5450076396731548,53194,0.124896818845641,0.0,0.3899855560905152,0.2564102564102564,0.32791898531107433,0.6100144439094848,0.0,0.0,0.0,0.0,0.0,0.0,0.0,0.6100144439094848,0.7435897435897436,0.5775862068965517,0.5464473934853007,0.0,0.06394062796835508,0.0,0.124896818845641,0.0,0,0,0.0,0.0,0.0,epoch_56_original,19,A1_drop_cam_front,6,R0_degraded_native,[],native,[],,False,False,False
0.245379686318163,0.1001727259462885,0.5076456102170551,0.058090031367856704,1.4988545902296546,0.5779816513761468,0.0,0.3406813627254509,0.3860729512079583,0.5154673737466093,52343,0.11963805051257087,0.0,0.6593186372745491,0.42201834862385323,0.0,0.3406813627254509,0.015615834491816555,0.017002050657046852,0.0006098387315354378,0.03047544049611182,0.044327358112364657,-0.0028062539373460843,0.0006098387315354378,0.3406813627254509,0.5779816513761468,0.3860729512079583,0.0,0.0,0.058090031367856704,0.044327358112364657,0.11963805051257087,0.015615834491816555,1,1,0.04840461164712906,1.0,18701.05185699463,epoch_56_original,19,A1_drop_cam_front,0,R1_replace_tminus1,['CAM_FRONT'],replace,[1],,False,False,False
0.24263095839649654,0.09794026630932916,0.47412612941498583,0.06320403077434944,1.6932554531349822,0.5652173913043478,0.3784359684636693,0.4411065485195591,0.5225770925110133,0.4712928674931573,55659,0.1297192053786012,0.0,0.5588934514804409,0.4347826086956522,0.3784359684636693,0.4411065485195591,0.04048558083827494,0.02338286723854839,0.0006489559879366696,0.06420527332173381,0.10215691643089642,0.005262997779197476,0.0006489559879366696,0.4411065485195591,0.5652173913043478,0.5225770925110133,0.0,0.0,0.06320403077434944,0.10215691643089642,0.1297192053786012,0.04048558083827494,1,1,0.04840461164712906,1.0,18701.05185699463,epoch_56_original,19,A1_drop_cam_front,2,R1_replace_tminus1,['CAM_FRONT'],replace,[1],,False,False,False
0.23897722147045558,0.09514691400000248,0.4737070838765754,0.06372308674434751,1.7285652200906438,0.5128205128205128,0.39124337799937675,0.4704540269221994,0.5273311897106109,0.4709873120454027,55684,0.12295896194201279,0.0,0.5295459730778006,0.4871794871794872,0.39124337799937675,0.4704540269221994,0.03944348194701383,0.023817144493655934,0.0016880941647224451,0.07799825767108702,0.12506984540882837,0.007419134537778607,0.0016880941647224451,0.4704540269221994,0.5128205128205128,0.5273311897106109,0.4737070838765754,0.0,0.06372308674434751,0.12506984540882837,0.12295896194201279,0.03944348194701383,1,1,0.04840461164712906,1.0,18701.05185699463,epoch_56_original,19,A1_drop_cam_front,4,R1_replace_tminus1,['CAM_FRONT'],replace,[1],,False,False,False
0.23384572964775627,0.10514225800746486,0.46148961838846914,0.06743938392971592,1.84135500666709,0.6794871794871795,0.41941144031683963,0.4234472797303804,0.5977011494252874,0.4551916561482761,57999,0.12543653565305735,0.0,0.5765527202696197,0.3205128205128205,0.41941144031683963,0.4234472797303804,0.03093688665142072,0.0311249733750653,0.0034987559613608443,0.0903297364364402,0.152549368213855,0.0005397168074163516,0.0034987559613608443,0.4234472797303804,0.6794871794871795,0.5977011494252874,0.46148961838846914,0.0,0.06743938392971592,0.152549368213855,0.12543653565305735,0.03093688665142072,1,1,0.04840461164712906,1.0,18701.05185699463,epoch_56_original,19,A1_drop_cam_front,6,R1_replace_tminus1,['CAM_FRONT'],replace,[1],,False,False,False
0.260931607379472,0.10350623095911732,0.4868564228852872,0.05578619615983394,1.4797262470648875,0.6330275229357798,0.0,0.2919839679358717,0.44576030317385124,0.4895004724025479,51675,0.13014718515548937,0.0,0.7080160320641282,0.3669724770642202,0.0,0.2919839679358717,0.031167755553125565,0.020335555669875674,-0.001693996476487325,0.01732453981691111,0.025199014947597576,0.007702880705572415,-0.001693996476487325,0.2919839679358717,0.6330275229357798,0.44576030317385124,0.0,0.0,0.05578619615983394,0.025199014947597576,0.13014718515548937,0.031167755553125565,1,2,0.04820845614780079,1.0,19015.602699279785,epoch_56_original,19,A1_drop_cam_front,0,R2_replace_tminus2,['CAM_FRONT'],replace,[2],,False,False,False
0.23757789895392833,0.0974490475800004,0.48042347357853427,0.06426476086630684,1.70654984636914,0.6521739130434783,0.3694864692094609,0.45191268640587856,0.4746696035242291,0.4807599420383191,56096,0.13163578838489853,0.0,0.5480873135941214,0.34782608695652173,0.3694864692094609,0.45191268640587856,0.03543252139570674,0.02289164850921964,0.0017096860798940655,0.07256075409648,0.11545130966505424,0.007179580785494799,0.0017096860798940655,0.45191268640587856,0.6521739130434783,0.4746696035242291,0.0,0.0,0.06426476086630684,0.11545130966505424,0.13163578838489853,0.03543252139570674,1,2,0.04820845614780079,1.0,19015.602699279785,epoch_56_original,19,A1_drop_cam_front,2,R2_replace_tminus2,['CAM_FRONT'],replace,[2],,False,False,False
0.23904276843647526,0.0996017213473284,0.4682125783820699,0.06490935954431329,1.7564412988141802,0.47435897435897434,0.3918146878570687,0.4433036732831394,0.45466237942122184,0.4688998336540657,56582,0.13298565840938723,0.0,0.5566963267168605,0.5256410256410257,0.3918146878570687,0.4433036732831394,0.03950902891303351,0.028271951840981857,0.0028743669646882214,0.09538282838060207,0.15294592413236474,0.01744583100515304,0.0028743669646882214,0.4433036732831394,0.47435897435897434,0.45466237942122184,0.4682125783820699,0.0,0.06490935954431329,0.15294592413236474,0.13298565840938723,0.03950902891303351,1,2,0.04820845614780079,1.0,19015.602699279785,epoch_56_original,19,A1_drop_cam_front,4,R2_replace_tminus2,['CAM_FRONT'],replace,[2],,False,False,False
0.2325695715105006,0.10595873723484883,0.45926725506381355,0.06858810653046334,1.8657692551908058,0.6282051282051282,0.41720559482628966,0.4155031295137217,0.5438218390804598,0.45535773599946855,58768,0.13413550066670898,0.0,0.5844968704862783,0.3717948717948718,0.41720559482628966,0.4155031295137217,0.02966072851416504,0.031941452602449266,0.004647478562108259,0.10478625408880701,0.17696361673757077,0.00923868182106799,0.004647478562108259,0.4155031295137217,0.6282051282051282,0.5438218390804598,0.45926725506381355,0.0,0.06858810653046334,0.17696361673757077,0.13413550066670898,0.02966072851416504,1,2,0.04820845614780079,1.0,19015.602699279785,epoch_56_original,19,A1_drop_cam_front,6,R2_replace_tminus2,['CAM_FRONT'],replace,[2],,False,False,False
0.25575025001087004,0.10547164050403444,0.4947024798121528,0.05631505359639584,1.4810434683007847,0.6238532110091743,0.0,0.28577154308617236,0.37375651350071054,0.5024839230745787,51721,0.12244430444991695,0.0,0.7142284569138276,0.37614678899082565,0.0,0.28577154308617236,0.025986398184523585,0.0223009652147928,-0.0011651390399254266,0.01823014076188601,0.026516236183494746,0.0,-0.0011651390399254266,0.28577154308617236,0.6238532110091743,0.37375651350071054,0.0,0.0,0.05631505359639584,0.026516236183494746,0.12244430444991695,0.025986398184523585,1,1,0.0459195040166378,1.0,17140.681495666504,epoch_56_original,19,A1_drop_cam_front,0,R3_ema_K2,['CAM_FRONT'],ema,"[1, 2]",,False,False,False
0.24254828318633864,0.09753491565156878,0.475434273371665,0.06295202502268875,1.6872927504487238,0.6086956521739131,0.37705092691242276,0.4205748865355522,0.4977973568281938,0.47412654966994044,55463,0.1302668005232576,0.0,0.5794251134644478,0.3913043478260869,0.37705092691242276,0.4205748865355522,0.04040290562811705,0.02297751658078802,0.00039695023627597803,0.06045773503374696,0.0961942137446381,0.005810592923853858,0.00039695023627597803,0.4205748865355522,0.6086956521739131,0.4977973568281938,0.0,0.0,0.06295202502268875,0.0961942137446381,0.1302668005232576,0.04040290562811705,1,1,0.0459195040166378,1.0,17140.681495666504,epoch_56_original,19,A1_drop_cam_front,2,R3_ema_K2,['CAM_FRONT'],ema,"[1, 2]",,False,False,False
0.243150244863576,0.09494844015371516,0.47134786117836963,0.06223407580957771,1.7028310672378468,0.6410256410256411,0.3852705931235068,0.459502623773671,0.5517684887459807,0.4672689911608337,54855,0.12938473955423108,0.0,0.540497376226329,0.3589743589743589,0.3852705931235068,0.459502623773671,0.043616505340134254,0.02361867064736861,0.00019908322995264294,0.06194947246152357,0.09933569255603136,0.01384491214999689,0.00019908322995264294,0.459502623773671,0.6410256410256411,0.5517684887459807,0.47134786117836963,0.0,0.06223407580957771,0.09933569255603136,0.12938473955423108,0.043616505340134254,1,1,0.0459195040166378,1.0,17140.681495666504,epoch_56_original,19,A1_drop_cam_front,4,R3_ema_K2,['CAM_FRONT'],ema,"[1, 2]",,False,False,False
0.23770640032272872,0.10716199588211435,0.45748936440408916,0.06637447370756382,1.8247825258746586,0.6538461538461539,0.41745625908657946,0.41502166586422723,0.6041666666666666,0.45070750016607986,57477,0.12908756111499142,0.0,0.5849783341357728,0.34615384615384615,0.41745625908657946,0.41502166586422723,0.03479755732639317,0.033144711249714784,0.00243384573920874,0.0805165996164981,0.13597688742142355,0.004190742269350428,0.00243384573920874,0.41502166586422723,0.6538461538461539,0.6041666666666666,0.45748936440408916,0.0,0.06637447370756382,0.13597688742142355,0.12908756111499142,0.03479755732639317,1,1,0.0459195040166378,1.0,17140.681495666504,epoch_56_original,19,A1_drop_cam_front,6,R3_ema_K2,['CAM_FRONT'],ema,"[1, 2]",,False,False,False
0.25862269190570203,0.10740968516717998,0.4898344882881851,0.05613491153206694,1.4827902182005612,0.6146788990825688,0.0,0.267935871743487,0.3486499289436286,0.4989180457773308,51782,0.1252219231430044,0.0,0.732064128256513,0.3853211009174312,0.0,0.267935871743487,0.028858840079355574,0.02423900987793834,-0.0013452811042543242,0.019431046362830988,0.02826298608327127,0.002777618693087444,-0.0013452811042543242,0.267935871743487,0.6146788990825688,0.3486499289436286,0.0,0.0,0.05613491153206694,0.02826298608327127,0.1252219231430044,0.028858840079355574,1,2,0.04496143995360895,1.0,16549.28086090088,epoch_56_original,19,A1_drop_cam_front,0,R4_ema_K3,['CAM_FRONT'],ema,"[1, 2, 3]",,False,False,False
0.24229454473542955,0.09649635539654908,0.47817224909494693,0.06246283738711213,1.6755194548386116,0.6739130434782609,0.37097805241849563,0.439377566457748,0.5088105726872246,0.4763806150378361,55076,0.13108819324024215,0.0,0.560622433542252,0.32608695652173914,0.37097805241849563,0.439377566457748,0.040149167177207956,0.02193895632576831,-9.223739930064312e-05,0.05305825892430355,0.0844209181345259,0.006631985640838417,-9.223739930064312e-05,0.439377566457748,0.6739130434782609,0.5088105726872246,0.0,0.0,0.06246283738711213,0.0844209181345259,0.13108819324024215,0.040149167177207956,1,2,0.04496143995360895,1.0,16549.28086090088,epoch_56_original,19,A1_drop_cam_front,2,R4_ema_K3,['CAM_FRONT'],ema,"[1, 2, 3]",,False,False,False
0.24389479829695132,0.094445526558403,0.46830570559384116,0.06254339520818182,1.7117091947600422,0.6794871794871795,0.38926976212735015,0.45722108145106094,0.5511254019292604,0.4641051567239636,55141,0.13109207177003787,0.0,0.5427789185489391,0.3205128205128205,0.38926976212735015,0.45722108145106094,0.04436105877350957,0.023115757052056457,0.0005084026285567533,0.06748620656277224,0.10821382007822677,0.015552244365803686,0.0005084026285567533,0.45722108145106094,0.6794871794871795,0.5511254019292604,0.46830570559384116,0.0,0.06254339520818182,0.10821382007822677,0.13109207177003787,0.04436105877350957,1,2,0.04496143995360895,1.0,16549.28086090088,epoch_56_original,19,A1_drop_cam_front,4,R4_ema_K3,['CAM_FRONT'],ema,"[1, 2, 3]",,False,False,False
0.2370171081677704,0.10365141476197348,0.45460029208203695,0.06734899803123079,1.8464981903612927,0.6923076923076923,0.41865944753597034,0.40563312469908525,0.6142241379310345,0.4472198232910383,58161,0.13051622325227,0.0,0.5943668753009148,0.3076923076923077,0.41865944753597034,0.40563312469908525,0.034108265171434865,0.029634130129573916,0.0034083700628757124,0.093375192690905,0.15769255190805764,0.005619404406629003,0.0034083700628757124,0.40563312469908525,0.6923076923076923,0.6142241379310345,0.45460029208203695,0.0,0.06734899803123079,0.15769255190805764,0.13051622325227,0.034108265171434865,1,2,0.04496143995360895,1.0,16549.28086090088,epoch_56_original,19,A1_drop_cam_front,6,R4_ema_K3,['CAM_FRONT'],ema,"[1, 2, 3]",,False,False,False
0.1579009399216241,0.05743990418317057,0.6930874520359659,0.05446570524791845,1.2506156577515606,0.9724770642201835,0.0,0.6615230460921844,0.5528185693983894,0.7021120965529852,43674,0.10517725216196094,0.0,0.3384769539078156,0.02752293577981646,0.0,0.6615230460921844,0.0,0.0,0.0,0.0,0.0,0.0,0.0,0.6615230460921844,0.9724770642201835,0.5528185693983894,0.0,0.0,0.05446570524791845,0.0,0.10517725216196094,0.0,0,0,0.0,0.0,0.0,epoch_56_original,19,A10_drop_front_triplet,0,R0_degraded_native,[],native,[],,False,False,False
0.1409256060515814,0.053214992378560394,0.7120866417206656,0.056470700625402506,1.3309299990873413,0.9891304347826086,0.16860217344981887,0.7821482602118003,0.6332599118942731,0.7166961841893414,43749,0.10614219220589577,0.0,0.21785173978819972,0.010869565217391353,0.16860217344981887,0.7821482602118003,0.0,0.0,0.0,0.0,0.0,0.0,0.0,0.7821482602118003,0.9891304347826086,0.6332599118942731,0.0,0.0,0.056470700625402506,0.0,0.10614219220589577,0.0,0,0,0.0,0.0,0.0,epoch_56_original,19,A10_drop_front_triplet,2,R0_degraded_native,[],native,[],,False,False,False
0.13432698922265535,0.045515819744625485,0.7272303967219221,0.05462613485667653,1.3034084559508288,1.0,0.16687441570582737,0.7672826830937713,0.6726688102893891,0.7299977168205095,41988,0.10129136400322841,0.0,0.23271731690622866,0.0,0.16687441570582737,0.7672826830937713,0.0,0.0,0.0,0.0,0.0,0.0,0.0,0.7672826830937713,1.0,0.6726688102893891,0.7272303967219221,0.0,0.05462613485667653,0.0,0.10129136400322841,0.0,0,0,0.0,0.0,0.0,epoch_56_original,19,A10_drop_front_triplet,4,R0_degraded_native,[],native,[],,False,False,False
0.12498469450226521,0.042513522272171846,0.7407454441551845,0.05560869150799833,1.3335449869833005,1.0,0.15455958289467087,0.7874337987481945,0.7140804597701149,0.7419783431874045,42004,0.10222871293415454,0.09316321617717863,0.21256620125180548,0.0,0.15455958289467087,0.7874337987481945,0.0,0.0,0.0,0.0,0.0,0.0,0.0,0.7874337987481945,1.0,0.7140804597701149,0.7407454441551845,0.09316321617717863,0.05560869150799833,0.0,0.10222871293415454,0.0,0,0,0.0,0.0,0.0,epoch_56_original,19,A10_drop_front_triplet,6,R0_degraded_native,[],native,[],,False,False,False
0.20047389354320047,0.08325917546183041,0.5929786381077831,0.05946340802342839,1.4373174503178512,0.6697247706422018,0.0,0.38897795591182366,0.4045476077688299,0.6051019475176008,50194,0.11299467384456789,0.0,0.6110220440881764,0.3302752293577982,0.0,0.38897795591182366,0.04257295362157637,0.025819271278659843,0.004997702775509934,0.14928790584787288,0.1867017925662906,0.007817421682606948,0.004997702775509934,0.38897795591182366,0.6697247706422018,0.4045476077688299,0.0,0.0,0.05946340802342839,0.1867017925662906,0.11299467384456789,0.04257295362157637,3,1,0.04559302318728332,1.0,17942.30509185791,epoch_56_original,19,A10_drop_front_triplet,0,R1_replace_tminus1,"['CAM_FRONT', 'CAM_FRONT_LEFT', 'CAM_FRONT_RIGHT']",replace,[1],,False,False,False
0.2234673883931718,0.09031564337793542,0.5177207873201302,0.06270496056027632,1.640442943628122,0.5108695652173914,0.3091838909013424,0.42338448238599524,0.5368942731277533,0.5165995813878602,53923,0.13787228864348514,0.0,0.5766155176140048,0.48913043478260865,0.3091838909013424,0.42338448238599524,0.0825417823415904,0.037100650999375026,0.006234259934873809,0.23255388694598733,0.3095129445407807,0.03173009643758937,0.006234259934873809,0.42338448238599524,0.5108695652173914,0.5368942731277533,0.0,0.0,0.06270496056027632,0.3095129445407807,0.13787228864348514,0.0825417823415904,3,1,0.04559302318728332,1.0,17942.30509185791,epoch_56_original,19,A10_drop_front_triplet,2,R1_replace_tminus1,"['CAM_FRONT', 'CAM_FRONT_LEFT', 'CAM_FRONT_RIGHT']",replace,[1],,False,False,False
0.22086245437310772,0.088614737097052,0.5153970323461848,0.06329201396544179,1.6787421617930092,0.46153846153846156,0.3278799210553651,0.45242984257357977,0.5318327974276528,0.5145634234645617,54079,0.1326131495623021,0.0,0.5475701574264202,0.5384615384615384,0.3278799210553651,0.45242984257357977,0.08653546515045238,0.04309891735242652,0.008665879108765262,0.2879632275888349,0.3753337058421804,0.031321785559073695,0.008665879108765262,0.45242984257357977,0.46153846153846156,0.5318327974276528,0.5153970323461848,0.0,0.06329201396544179,0.3753337058421804,0.1326131495623021,0.08653546515045238,3,1,0.04559302318728332,1.0,17942.30509185791,epoch_56_original,19,A10_drop_front_triplet,4,R1_replace_tminus1,"['CAM_FRONT', 'CAM_FRONT_LEFT', 'CAM_FRONT_RIGHT']",replace,[1],,False,False,False
0.2216152349179872,0.08991604718374348,0.4938408787859547,0.06646157284610404,1.7901136580100323,0.5128205128205128,0.37524439765378254,0.40298507462686567,0.5682471264367817,0.4904005846010762,56385,0.13673884056130547,0.4949446316803081,0.5970149253731343,0.4871794871794872,0.37524439765378254,0.40298507462686567,0.096630540415722,0.04740252491157163,0.010852881338105712,0.342372155032854,0.4565686710267318,0.03451012762715093,0.010852881338105712,0.40298507462686567,0.5128205128205128,0.5682471264367817,0.4938408787859547,0.4949446316803081,0.06646157284610404,0.4565686710267318,0.13673884056130547,0.096630540415722,3,1,0.04559302318728332,1.0,17942.30509185791,epoch_56_original,19,A10_drop_front_triplet,6,R1_replace_tminus1,"['CAM_FRONT', 'CAM_FRONT_LEFT', 'CAM_FRONT_RIGHT']",replace,[1],,False,False,False
0.2116572916955305,0.08009937810706678,0.5625393734608556,0.06157222705171895,1.504295286638795,0.8532110091743119,0.0,0.3314629258517034,0.4888678351492184,0.5672792660997836,52533,0.12651050913464293,0.0,0.6685370741482966,0.14678899082568808,0.0,0.3314629258517034,0.05375635177390639,0.022659473923896216,0.007106521803800496,0.20284379722489354,0.2536796288872345,0.021333256972681985,0.007106521803800496,0.3314629258517034,0.8532110091743119,0.4888678351492184,0.0,0.0,0.06157222705171895,0.2536796288872345,0.12651050913464293,0.05375635177390639,3,2,0.04623468039613782,1.0,18165.20790354411,epoch_56_original,19,A10_drop_front_triplet,0,R2_replace_tminus2,"['CAM_FRONT', 'CAM_FRONT_LEFT', 'CAM_FRONT_RIGHT']",replace,[2],,False,False,False
0.21196082572197877,0.0869543741844971,0.5114538651090627,0.07064890657504419,1.7934349426546197,0.6195652173913043,0.31355209887065844,0.47006699805489516,0.5110132158590308,0.5114796329093544,58952,0.1508320404003529,0.0,0.5299330019451048,0.3804347826086957,0.31355209887065844,0.47006699805489516,0.07103521967039739,0.033739381805936705,0.014178205949641684,0.34750508583053324,0.46250494356727834,0.04468984819445712,0.014178205949641684,0.47006699805489516,0.6195652173913043,0.5110132158590308,0.0,0.0,0.07064890657504419,0.46250494356727834,0.1508320404003529,0.07103521967039739,3,2,0.04623468039613782,1.0,18165.20790354411,epoch_56_original,19,A10_drop_front_triplet,2,R2_replace_tminus2,"['CAM_FRONT', 'CAM_FRONT_LEFT', 'CAM_FRONT_RIGHT']",replace,[2],,False,False,False
0.2192712935001912,0.09487767042228419,0.4838269075557211,0.0717670364240045,1.87021170919476,0.5512820512820513,0.35441986080814375,0.4072553045859001,0.44308681672025724,0.48589321243354316,60247,0.14658223132799403,0.0,0.5927446954140999,0.4487179487179487,0.35441986080814375,0.4072553045859001,0.08494430427753585,0.049361850677658706,0.017140901567327976,0.4348623416214156,0.5668032532439313,0.045290867324765616,0.017140901567327976,0.4072553045859001,0.5512820512820513,0.44308681672025724,0.4838269075557211,0.0,0.0717670364240045,0.5668032532439313,0.14658223132799403,0.08494430427753585,3,2,0.04623468039613782,1.0,18165.20790354411,epoch_56_original,19,A10_drop_front_triplet,4,R2_replace_tminus2,"['CAM_FRONT', 'CAM_FRONT_LEFT', 'CAM_FRONT_RIGHT']",replace,[2],,False,False,False
0.2137714936813756,0.09731861903299274,0.47583973585624484,0.07515833966034623,1.9761254682837006,0.44871794871794873,0.38923146337795156,0.34545016851227733,0.46551724137931033,0.4763170132199562,62244,0.14562829385992762,0.5394800192585459,0.6545498314877227,0.5512820512820513,0.38923146337795156,0.34545016851227733,0.08878679917911039,0.0548050967608209,0.019549648152347894,0.48185887058375393,0.6425804813004001,0.043399580925773076,0.019549648152347894,0.34545016851227733,0.44871794871794873,0.46551724137931033,0.47583973585624484,0.5394800192585459,0.07515833966034623,0.6425804813004001,0.14562829385992762,0.08878679917911039,3,2,0.04623468039613782,1.0,18165.20790354411,epoch_56_original,19,A10_drop_front_triplet,6,R2_replace_tminus2,"['CAM_FRONT', 'CAM_FRONT_LEFT', 'CAM_FRONT_RIGHT']",replace,[2],,False,False,False
0.20852113274938344,0.084340475944529,0.5787182864669835,0.05888827556116732,1.4416127369566463,0.8532110091743119,0.0,0.3675350701402806,0.4306016106110848,0.5882478437109506,50344,0.11542866960655174,0.0,0.6324649298597194,0.14678899082568808,0.0,0.3675350701402806,0.05062019282775934,0.026900571761358426,0.004422570313248865,0.15272244355909695,0.19099707920508568,0.010251417444590794,0.004422570313248865,0.3675350701402806,0.8532110091743119,0.4306016106110848,0.0,0.0,0.05888827556116732,0.19099707920508568,0.11542866960655174,0.05062019282775934,3,1,0.04231861854592959,1.0,15965.827573140463,epoch_56_original,19,A10_drop_front_triplet,0,R3_ema_K2,"['CAM_FRONT', 'CAM_FRONT_LEFT', 'CAM_FRONT_RIGHT']",ema,"[1, 2]",,False,False,False
0.21637100932261255,0.0859247231202312,0.527638343828907,0.0640555796214643,1.6554713881536918,0.6739130434782609,0.29282974643085447,0.45169656364815214,0.5181718061674009,0.5281919175656093,54417,0.136564144686806,0.0,0.5483034363518479,0.32608695652173914,0.29282974643085447,0.45169656364815214,0.07544540327103116,0.0327097307416708,0.007584878996061792,0.24384557361311116,0.32454138906635044,0.03042195248091023,0.007584878996061792,0.45169656364815214,0.6739130434782609,0.5181718061674009,0.0,0.0,0.0640555796214643,0.32454138906635044,0.136564144686806,0.07544540327103116,3,1,0.04231861854592959,1.0,15965.827573140463,epoch_56_original,19,A10_drop_front_triplet,2,R3_ema_K2,"['CAM_FRONT', 'CAM_FRONT_LEFT', 'CAM_FRONT_RIGHT']",ema,"[1, 2]",,False,False,False
0.2188076729489402,0.08728110795040923,0.5141863785931583,0.06467736999536021,1.7060905196498417,0.6666666666666666,0.3201412693466293,0.44170659365731235,0.5022508038585209,0.5147917414136143,54960,0.13326504004470105,0.0,0.5582934063426876,0.33333333333333337,0.3201412693466293,0.44170659365731235,0.08448068372628487,0.04176528820578375,0.010051235138683681,0.3089454129751358,0.40268206369901294,0.03197367604147264,0.010051235138683681,0.44170659365731235,0.6666666666666666,0.5022508038585209,0.5141863785931583,0.0,0.06467736999536021,0.40268206369901294,0.13326504004470105,0.08448068372628487,3,1,0.04231861854592959,1.0,15965.827573140463,epoch_56_original,19,A10_drop_front_triplet,4,R3_ema_K2,"['CAM_FRONT', 'CAM_FRONT_LEFT', 'CAM_FRONT_RIGHT']",ema,"[1, 2]",,False,False,False
0.22161678706570348,0.09258327227091703,0.48866594704425675,0.0676694571258599,1.8186234046606133,0.7307692307692307,0.372587356494711,0.3644679826673086,0.5265804597701149,0.4869129077260347,57283,0.13499269794907612,0.5175734232065479,0.6355320173326914,0.2692307692307693,0.372587356494711,0.3644679826673086,0.09663209256343827,0.05006974999874519,0.012060765617861562,0.36375107132654033,0.48507841767731286,0.03276398501492157,0.012060765617861562,0.3644679826673086,0.7307692307692307,0.5265804597701149,0.48866594704425675,0.5175734232065479,0.0676694571258599,0.48507841767731286,0.13499269794907612,0.09663209256343827,3,1,0.04231861854592959,1.0,15965.827573140463,epoch_56_original,19,A10_drop_front_triplet,6,R3_ema_K2,"['CAM_FRONT', 'CAM_FRONT_LEFT', 'CAM_FRONT_RIGHT']",ema,"[1, 2]",,False,False,False
0.21349222093122114,0.0867026947219912,0.5685527747551686,0.05892132915095244,1.4523509535536339,0.8532110091743119,0.0,0.32585170340681363,0.4069161534817622,0.5789521806711164,50719,0.11711814901781112,0.0,0.6741482965931864,0.14678899082568808,0.0,0.32585170340681363,0.05559128100959704,0.02926279053882063,0.004455623903033987,0.16130878783715713,0.20173529580207328,0.011940896855850175,0.004455623903033987,0.32585170340681363,0.8532110091743119,0.4069161534817622,0.0,0.0,0.05892132915095244,0.20173529580207328,0.11711814901781112,0.05559128100959704,3,2,0.04120239491264026,1.0,15316.112993876139,epoch_56_original,19,A10_drop_front_triplet,0,R4_ema_K3,"['CAM_FRONT', 'CAM_FRONT_LEFT', 'CAM_FRONT_RIGHT']",ema,"[1, 2, 3]",,False,False,False
0.21476510067114093,0.08950916643852332,0.5288247999756625,0.06464029884917373,1.6650847251376593,0.6739130434782609,0.2973577668868528,0.43527123406094664,0.4840308370044053,0.5314442118821446,54733,0.13552979830245504,0.0,0.5647287659390534,0.32608695652173914,0.2973577668868528,0.43527123406094664,0.07383949461955955,0.03629417405996292,0.008169598223771224,0.2510685958536195,0.33415472605031793,0.02938760609655927,0.008169598223771224,0.43527123406094664,0.6739130434782609,0.4840308370044053,0.0,0.0,0.06464029884917373,0.33415472605031793,0.13552979830245504,0.07383949461955955,3,2,0.04120239491264026,1.0,15316.112993876139,epoch_56_original,19,A10_drop_front_triplet,2,R4_ema_K3,"['CAM_FRONT', 'CAM_FRONT_LEFT', 'CAM_FRONT_RIGHT']",ema,"[1, 2, 3]",,False,False,False
0.21848016214565344,0.08962839964621454,0.5114546470478674,0.06551648112987137,1.72465387719625,0.6923076923076923,0.32902254077074894,0.4426192105863564,0.4778135048231511,0.5131608989203823,55558,0.1330787856211585,0.0,0.5573807894136436,0.3076923076923077,0.32902254077074894,0.4426192105863564,0.08415317292299809,0.04411257990158905,0.010890346273194837,0.3231875774030675,0.4212454212454213,0.03178742161793008,0.010890346273194837,0.4426192105863564,0.6923076923076923,0.4778135048231511,0.5114546470478674,0.0,0.06551648112987137,0.4212454212454213,0.1330787856211585,0.08415317292299809,3,2,0.04120239491264026,1.0,15316.112993876139,epoch_56_original,19,A10_drop_front_triplet,4,R4_ema_K3,"['CAM_FRONT', 'CAM_FRONT_LEFT', 'CAM_FRONT_RIGHT']",ema,"[1, 2, 3]",,False,False,False
0.22025112156691104,0.09368213902930853,0.488761191186742,0.06838761417382358,1.8324020572734776,0.7435897435897436,0.37654785180728934,0.38493018777082333,0.521551724137931,0.4872450674284196,57717,0.13842148707854468,0.49807414540202216,0.6150698122291767,0.2564102564102564,0.37654785180728934,0.38493018777082333,0.09526642706464583,0.05116861675713668,0.012778922665825247,0.374083420626607,0.4988570702901771,0.036192774144390136,0.012778922665825247,0.38493018777082333,0.7435897435897436,0.521551724137931,0.488761191186742,0.49807414540202216,0.06838761417382358,0.4988570702901771,0.13842148707854468,0.09526642706464583,3,2,0.04120239491264026,1.0,15316.112993876139,epoch_56_original,19,A10_drop_front_triplet,6,R4_ema_K3,"['CAM_FRONT', 'CAM_FRONT_LEFT', 'CAM_FRONT_RIGHT']",ema,"[1, 2, 3]",,False,False,False
0.20047389354320047,0.08325917546183041,0.5929786381077831,0.05946340802342839,1.4373174503178512,0.6697247706422018,0.0,0.38897795591182366,0.4045476077688299,0.6051019475176008,50194,0.11299467384456789,0.0,0.6110220440881764,0.3302752293577982,0.0,0.38897795591182366,0.04257295362157637,0.025819271278659843,0.004997702775509934,0.14928790584787288,0.1867017925662906,0.007817421682606948,0.004997702775509934,0.38897795591182366,0.6697247706422018,0.4045476077688299,0.0,0.0,0.05946340802342839,0.1867017925662906,0.11299467384456789,0.04257295362157637,3,1,0.04559302318728332,1.0,17942.30509185791,epoch_56_original,19,A10_drop_front_triplet,0,R8_camera_group_repair_front_triplet,"['CAM_FRONT', 'CAM_FRONT_LEFT', 'CAM_FRONT_RIGHT']",replace,[1],,False,False,False
0.2234673883931718,0.09031564337793542,0.5177207873201302,0.06270496056027632,1.640442943628122,0.5108695652173914,0.3091838909013424,0.42338448238599524,0.5368942731277533,0.5165995813878602,53923,0.13787228864348514,0.0,0.5766155176140048,0.48913043478260865,0.3091838909013424,0.42338448238599524,0.0825417823415904,0.037100650999375026,0.006234259934873809,0.23255388694598733,0.3095129445407807,0.03173009643758937,0.006234259934873809,0.42338448238599524,0.5108695652173914,0.5368942731277533,0.0,0.0,0.06270496056027632,0.3095129445407807,0.13787228864348514,0.0825417823415904,3,1,0.04559302318728332,1.0,17942.30509185791,epoch_56_original,19,A10_drop_front_triplet,2,R8_camera_group_repair_front_triplet,"['CAM_FRONT', 'CAM_FRONT_LEFT', 'CAM_FRONT_RIGHT']",replace,[1],,False,False,False
0.22086245437310772,0.088614737097052,0.5153970323461848,0.06329201396544179,1.6787421617930092,0.46153846153846156,0.3278799210553651,0.45242984257357977,0.5318327974276528,0.5145634234645617,54079,0.1326131495623021,0.0,0.5475701574264202,0.5384615384615384,0.3278799210553651,0.45242984257357977,0.08653546515045238,0.04309891735242652,0.008665879108765262,0.2879632275888349,0.3753337058421804,0.031321785559073695,0.008665879108765262,0.45242984257357977,0.46153846153846156,0.5318327974276528,0.5153970323461848,0.0,0.06329201396544179,0.3753337058421804,0.1326131495623021,0.08653546515045238,3,1,0.04559302318728332,1.0,17942.30509185791,epoch_56_original,19,A10_drop_front_triplet,4,R8_camera_group_repair_front_triplet,"['CAM_FRONT', 'CAM_FRONT_LEFT', 'CAM_FRONT_RIGHT']",replace,[1],,False,False,False
0.2216152349179872,0.08991604718374348,0.4938408787859547,0.06646157284610404,1.7901136580100323,0.5128205128205128,0.37524439765378254,0.40298507462686567,0.5682471264367817,0.4904005846010762,56385,0.13673884056130547,0.4949446316803081,0.5970149253731343,0.4871794871794872,0.37524439765378254,0.40298507462686567,0.096630540415722,0.04740252491157163,0.010852881338105712,0.342372155032854,0.4565686710267318,0.03451012762715093,0.010852881338105712,0.40298507462686567,0.5128205128205128,0.5682471264367817,0.4938408787859547,0.4949446316803081,0.06646157284610404,0.4565686710267318,0.13673884056130547,0.096630540415722,3,1,0.04559302318728332,1.0,17942.30509185791,epoch_56_original,19,A10_drop_front_triplet,6,R8_camera_group_repair_front_triplet,"['CAM_FRONT', 'CAM_FRONT_LEFT', 'CAM_FRONT_RIGHT']",replace,[1],,False,False,False
0.12565583099686312,0.05946058521622669,0.7407651337265907,0.061354073359137166,1.3222896741309202,0.9174311926605505,0.0,0.4006012024048096,0.585978209379441,0.7507238426137576,46177,0.0846457820285207,0.0,0.5993987975951904,0.08256880733944949,0.0,0.4006012024048096,0.0,0.0,0.0,0.0,0.0,0.0,0.0,0.4006012024048096,0.9174311926605505,0.585978209379441,0.0,0.0,0.061354073359137166,0.0,0.0846457820285207,0.0,0,0,0.0,0.0,0.0,epoch_56_original,19,C4_motion_blur_9,0,R0_degraded_native,[],native,[],,False,False,False
0.1431258574115717,0.06243114856177241,0.6921298408931885,0.06231953999891292,1.4589151531745308,0.9239130434782609,0.25085233326230555,0.5336070888264535,0.5280837004405287,0.7017227499597488,47956,0.1136564144686806,0.0,0.46639291117354653,0.07608695652173914,0.25085233326230555,0.5336070888264535,0.0,0.0,0.0,0.0,0.0,0.0,0.0,0.5336070888264535,0.9239130434782609,0.5280837004405287,0.0,0.0,0.06231953999891292,0.0,0.1136564144686806,0.0,0,0,0.0,0.0,0.0,epoch_56_original,19,C4_motion_blur_9,2,R0_degraded_native,[],native,[],,False,False,False
0.15052585139539187,0.060590309868303646,0.671664493698392,0.06260920784618271,1.5095921028124417,0.9487179487179487,0.25454451023164015,0.5017111567419575,0.4482315112540193,0.6829968361655632,48630,0.1187682374123052,0.0,0.49828884325804246,0.05128205128205132,0.25454451023164015,0.5017111567419575,0.0,0.0,0.0,0.0,0.0,0.0,0.0,0.5017111567419575,0.9487179487179487,0.4482315112540193,0.671664493698392,0.0,0.06260920784618271,0.0,0.1187682374123052,0.0,0,0,0.0,0.0,0.0,epoch_56_original,19,C4_motion_blur_9,4,R0_degraded_native,[],native,[],,False,False,False
0.16596668666609526,0.07144730732239717,0.6311511842021715,0.06327670245948247,1.5912756365483522,0.9358974358974359,0.30059658093948965,0.4995185363505055,0.40876436781609193,0.6414336012754932,50122,0.12299193599593625,0.0,0.5004814636494945,0.0641025641025641,0.30059658093948965,0.4995185363505055,0.0,0.0,0.0,0.0,0.0,0.0,0.0,0.4995185363505055,0.9358974358974359,0.40876436781609193,0.6311511842021715,0.0,0.06327670245948247,0.0,0.12299193599593625,0.0,0,0,0.0,0.0,0.0,epoch_56_original,19,C4_motion_blur_9,6,R0_degraded_native,[],native,[],,False,False,False
0.17426238337142108,0.07594448144535014,0.6571788557356394,0.05582586046757608,1.3100910600767424,0.8715596330275229,0.0,0.3076152304609218,0.5821885362387494,0.6620035963548809,45751,0.11989576771089858,0.0,0.6923847695390781,0.12844036697247707,0.0,0.3076152304609218,0.048606552374557965,0.016483896229123447,-0.0055282128915610865,-0.009225371938410897,-0.012198614054177881,0.035249985682377874,-0.0055282128915610865,0.3076152304609218,0.8715596330275229,0.5821885362387494,0.0,0.0,0.05582586046757608,-0.012198614054177881,0.11989576771089858,0.048606552374557965,6,1,0.040016176348382775,1.0,1607.0305430094402,epoch_56_original,19,C4_motion_blur_9,0,R5_blend_alpha03,"['CAM_FRONT', 'CAM_FRONT_RIGHT', 'CAM_FRONT_LEFT', 'CAM_BACK', 'CAM_BACK_LEFT', 'CAM_BACK_RIGHT']",blend,"[1, 2]",0.3,False,False,False
0.18137633769322237,0.07569483320468197,0.6287609138754525,0.05667494058099679,1.4180280490401873,0.7717391304347826,0.27823353931387174,0.4890858007348174,0.5368942731277533,0.6341329898567059,46612,0.1386632594079888,0.0,0.5109141992651827,0.2282608695652174,0.27823353931387174,0.4890858007348174,0.03825048028165068,0.013263684642909557,-0.0056445994179161255,-0.028025690216031362,-0.04088710413434349,0.025006844939308187,-0.0056445994179161255,0.4890858007348174,0.7717391304347826,0.5368942731277533,0.0,0.0,0.05667494058099679,-0.04088710413434349,0.1386632594079888,0.03825048028165068,6,1,0.040016176348382775,1.0,1607.0305430094402,epoch_56_original,19,C4_motion_blur_9,2,R5_blend_alpha03,"['CAM_FRONT', 'CAM_FRONT_RIGHT', 'CAM_FRONT_LEFT', 'CAM_BACK', 'CAM_BACK_LEFT', 'CAM_BACK_RIGHT']",blend,"[1, 2]",0.3,False,False,False
0.18579341026827703,0.0718266583079782,0.6136772831688085,0.05720599026631084,1.465636058856398,0.7051282051282052,0.2822790069595928,0.5092402464065708,0.4591639871382637,0.6215140741707166,47214,0.13550009312721178,0.0,0.49075975359342916,0.2948717948717948,0.2822790069595928,0.5092402464065708,0.03526755887288516,0.011236348439674554,-0.005403217579871868,-0.029117828500925355,-0.0439560439560438,0.016731855714906582,-0.005403217579871868,0.5092402464065708,0.7051282051282052,0.4591639871382637,0.6136772831688085,0.0,0.05720599026631084,-0.0439560439560438,0.13550009312721178,0.03526755887288516,6,1,0.040016176348382775,1.0,1607.0305430094402,epoch_56_original,19,C4_motion_blur_9,4,R5_blend_alpha03,"['CAM_FRONT', 'CAM_FRONT_RIGHT', 'CAM_FRONT_LEFT', 'CAM_BACK', 'CAM_BACK_LEFT', 'CAM_BACK_RIGHT']",blend,"[1, 2]",0.3,False,False,False
0.1990145704943722,0.08410643543587888,0.5806717886849959,0.05730301625960145,1.5263508794209155,0.7948717948717948,0.3372436957938537,0.47761194029850745,0.41163793103448276,0.5884873447153391,48077,0.142167756682964,0.0,0.5223880597014925,0.20512820512820518,0.3372436957938537,0.47761194029850745,0.03304788382827695,0.012659128113481716,-0.00597368619988102,-0.04080044690954072,-0.06492475712743673,0.01917582068702775,-0.00597368619988102,0.47761194029850745,0.7948717948717948,0.41163793103448276,0.5806717886849959,0.0,0.05730301625960145,-0.06492475712743673,0.142167756682964,0.03304788382827695,6,1,0.040016176348382775,1.0,1607.0305430094402,epoch_56_original,19,C4_motion_blur_9,6,R5_blend_alpha03,"['CAM_FRONT', 'CAM_FRONT_RIGHT', 'CAM_FRONT_LEFT', 'CAM_BACK', 'CAM_BACK_LEFT', 'CAM_BACK_RIGHT']",blend,"[1, 2]",0.3,False,False,False
0.15354092115895188,0.06658269230637573,0.6952923658438807,0.05682242619959741,1.2892446022564572,0.8623853211009175,0.0,0.343687374749499,0.5963998105163429,0.7016549327969278,45023,0.10629402668804765,0.0,0.6563126252505009,0.13761467889908252,0.0,0.343687374749499,0.02788509016208876,0.007122107090149037,-0.004531647159539756,-0.02499079628386426,-0.03304507187446304,0.021648244659526944,-0.004531647159539756,0.343687374749499,0.8623853211009175,0.5963998105163429,0.0,0.0,0.05682242619959741,-0.03304507187446304,0.10629402668804765,0.02788509016208876,6,1,0.040016176348382775,1.0,1996.2819163004558,epoch_56_original,19,C4_motion_blur_9,0,R6_blend_alpha05,"['CAM_FRONT', 'CAM_FRONT_RIGHT', 'CAM_FRONT_LEFT', 'CAM_BACK', 'CAM_BACK_LEFT', 'CAM_BACK_RIGHT']",blend,"[1, 2]",0.5,False,False,False
0.1625697503671072,0.06920566851071978,0.6631985640838429,0.058025559642184775,1.4085363998661433,0.9021739130434783,0.26480929043255913,0.512210935811541,0.5346916299559471,0.6707132506842698,46300,0.132152961577074,0.0,0.487789064188459,0.09782608695652173,0.26480929043255913,0.512210935811541,0.019443892955535502,0.006774519948947372,-0.004293980356728143,-0.0345316540161815,-0.05037875330838748,0.018496547108393407,-0.004293980356728143,0.512210935811541,0.9021739130434783,0.5346916299559471,0.0,0.0,0.058025559642184775,-0.05037875330838748,0.132152961577074,0.019443892955535502,6,1,0.040016176348382775,1.0,1996.2819163004558,epoch_56_original,19,C4_motion_blur_9,2,R6_blend_alpha05,"['CAM_FRONT', 'CAM_FRONT_RIGHT', 'CAM_FRONT_LEFT', 'CAM_BACK', 'CAM_BACK_LEFT', 'CAM_BACK_RIGHT']",blend,"[1, 2]",0.5,False,False,False
0.170326053566988,0.06897735783147126,0.6385422487117403,0.05947652627734104,1.4836096107282548,0.8333333333333334,0.2728783629375714,0.513118868355008,0.42186495176848876,0.6495319482044424,47793,0.13376171850748123,0.0,0.486881131644992,0.16666666666666663,0.2728783629375714,0.513118868355008,0.019800202171596115,0.00838704796316761,-0.0031326815688416665,-0.017211597779148675,-0.025982492084186903,0.014993481095176023,-0.0031326815688416665,0.513118868355008,0.8333333333333334,0.42186495176848876,0.6385422487117403,0.0,0.05947652627734104,-0.025982492084186903,0.13376171850748123,0.019800202171596115,6,1,0.040016176348382775,1.0,1996.2819163004558,epoch_56_original,19,C4_motion_blur_9,4,R6_blend_alpha05,"['CAM_FRONT', 'CAM_FRONT_RIGHT', 'CAM_FRONT_LEFT', 'CAM_BACK', 'CAM_BACK_LEFT', 'CAM_BACK_RIGHT']",blend,"[1, 2]",0.5,False,False,False
0.1843171936030658,0.0787257539366255,0.6029906660740364,0.05973193185889282,1.5509556162296019,0.8846153846153846,0.3222539730285256,0.5050553683196919,0.3915229885057471,0.6127682189596758,48852,0.14346942663026224,0.0,0.4949446316803081,0.11538461538461542,0.3222539730285256,0.5050553683196919,0.018350506936970545,0.007278446614228329,-0.00354477060058965,-0.025338174853357806,-0.04032002031875037,0.020477490634325995,-0.00354477060058965,0.5050553683196919,0.8846153846153846,0.3915229885057471,0.6029906660740364,0.0,0.05973193185889282,-0.04032002031875037,0.14346942663026224,0.018350506936970545,6,1,0.040016176348382775,1.0,1996.2819163004558,epoch_56_original,19,C4_motion_blur_9,6,R6_blend_alpha05,"['CAM_FRONT', 'CAM_FRONT_RIGHT', 'CAM_FRONT_LEFT', 'CAM_BACK', 'CAM_BACK_LEFT', 'CAM_BACK_RIGHT']",blend,"[1, 2]",0.5,False,False,False
0.1411413525576942,0.06330535762885021,0.7129603115514576,0.05966007688264984,1.3207433709409542,0.8899082568807339,0.0,0.36352705410821645,0.5731880625296069,0.7219530035658773,46123,0.10251417444590802,0.0,0.6364729458917835,0.11009174311926606,0.0,0.36352705410821645,0.015485521560831078,0.003844772412623522,-0.001693996476487325,-0.0011694133443056066,-0.0015463031899660695,0.017868392417387316,-0.001693996476487325,0.36352705410821645,0.8899082568807339,0.5731880625296069,0.0,0.0,0.05966007688264984,-0.0015463031899660695,0.10251417444590802,0.015485521560831078,6,1,0.040016176348382775,1.0,1815.0850575764973,epoch_56_original,19,C4_motion_blur_9,0,R7_blend_alpha07,"['CAM_FRONT', 'CAM_FRONT_RIGHT', 'CAM_FRONT_LEFT', 'CAM_BACK', 'CAM_BACK_LEFT', 'CAM_BACK_RIGHT']",blend,"[1, 2]",0.7,False,False,False
0.14955455150630992,0.0682248619560599,0.678774603754069,0.062148241971640296,1.4691065072556357,0.9347826086956522,0.26369060302578307,0.5318781067646423,0.5110132158590308,0.6885847689582998,48291,0.12469958321925101,0.0,0.4681218932353577,0.06521739130434778,0.26369060302578307,0.5318781067646423,0.00642869409473823,0.0057937133942874836,-0.00017129802727262194,0.006985570105930436,0.010191354081104942,0.011043168750570403,-0.00017129802727262194,0.5318781067646423,0.9347826086956522,0.5110132158590308,0.0,0.0,0.062148241971640296,0.010191354081104942,0.12469958321925101,0.00642869409473823,6,1,0.040016176348382775,1.0,1815.0850575764973,epoch_56_original,19,C4_motion_blur_9,2,R7_blend_alpha07,"['CAM_FRONT', 'CAM_FRONT_RIGHT', 'CAM_FRONT_LEFT', 'CAM_BACK', 'CAM_BACK_LEFT', 'CAM_BACK_RIGHT']",blend,"[1, 2]",0.7,False,False,False
0.16056125140811933,0.06899874469041466,0.650462531818464,0.06238215424507968,1.526510212950891,0.8589743589743589,0.27147605692323673,0.47935204198037873,0.4160771704180064,0.662350370201246,49175,0.12767740733842428,0.0,0.5206479580196213,0.14102564102564108,0.27147605692323673,0.47935204198037873,0.010035400012727458,0.00840843482211101,-0.00022705360110302636,0.011207073822743163,0.01691811013844924,0.008909169926119079,-0.00022705360110302636,0.47935204198037873,0.8589743589743589,0.4160771704180064,0.650462531818464,0.0,0.06238215424507968,0.01691811013844924,0.12767740733842428,0.010035400012727458,6,1,0.040016176348382775,1.0,1815.0850575764973,epoch_56_original,19,C4_motion_blur_9,4,R7_blend_alpha07,"['CAM_FRONT', 'CAM_FRONT_RIGHT', 'CAM_FRONT_LEFT', 'CAM_BACK', 'CAM_BACK_LEFT', 'CAM_BACK_RIGHT']",blend,"[1, 2]",0.7,False,False,False
0.17559825226424375,0.07911993572029725,0.6146739475522255,0.061823954563830524,1.5796875992126485,0.9487179487179487,0.314232716699253,0.48796340876263844,0.3886494252873563,0.6251245598883943,49757,0.1356594069464728,0.0,0.5120365912373616,0.05128205128205132,0.314232716699253,0.48796340876263844,0.009631565598148484,0.007672628397900089,-0.0014527478956519457,-0.007282231355492598,-0.011588037335703794,0.012667470950536552,-0.0014527478956519457,0.48796340876263844,0.9487179487179487,0.3886494252873563,0.6146739475522255,0.0,0.061823954563830524,-0.011588037335703794,0.1356594069464728,0.009631565598148484,6,1,0.040016176348382775,1.0,1815.0850575764973,epoch_56_original,19,C4_motion_blur_9,6,R7_blend_alpha07,"['CAM_FRONT', 'CAM_FRONT_RIGHT', 'CAM_FRONT_LEFT', 'CAM_BACK', 'CAM_BACK_LEFT', 'CAM_BACK_RIGHT']",blend,"[1, 2]",0.7,False,False,False
0.2042976059882558,0.11820778410773257,0.637363266708665,0.044731423056201015,1.13767825439551,0.4954128440366973,0.0,0.11523046092184369,0.6096636665087636,0.63914540855201,39730,0.07158811064658381,0.0,0.8847695390781563,0.5045871559633027,0.0,0.11523046092184369,0.0,0.0,0.0,0.0,0.0,0.0,0.0,0.11523046092184369,0.4954128440366973,0.6096636665087636,0.0,0.0,0.044731423056201015,0.0,0.07158811064658381,0.0,0,0,0.0,0.0,0.0,epoch_56_original,19,A7_drop_all_rear,0,R0_degraded_native,[],native,[],,False,False,False
0.19387594458438287,0.10585858843535559,0.6253536551975906,0.05048185805652505,1.307048766389827,0.358695652173913,0.3169614319198807,0.2100713205100497,0.5848017621145375,0.6277250040251168,42964,0.08706762800036506,0.0,0.7899286794899503,0.6413043478260869,0.3169614319198807,0.2100713205100497,0.0,0.0,0.0,0.0,0.0,0.0,0.0,0.2100713205100497,0.358695652173913,0.5848017621145375,0.0,0.0,0.05048185805652505,0.0,0.08706762800036506,0.0,0,0,0.0,0.0,0.0,epoch_56_original,19,A7_drop_all_rear,2,R0_degraded_native,[],native,[],,False,False,False
0.18810755234297108,0.103633718707871,0.6251629726205997,0.052613913449799765,1.3675110200533929,0.38461538461538464,0.3090786330113223,0.216062057951175,0.5594855305466238,0.6284940800417496,44053,0.08508722915502577,0.0,0.783937942048825,0.6153846153846154,0.3090786330113223,0.216062057951175,0.0,0.0,0.0,0.0,0.0,0.0,0.0,0.216062057951175,0.38461538461538464,0.5594855305466238,0.6251629726205997,0.0,0.052613913449799765,0.0,0.08508722915502577,0.0,0,0,0.0,0.0,0.0,epoch_56_original,19,A7_drop_all_rear,4,R0_degraded_native,[],native,[],,False,False,False
0.19648120854826823,0.11153210299834088,0.5936884881579783,0.05528001551350694,1.474252333481491,0.47435897435897434,0.33934927558028777,0.16177178623013963,0.5625,0.5951305387630372,46436,0.09086291193091625,0.0,0.8382282137698603,0.5256410256410257,0.33934927558028777,0.16177178623013963,0.0,0.0,0.0,0.0,0.0,0.0,0.0,0.16177178623013963,0.47435897435897434,0.5625,0.5936884881579783,0.0,0.05528001551350694,0.0,0.09086291193091625,0.0,0,0,0.0,0.0,0.0,epoch_56_original,19,A7_drop_all_rear,6,R0_degraded_native,[],native,[],,False,False,False
